relative_time,g_flux,g_uncert,r_flux,r_uncert,redshift,mwebv,id
-30.0,-73.95079803466797,97.58606719970703,0.0,0.0,0.06535848,0.016868832,52_1033838
-27.0,0.0,0.0,0.0,0.0,0.06535848,0.016868832,52_1033838
-24.0,0.0,0.0,0.0,0.0,0.06535848,0.016868832,52_1033838
-21.0,155.644287109375,111.20147705078125,0.0,0.0,0.06535848,0.016868832,52_1033838
-18.0,0.0,0.0,0.0,0.0,0.06535848,0.016868832,52_1033838
-15.0,0.0,0.0,0.0,0.0,0.06535848,0.016868832,52_1033838
-12.0,0.0,0.0,0.0,0.0,0.06535848,0.016868832,52_1033838
-9.0,0.0,0.0,656.4474487304688,127.42961120605469,0.06535848,0.016868832,52_1033838
-6.0,446.1332092285156,47.136207580566406,536.1050415039062,174.77346705085688,0.06535848,0.016868832,52_1033838
-3.0,653.1114501953125,204.35044860839844,480.9794616699219,159.52325099314953,0.06535848,0.016868832,52_1033838
0.0,428.7534637451172,71.10859680175781,185.69622802734375,38.37601089477539,0.06535848,0.016868832,52_1033838
3.0,0.0,0.0,0.0,0.0,0.06535848,0.016868832,52_1033838
6.0,0.0,0.0,0.0,0.0,0.06535848,0.016868832,52_1033838
9.0,0.0,0.0,426.03851318359375,55.15078353881836,0.06535848,0.016868832,52_1033838
12.0,0.0,0.0,0.0,0.0,0.06535848,0.016868832,52_1033838
15.0,0.0,0.0,0.0,0.0,0.06535848,0.016868832,52_1033838
18.0,0.0,0.0,0.0,0.0,0.06535848,0.016868832,52_1033838
21.0,0.0,0.0,0.0,0.0,0.06535848,0.016868832,52_1033838
24.0,0.0,0.0,0.0,0.0,0.06535848,0.016868832,52_1033838
27.0,0.0,0.0,0.0,0.0,0.06535848,0.016868832,52_1033838
30.0,0.0,0.0,0.0,0.0,0.06535848,0.016868832,52_1033838
33.0,0.0,0.0,0.0,0.0,0.06535848,0.016868832,52_1033838
36.0,0.0,0.0,0.0,0.0,0.06535848,0.016868832,52_1033838
39.0,0.0,0.0,0.0,0.0,0.06535848,0.016868832,52_1033838
42.0,0.0,0.0,0.0,0.0,0.06535848,0.016868832,52_1033838
45.0,0.0,0.0,0.0,0.0,0.06535848,0.016868832,52_1033838
48.0,0.0,0.0,0.0,0.0,0.06535848,0.016868832,52_1033838
51.0,0.0,0.0,0.0,0.0,0.06535848,0.016868832,52_1033838
54.0,0.0,0.0,0.0,0.0,0.06535848,0.016868832,52_1033838
57.0,0.0,0.0,0.0,0.0,0.06535848,0.016868832,52_1033838
60.0,0.0,0.0,0.0,0.0,0.06535848,0.016868832,52_1033838
63.0,0.0,0.0,0.0,0.0,0.06535848,0.016868832,52_1033838
66.0,0.0,0.0,0.0,0.0,0.06535848,0.016868832,52_1033838
69.0,0.0,0.0,0.0,0.0,0.06535848,0.016868832,52_1033838
