relative_time,g_flux,g_uncert,r_flux,r_uncert,redshift,mwebv,id
-30.0,57.7216911315918,110.47018432617188,48.02973175048828,147.46972166633887,0.03687274,0.046305954,52_1889193
-27.0,0.0,0.0,0.0,0.0,0.03687274,0.046305954,52_1889193
-24.0,109.4043566385905,157.4168701171875,-46.55217997233073,105.78015247018459,0.03687274,0.046305954,52_1889193
-21.0,0.0,0.0,0.0,0.0,0.03687274,0.046305954,52_1889193
-18.0,132.86570739746094,66.22787475585938,267.2264099121094,140.4451246324667,0.03687274,0.046305954,52_1889193
-15.0,603.7339324951172,153.65268325805664,512.1083984375,163.7305694816516,0.03687274,0.046305954,52_1889193
-12.0,0.0,0.0,0.0,0.0,0.03687274,0.046305954,52_1889193
-9.0,3987.27099609375,227.11361694335938,0.0,0.0,0.03687274,0.046305954,52_1889193
-6.0,0.0,0.0,0.0,0.0,0.03687274,0.046305954,52_1889193
-3.0,0.0,0.0,0.0,0.0,0.03687274,0.046305954,52_1889193
0.0,2865.1015625,241.94003295898438,2724.04833984375,382.3741635739467,0.03687274,0.046305954,52_1889193
3.0,5194.415283203125,255.22916412353516,0.0,0.0,0.03687274,0.046305954,52_1889193
6.0,5253.833984375,261.6436462402344,0.0,0.0,0.03687274,0.046305954,52_1889193
9.0,0.0,0.0,0.0,0.0,0.03687274,0.046305954,52_1889193
12.0,0.0,0.0,0.0,0.0,0.03687274,0.046305954,52_1889193
15.0,0.0,0.0,0.0,0.0,0.03687274,0.046305954,52_1889193
18.0,0.0,0.0,0.0,0.0,0.03687274,0.046305954,52_1889193
21.0,0.0,0.0,0.0,0.0,0.03687274,0.046305954,52_1889193
24.0,0.0,0.0,0.0,0.0,0.03687274,0.046305954,52_1889193
27.0,0.0,0.0,0.0,0.0,0.03687274,0.046305954,52_1889193
30.0,0.0,0.0,0.0,0.0,0.03687274,0.046305954,52_1889193
33.0,0.0,0.0,0.0,0.0,0.03687274,0.046305954,52_1889193
36.0,0.0,0.0,0.0,0.0,0.03687274,0.046305954,52_1889193
39.0,0.0,0.0,0.0,0.0,0.03687274,0.046305954,52_1889193
42.0,0.0,0.0,0.0,0.0,0.03687274,0.046305954,52_1889193
45.0,0.0,0.0,0.0,0.0,0.03687274,0.046305954,52_1889193
48.0,0.0,0.0,0.0,0.0,0.03687274,0.046305954,52_1889193
51.0,0.0,0.0,0.0,0.0,0.03687274,0.046305954,52_1889193
54.0,0.0,0.0,0.0,0.0,0.03687274,0.046305954,52_1889193
57.0,0.0,0.0,0.0,0.0,0.03687274,0.046305954,52_1889193
60.0,0.0,0.0,0.0,0.0,0.03687274,0.046305954,52_1889193
63.0,0.0,0.0,0.0,0.0,0.03687274,0.046305954,52_1889193
66.0,0.0,0.0,0.0,0.0,0.03687274,0.046305954,52_1889193
69.0,0.0,0.0,0.0,0.0,0.03687274,0.046305954,52_1889193
