relative_time,g_flux,g_uncert,r_flux,r_uncert,redshift,mwebv,id
-30.0,0.0,0.0,0.0,0.0,0.02478499,0.013009393,52_1681262
-27.0,16.192500432332356,38.582051595052086,56.79786173502604,96.24155711552588,0.02478499,0.013009393,52_1681262
-24.0,0.0,0.0,0.0,0.0,0.02478499,0.013009393,52_1681262
-21.0,0.0,0.0,84.8291244506836,80.56139373779297,0.02478499,0.013009393,52_1681262
-18.0,0.0,0.0,0.0,0.0,0.02478499,0.013009393,52_1681262
-15.0,0.0,0.0,29.970563888549805,101.8987045288086,0.02478499,0.013009393,52_1681262
-12.0,-39.49794387817383,124.14815521240234,0.0,0.0,0.02478499,0.013009393,52_1681262
-9.0,0.0,0.0,0.0,0.0,0.02478499,0.013009393,52_1681262
-6.0,-25.613082885742188,111.75667572021484,0.0,0.0,0.02478499,0.013009393,52_1681262
-3.0,2466.19384765625,84.709716796875,0.0,0.0,0.02478499,0.013009393,52_1681262
0.0,5416.708984375,116.5760269165039,0.0,0.0,0.02478499,0.013009393,52_1681262
3.0,8521.818359375,97.80021158854167,3259.2659505208335,135.3417883213242,0.02478499,0.013009393,52_1681262
6.0,16418.427734375,156.7076416015625,0.0,0.0,0.02478499,0.013009393,52_1681262
9.0,0.0,0.0,0.0,0.0,0.02478499,0.013009393,52_1681262
12.0,0.0,0.0,0.0,0.0,0.02478499,0.013009393,52_1681262
15.0,26538.1796875,243.98562622070312,0.0,0.0,0.02478499,0.013009393,52_1681262
18.0,0.0,0.0,0.0,0.0,0.02478499,0.013009393,52_1681262
21.0,0.0,0.0,0.0,0.0,0.02478499,0.013009393,52_1681262
24.0,0.0,0.0,0.0,0.0,0.02478499,0.013009393,52_1681262
27.0,0.0,0.0,0.0,0.0,0.02478499,0.013009393,52_1681262
30.0,0.0,0.0,0.0,0.0,0.02478499,0.013009393,52_1681262
33.0,0.0,0.0,0.0,0.0,0.02478499,0.013009393,52_1681262
36.0,0.0,0.0,0.0,0.0,0.02478499,0.013009393,52_1681262
39.0,0.0,0.0,0.0,0.0,0.02478499,0.013009393,52_1681262
42.0,0.0,0.0,0.0,0.0,0.02478499,0.013009393,52_1681262
45.0,0.0,0.0,0.0,0.0,0.02478499,0.013009393,52_1681262
48.0,0.0,0.0,0.0,0.0,0.02478499,0.013009393,52_1681262
51.0,0.0,0.0,0.0,0.0,0.02478499,0.013009393,52_1681262
54.0,0.0,0.0,0.0,0.0,0.02478499,0.013009393,52_1681262
57.0,0.0,0.0,0.0,0.0,0.02478499,0.013009393,52_1681262
60.0,0.0,0.0,0.0,0.0,0.02478499,0.013009393,52_1681262
63.0,0.0,0.0,0.0,0.0,0.02478499,0.013009393,52_1681262
66.0,0.0,0.0,0.0,0.0,0.02478499,0.013009393,52_1681262
69.0,0.0,0.0,0.0,0.0,0.02478499,0.013009393,52_1681262
