relative_time,g_flux,g_uncert,r_flux,r_uncert,redshift,mwebv,id
-30.0,0.0,0.0,0.0,0.0,0.048107173,0.022537969,52_1441752
-27.0,0.0,0.0,0.0,0.0,0.048107173,0.022537969,52_1441752
-24.0,0.0,0.0,0.0,0.0,0.048107173,0.022537969,52_1441752
-21.0,0.0,0.0,0.0,0.0,0.048107173,0.022537969,52_1441752
-18.0,0.0,0.0,0.0,0.0,0.048107173,0.022537969,52_1441752
-15.0,0.0,0.0,0.0,0.0,0.048107173,0.022537969,52_1441752
-12.0,0.0,0.0,0.0,0.0,0.048107173,0.022537969,52_1441752
-9.0,0.0,0.0,0.0,0.0,0.048107173,0.022537969,52_1441752
-6.0,0.0,0.0,0.0,0.0,0.048107173,0.022537969,52_1441752
-3.0,0.0,0.0,3426.011474609375,136.91160583496094,0.048107173,0.022537969,52_1441752
0.0,1037.3922119140625,87.84001159667969,0.0,0.0,0.048107173,0.022537969,52_1441752
3.0,498.57659912109375,68.0121078491211,1309.7623291015625,79.65164177809905,0.048107173,0.022537969,52_1441752
6.0,0.0,0.0,2306.886962890625,165.56556701660156,0.048107173,0.022537969,52_1441752
9.0,0.0,0.0,2402.233642578125,172.9412078857422,0.048107173,0.022537969,52_1441752
12.0,0.0,0.0,0.0,0.0,0.048107173,0.022537969,52_1441752
15.0,259.3877258300781,131.1267852783203,1063.8194580078125,140.85903500752588,0.048107173,0.022537969,52_1441752
18.0,0.0,0.0,0.0,0.0,0.048107173,0.022537969,52_1441752
21.0,0.0,0.0,1558.0931396484375,130.3198699951172,0.048107173,0.022537969,52_1441752
24.0,0.0,0.0,0.0,0.0,0.048107173,0.022537969,52_1441752
27.0,0.0,0.0,0.0,0.0,0.048107173,0.022537969,52_1441752
30.0,0.0,0.0,0.0,0.0,0.048107173,0.022537969,52_1441752
33.0,0.0,0.0,0.0,0.0,0.048107173,0.022537969,52_1441752
36.0,0.0,0.0,962.7006225585938,237.10133361816406,0.048107173,0.022537969,52_1441752
39.0,113.92568969726562,72.63787841796875,541.6846313476562,86.46145577456137,0.048107173,0.022537969,52_1441752
42.0,0.0,0.0,0.0,0.0,0.048107173,0.022537969,52_1441752
45.0,288.00982666015625,112.31513977050781,666.3937377929688,277.4474627023094,0.048107173,0.022537969,52_1441752
48.0,0.0,0.0,0.0,0.0,0.048107173,0.022537969,52_1441752
51.0,0.0,0.0,0.0,0.0,0.048107173,0.022537969,52_1441752
54.0,0.0,0.0,0.0,0.0,0.048107173,0.022537969,52_1441752
57.0,0.0,0.0,0.0,0.0,0.048107173,0.022537969,52_1441752
60.0,0.0,0.0,0.0,0.0,0.048107173,0.022537969,52_1441752
63.0,0.0,0.0,0.0,0.0,0.048107173,0.022537969,52_1441752
66.0,0.0,0.0,0.0,0.0,0.048107173,0.022537969,52_1441752
69.0,0.0,0.0,0.0,0.0,0.048107173,0.022537969,52_1441752
