relative_time,g_flux,g_uncert,r_flux,r_uncert,redshift,mwebv,id
-30.0,0.0,0.0,0.0,0.0,0.069415204,0.02939827,52_1541393
-27.0,0.0,0.0,0.0,0.0,0.069415204,0.02939827,52_1541393
-24.0,0.0,0.0,0.0,0.0,0.069415204,0.02939827,52_1541393
-21.0,0.0,0.0,-72.61869812011719,95.32318115234375,0.069415204,0.02939827,52_1541393
-18.0,0.0,0.0,0.0,0.0,0.069415204,0.02939827,52_1541393
-15.0,0.0,0.0,-262.9430236816406,259.51361083984375,0.069415204,0.02939827,52_1541393
-12.0,0.0,0.0,0.0,0.0,0.069415204,0.02939827,52_1541393
-9.0,0.0,0.0,-30.014450073242188,82.30052185058594,0.069415204,0.02939827,52_1541393
-6.0,0.0,0.0,0.0,0.0,0.069415204,0.02939827,52_1541393
-3.0,1278.0086669921875,129.566162109375,0.0,0.0,0.069415204,0.02939827,52_1541393
0.0,1963.6795654296875,189.15870666503906,0.0,0.0,0.069415204,0.02939827,52_1541393
3.0,0.0,0.0,0.0,0.0,0.069415204,0.02939827,52_1541393
6.0,0.0,0.0,2654.991943359375,101.1888656616211,0.069415204,0.02939827,52_1541393
9.0,4270.4306640625,105.14981842041016,0.0,0.0,0.069415204,0.02939827,52_1541393
12.0,0.0,0.0,0.0,0.0,0.069415204,0.02939827,52_1541393
15.0,0.0,0.0,0.0,0.0,0.069415204,0.02939827,52_1541393
18.0,0.0,0.0,0.0,0.0,0.069415204,0.02939827,52_1541393
21.0,0.0,0.0,4657.51708984375,134.1367645263672,0.069415204,0.02939827,52_1541393
24.0,0.0,0.0,0.0,0.0,0.069415204,0.02939827,52_1541393
27.0,0.0,0.0,0.0,0.0,0.069415204,0.02939827,52_1541393
30.0,0.0,0.0,0.0,0.0,0.069415204,0.02939827,52_1541393
33.0,0.0,0.0,0.0,0.0,0.069415204,0.02939827,52_1541393
36.0,0.0,0.0,0.0,0.0,0.069415204,0.02939827,52_1541393
39.0,0.0,0.0,0.0,0.0,0.069415204,0.02939827,52_1541393
42.0,0.0,0.0,0.0,0.0,0.069415204,0.02939827,52_1541393
45.0,0.0,0.0,0.0,0.0,0.069415204,0.02939827,52_1541393
48.0,0.0,0.0,0.0,0.0,0.069415204,0.02939827,52_1541393
51.0,0.0,0.0,0.0,0.0,0.069415204,0.02939827,52_1541393
54.0,0.0,0.0,0.0,0.0,0.069415204,0.02939827,52_1541393
57.0,0.0,0.0,0.0,0.0,0.069415204,0.02939827,52_1541393
60.0,0.0,0.0,0.0,0.0,0.069415204,0.02939827,52_1541393
63.0,0.0,0.0,0.0,0.0,0.069415204,0.02939827,52_1541393
66.0,0.0,0.0,0.0,0.0,0.069415204,0.02939827,52_1541393
69.0,0.0,0.0,0.0,0.0,0.069415204,0.02939827,52_1541393
