relative_time,g_flux,g_uncert,r_flux,r_uncert,redshift,mwebv,id
-30.0,6.405544757843018,218.38421630859375,0.0,0.0,0.12186312,0.034990884,52_1852739
-27.0,13.426319122314453,39.53947830200195,-6.491029739379883,199.2762812624194,0.12186312,0.034990884,52_1852739
-24.0,0.0,0.0,0.0,0.0,0.12186312,0.034990884,52_1852739
-21.0,46.423248291015625,19.242237091064453,24.660528818766277,121.31812407367828,0.12186312,0.034990884,52_1852739
-18.0,0.0,0.0,0.0,0.0,0.12186312,0.034990884,52_1852739
-15.0,0.0,0.0,0.0,0.0,0.12186312,0.034990884,52_1852739
-12.0,1142.651611328125,209.8045196533203,0.0,0.0,0.12186312,0.034990884,52_1852739
-9.0,0.0,0.0,1067.2705078125,276.487048274168,0.12186312,0.034990884,52_1852739
-6.0,254.42105538504464,100.4644056047712,642.6985473632812,140.20530375298287,0.12186312,0.034990884,52_1852739
-3.0,245.61962890625,104.80646260579427,889.1084798177084,204.24040564437914,0.12186312,0.034990884,52_1852739
0.0,0.0,0.0,771.7481079101562,138.7071634665701,0.12186312,0.034990884,52_1852739
3.0,0.0,0.0,0.0,0.0,0.12186312,0.034990884,52_1852739
6.0,0.0,0.0,0.0,0.0,0.12186312,0.034990884,52_1852739
9.0,150.91059112548828,31.694710731506348,284.5819091796875,57.279505438064824,0.12186312,0.034990884,52_1852739
12.0,0.0,0.0,0.0,0.0,0.12186312,0.034990884,52_1852739
15.0,0.0,0.0,0.0,0.0,0.12186312,0.034990884,52_1852739
18.0,0.0,0.0,0.0,0.0,0.12186312,0.034990884,52_1852739
21.0,0.0,0.0,0.0,0.0,0.12186312,0.034990884,52_1852739
24.0,0.0,0.0,0.0,0.0,0.12186312,0.034990884,52_1852739
27.0,0.0,0.0,0.0,0.0,0.12186312,0.034990884,52_1852739
30.0,0.0,0.0,0.0,0.0,0.12186312,0.034990884,52_1852739
33.0,0.0,0.0,0.0,0.0,0.12186312,0.034990884,52_1852739
36.0,0.0,0.0,0.0,0.0,0.12186312,0.034990884,52_1852739
39.0,0.0,0.0,0.0,0.0,0.12186312,0.034990884,52_1852739
42.0,0.0,0.0,0.0,0.0,0.12186312,0.034990884,52_1852739
45.0,0.0,0.0,0.0,0.0,0.12186312,0.034990884,52_1852739
48.0,0.0,0.0,0.0,0.0,0.12186312,0.034990884,52_1852739
51.0,0.0,0.0,0.0,0.0,0.12186312,0.034990884,52_1852739
54.0,0.0,0.0,0.0,0.0,0.12186312,0.034990884,52_1852739
57.0,0.0,0.0,0.0,0.0,0.12186312,0.034990884,52_1852739
60.0,0.0,0.0,0.0,0.0,0.12186312,0.034990884,52_1852739
63.0,0.0,0.0,0.0,0.0,0.12186312,0.034990884,52_1852739
66.0,0.0,0.0,0.0,0.0,0.12186312,0.034990884,52_1852739
69.0,0.0,0.0,0.0,0.0,0.12186312,0.034990884,52_1852739
