relative_time,g_flux,g_uncert,r_flux,r_uncert,redshift,mwebv,id
-30.0,0.0,0.0,0.0,0.0,0.09381356,0.007500939,52_1194428
-27.0,0.0,0.0,0.0,0.0,0.09381356,0.007500939,52_1194428
-24.0,-43.786258697509766,35.498252868652344,1.9822885990142822,55.24876484719816,0.09381356,0.007500939,52_1194428
-21.0,-3.785219430923462,25.642499923706055,34.39762878417969,52.661609211213914,0.09381356,0.007500939,52_1194428
-18.0,0.0,0.0,118.2306900024414,57.04684066772461,0.09381356,0.007500939,52_1194428
-15.0,0.0,0.0,210.57139587402344,58.222232818603516,0.09381356,0.007500939,52_1194428
-12.0,469.9070739746094,109.06947326660156,0.0,0.0,0.09381356,0.007500939,52_1194428
-9.0,0.0,0.0,0.0,0.0,0.09381356,0.007500939,52_1194428
-6.0,230.66043090820312,48.07827377319336,636.3329010009766,119.7620394005992,0.09381356,0.007500939,52_1194428
-3.0,0.0,0.0,0.0,0.0,0.09381356,0.007500939,52_1194428
0.0,388.9266662597656,29.222740173339844,458.13555908203125,70.57343988770836,0.09381356,0.007500939,52_1194428
3.0,0.0,0.0,0.0,0.0,0.09381356,0.007500939,52_1194428
6.0,0.0,0.0,0.0,0.0,0.09381356,0.007500939,52_1194428
9.0,0.0,0.0,0.0,0.0,0.09381356,0.007500939,52_1194428
12.0,0.0,0.0,0.0,0.0,0.09381356,0.007500939,52_1194428
15.0,54.906575520833336,37.24974060058594,268.5884501139323,103.4432887924892,0.09381356,0.007500939,52_1194428
18.0,-102.21632385253906,78.92189025878906,284.6175003051758,195.4437147394945,0.09381356,0.007500939,52_1194428
21.0,0.0,0.0,259.8610534667969,63.584449768066406,0.09381356,0.007500939,52_1194428
24.0,0.0,0.0,0.0,0.0,0.09381356,0.007500939,52_1194428
27.0,0.0,0.0,0.0,0.0,0.09381356,0.007500939,52_1194428
30.0,33.29448699951172,28.196123123168945,113.19075775146484,37.29591213728587,0.09381356,0.007500939,52_1194428
33.0,0.0,0.0,0.0,0.0,0.09381356,0.007500939,52_1194428
36.0,0.0,0.0,0.0,0.0,0.09381356,0.007500939,52_1194428
39.0,0.0,0.0,0.0,0.0,0.09381356,0.007500939,52_1194428
42.0,0.0,0.0,0.0,0.0,0.09381356,0.007500939,52_1194428
45.0,0.0,0.0,0.0,0.0,0.09381356,0.007500939,52_1194428
48.0,0.0,0.0,0.0,0.0,0.09381356,0.007500939,52_1194428
51.0,0.0,0.0,0.0,0.0,0.09381356,0.007500939,52_1194428
54.0,0.0,0.0,0.0,0.0,0.09381356,0.007500939,52_1194428
57.0,0.0,0.0,0.0,0.0,0.09381356,0.007500939,52_1194428
60.0,0.0,0.0,0.0,0.0,0.09381356,0.007500939,52_1194428
63.0,0.0,0.0,0.0,0.0,0.09381356,0.007500939,52_1194428
66.0,0.0,0.0,0.0,0.0,0.09381356,0.007500939,52_1194428
69.0,0.0,0.0,0.0,0.0,0.09381356,0.007500939,52_1194428
