relative_time,g_flux,g_uncert,r_flux,r_uncert,redshift,mwebv,id
-30.0,0.0,0.0,0.0,0.0,0.06907609,0.0152435005,52_2417404
-27.0,0.0,0.0,0.0,0.0,0.06907609,0.0152435005,52_2417404
-24.0,0.0,0.0,0.0,0.0,0.06907609,0.0152435005,52_2417404
-21.0,0.0,0.0,0.0,0.0,0.06907609,0.0152435005,52_2417404
-18.0,0.0,0.0,0.0,0.0,0.06907609,0.0152435005,52_2417404
-15.0,314.40093994140625,93.76242065429688,0.0,0.0,0.06907609,0.0152435005,52_2417404
-12.0,402.2336120605469,53.46617126464844,302.5622253417969,77.5992291716312,0.06907609,0.0152435005,52_2417404
-9.0,0.0,0.0,0.0,0.0,0.06907609,0.0152435005,52_2417404
-6.0,0.0,0.0,0.0,0.0,0.06907609,0.0152435005,52_2417404
-3.0,0.0,0.0,1368.5496826171875,128.6187286376953,0.06907609,0.0152435005,52_2417404
0.0,745.635498046875,146.34127807617188,734.2015380859375,174.96241440730432,0.06907609,0.0152435005,52_2417404
3.0,0.0,0.0,0.0,0.0,0.06907609,0.0152435005,52_2417404
6.0,0.0,0.0,1608.042236328125,105.8314437866211,0.06907609,0.0152435005,52_2417404
9.0,0.0,0.0,0.0,0.0,0.06907609,0.0152435005,52_2417404
12.0,0.0,0.0,0.0,0.0,0.06907609,0.0152435005,52_2417404
15.0,0.0,0.0,0.0,0.0,0.06907609,0.0152435005,52_2417404
18.0,0.0,0.0,0.0,0.0,0.06907609,0.0152435005,52_2417404
21.0,297.4723815917969,100.74755859375,0.0,0.0,0.06907609,0.0152435005,52_2417404
24.0,46.54914855957031,75.9365463256836,447.260986328125,332.937326404778,0.06907609,0.0152435005,52_2417404
27.0,0.0,0.0,61.65630340576172,283.00775146484375,0.06907609,0.0152435005,52_2417404
30.0,0.0,0.0,477.33087158203125,244.9698028564453,0.06907609,0.0152435005,52_2417404
33.0,0.0,0.0,0.0,0.0,0.06907609,0.0152435005,52_2417404
36.0,0.0,0.0,0.0,0.0,0.06907609,0.0152435005,52_2417404
39.0,202.00222778320312,38.76690673828125,0.0,0.0,0.06907609,0.0152435005,52_2417404
42.0,0.0,0.0,0.0,0.0,0.06907609,0.0152435005,52_2417404
45.0,0.0,0.0,0.0,0.0,0.06907609,0.0152435005,52_2417404
48.0,0.0,0.0,0.0,0.0,0.06907609,0.0152435005,52_2417404
51.0,0.0,0.0,0.0,0.0,0.06907609,0.0152435005,52_2417404
54.0,0.0,0.0,0.0,0.0,0.06907609,0.0152435005,52_2417404
57.0,0.0,0.0,0.0,0.0,0.06907609,0.0152435005,52_2417404
60.0,0.0,0.0,0.0,0.0,0.06907609,0.0152435005,52_2417404
63.0,0.0,0.0,0.0,0.0,0.06907609,0.0152435005,52_2417404
66.0,0.0,0.0,0.0,0.0,0.06907609,0.0152435005,52_2417404
69.0,0.0,0.0,0.0,0.0,0.06907609,0.0152435005,52_2417404
