relative_time,g_flux,g_uncert,r_flux,r_uncert,redshift,mwebv,id
-30.0,0.0,0.0,-71.54219055175781,210.5819854736328,0.11127733,0.059270304,52_2405935
-27.0,0.0,0.0,0.0,0.0,0.11127733,0.059270304,52_2405935
-24.0,-73.33799743652344,90.5634765625,50.03542709350586,104.9694600295634,0.11127733,0.059270304,52_2405935
-21.0,0.0,0.0,-165.07870483398438,133.82305908203125,0.11127733,0.059270304,52_2405935
-18.0,110.56166076660156,72.88654327392578,0.0,0.0,0.11127733,0.059270304,52_2405935
-15.0,0.0,0.0,0.0,0.0,0.11127733,0.059270304,52_2405935
-12.0,495.10064697265625,191.27723693847656,0.0,0.0,0.11127733,0.059270304,52_2405935
-9.0,0.0,0.0,0.0,0.0,0.11127733,0.059270304,52_2405935
-6.0,1041.790283203125,147.35220336914062,0.0,0.0,0.11127733,0.059270304,52_2405935
-3.0,0.0,0.0,1331.6512451171875,131.6660919189453,0.11127733,0.059270304,52_2405935
0.0,664.7749633789062,98.87786102294922,564.7637939453125,93.23384606694434,0.11127733,0.059270304,52_2405935
3.0,0.0,0.0,1822.685546875,219.82168579101562,0.11127733,0.059270304,52_2405935
6.0,1124.1649169921875,234.06149291992188,0.0,0.0,0.11127733,0.059270304,52_2405935
9.0,576.8060302734375,90.1547622680664,930.4179077148438,109.19697370698994,0.11127733,0.059270304,52_2405935
12.0,969.8284301757812,222.84732055664062,0.0,0.0,0.11127733,0.059270304,52_2405935
15.0,418.06689453125,126.31632232666016,320.4434814453125,144.88299221928676,0.11127733,0.059270304,52_2405935
18.0,0.0,0.0,0.0,0.0,0.11127733,0.059270304,52_2405935
21.0,0.0,0.0,0.0,0.0,0.11127733,0.059270304,52_2405935
24.0,0.0,0.0,0.0,0.0,0.11127733,0.059270304,52_2405935
27.0,0.0,0.0,0.0,0.0,0.11127733,0.059270304,52_2405935
30.0,0.0,0.0,0.0,0.0,0.11127733,0.059270304,52_2405935
33.0,0.0,0.0,0.0,0.0,0.11127733,0.059270304,52_2405935
36.0,0.0,0.0,0.0,0.0,0.11127733,0.059270304,52_2405935
39.0,0.0,0.0,0.0,0.0,0.11127733,0.059270304,52_2405935
42.0,0.0,0.0,0.0,0.0,0.11127733,0.059270304,52_2405935
45.0,0.0,0.0,0.0,0.0,0.11127733,0.059270304,52_2405935
48.0,0.0,0.0,0.0,0.0,0.11127733,0.059270304,52_2405935
51.0,0.0,0.0,0.0,0.0,0.11127733,0.059270304,52_2405935
54.0,0.0,0.0,0.0,0.0,0.11127733,0.059270304,52_2405935
57.0,0.0,0.0,0.0,0.0,0.11127733,0.059270304,52_2405935
60.0,0.0,0.0,0.0,0.0,0.11127733,0.059270304,52_2405935
63.0,0.0,0.0,0.0,0.0,0.11127733,0.059270304,52_2405935
66.0,0.0,0.0,0.0,0.0,0.11127733,0.059270304,52_2405935
69.0,0.0,0.0,0.0,0.0,0.11127733,0.059270304,52_2405935
