relative_time,g_flux,g_uncert,r_flux,r_uncert,redshift,mwebv,id
-30.0,0.0,0.0,0.0,0.0,0.13274863,0.051962815,52_2910787
-27.0,0.0,0.0,0.0,0.0,0.13274863,0.051962815,52_2910787
-24.0,0.0,0.0,0.0,0.0,0.13274863,0.051962815,52_2910787
-21.0,0.0,0.0,0.0,0.0,0.13274863,0.051962815,52_2910787
-18.0,0.0,0.0,216.83524322509766,254.64196141559066,0.13274863,0.051962815,52_2910787
-15.0,21.912975311279297,328.3026123046875,-493.8524169921875,397.1537915234166,0.13274863,0.051962815,52_2910787
-12.0,401.2909749348958,196.22454833984375,-70.5883280436198,206.64456776775702,0.13274863,0.051962815,52_2910787
-9.0,0.0,0.0,329.7193603515625,75.93510437011719,0.13274863,0.051962815,52_2910787
-6.0,0.0,0.0,0.0,0.0,0.13274863,0.051962815,52_2910787
-3.0,0.0,0.0,0.0,0.0,0.13274863,0.051962815,52_2910787
0.0,402.7793273925781,41.82000732421875,405.9488830566406,57.494208671146744,0.13274863,0.051962815,52_2910787
3.0,0.0,0.0,0.0,0.0,0.13274863,0.051962815,52_2910787
6.0,0.0,0.0,0.0,0.0,0.13274863,0.051962815,52_2910787
9.0,0.0,0.0,0.0,0.0,0.13274863,0.051962815,52_2910787
12.0,0.0,0.0,0.0,0.0,0.13274863,0.051962815,52_2910787
15.0,0.0,0.0,0.0,0.0,0.13274863,0.051962815,52_2910787
18.0,0.0,0.0,0.0,0.0,0.13274863,0.051962815,52_2910787
21.0,0.0,0.0,0.0,0.0,0.13274863,0.051962815,52_2910787
24.0,0.0,0.0,0.0,0.0,0.13274863,0.051962815,52_2910787
27.0,0.0,0.0,0.0,0.0,0.13274863,0.051962815,52_2910787
30.0,0.0,0.0,0.0,0.0,0.13274863,0.051962815,52_2910787
33.0,0.0,0.0,0.0,0.0,0.13274863,0.051962815,52_2910787
36.0,0.0,0.0,0.0,0.0,0.13274863,0.051962815,52_2910787
39.0,0.0,0.0,0.0,0.0,0.13274863,0.051962815,52_2910787
42.0,0.0,0.0,0.0,0.0,0.13274863,0.051962815,52_2910787
45.0,0.0,0.0,0.0,0.0,0.13274863,0.051962815,52_2910787
48.0,0.0,0.0,0.0,0.0,0.13274863,0.051962815,52_2910787
51.0,0.0,0.0,0.0,0.0,0.13274863,0.051962815,52_2910787
54.0,0.0,0.0,0.0,0.0,0.13274863,0.051962815,52_2910787
57.0,0.0,0.0,0.0,0.0,0.13274863,0.051962815,52_2910787
60.0,0.0,0.0,0.0,0.0,0.13274863,0.051962815,52_2910787
63.0,0.0,0.0,0.0,0.0,0.13274863,0.051962815,52_2910787
66.0,0.0,0.0,0.0,0.0,0.13274863,0.051962815,52_2910787
69.0,0.0,0.0,0.0,0.0,0.13274863,0.051962815,52_2910787
