relative_time,g_flux,g_uncert,r_flux,r_uncert,redshift,mwebv,id
-30.0,0.0,0.0,0.0,0.0,0.043243926,0.020019677,52_236760
-27.0,-9.566184043884277,62.777523040771484,0.0,0.0,0.043243926,0.020019677,52_236760
-24.0,0.0,0.0,0.0,0.0,0.043243926,0.020019677,52_236760
-21.0,0.0,0.0,0.0,0.0,0.043243926,0.020019677,52_236760
-18.0,0.0,0.0,0.0,0.0,0.043243926,0.020019677,52_236760
-15.0,0.0,0.0,0.0,0.0,0.043243926,0.020019677,52_236760
-12.0,0.0,0.0,0.0,0.0,0.043243926,0.020019677,52_236760
-9.0,0.0,0.0,0.0,0.0,0.043243926,0.020019677,52_236760
-6.0,0.0,0.0,0.0,0.0,0.043243926,0.020019677,52_236760
-3.0,3595.73876953125,59.66560363769531,3175.185302734375,109.7818236074144,0.043243926,0.020019677,52_236760
0.0,8338.400390625,127.65487670898438,0.0,0.0,0.043243926,0.020019677,52_236760
3.0,0.0,0.0,0.0,0.0,0.043243926,0.020019677,52_236760
6.0,6942.27587890625,146.98130798339844,0.0,0.0,0.043243926,0.020019677,52_236760
9.0,0.0,0.0,0.0,0.0,0.043243926,0.020019677,52_236760
12.0,0.0,0.0,0.0,0.0,0.043243926,0.020019677,52_236760
15.0,0.0,0.0,0.0,0.0,0.043243926,0.020019677,52_236760
18.0,0.0,0.0,0.0,0.0,0.043243926,0.020019677,52_236760
21.0,0.0,0.0,0.0,0.0,0.043243926,0.020019677,52_236760
24.0,0.0,0.0,0.0,0.0,0.043243926,0.020019677,52_236760
27.0,0.0,0.0,0.0,0.0,0.043243926,0.020019677,52_236760
30.0,0.0,0.0,0.0,0.0,0.043243926,0.020019677,52_236760
33.0,0.0,0.0,0.0,0.0,0.043243926,0.020019677,52_236760
36.0,0.0,0.0,0.0,0.0,0.043243926,0.020019677,52_236760
39.0,0.0,0.0,0.0,0.0,0.043243926,0.020019677,52_236760
42.0,0.0,0.0,0.0,0.0,0.043243926,0.020019677,52_236760
45.0,0.0,0.0,0.0,0.0,0.043243926,0.020019677,52_236760
48.0,0.0,0.0,0.0,0.0,0.043243926,0.020019677,52_236760
51.0,0.0,0.0,0.0,0.0,0.043243926,0.020019677,52_236760
54.0,0.0,0.0,0.0,0.0,0.043243926,0.020019677,52_236760
57.0,0.0,0.0,0.0,0.0,0.043243926,0.020019677,52_236760
60.0,0.0,0.0,0.0,0.0,0.043243926,0.020019677,52_236760
63.0,0.0,0.0,0.0,0.0,0.043243926,0.020019677,52_236760
66.0,0.0,0.0,0.0,0.0,0.043243926,0.020019677,52_236760
69.0,0.0,0.0,0.0,0.0,0.043243926,0.020019677,52_236760
