relative_time,g_flux,g_uncert,r_flux,r_uncert,redshift,mwebv,id
-30.0,0.0,0.0,13.484777450561523,76.14860534667969,0.114134155,0.08991572,52_2400729
-27.0,59.1945915222168,43.38945770263672,2.489753246307373,37.32887607349206,0.114134155,0.08991572,52_2400729
-24.0,0.0,0.0,0.0,0.0,0.114134155,0.08991572,52_2400729
-21.0,0.0,0.0,0.0,0.0,0.114134155,0.08991572,52_2400729
-18.0,160.56082153320312,128.1758270263672,-0.41484126448631287,108.57014149935118,0.114134155,0.08991572,52_2400729
-15.0,177.23035176595053,157.34219360351562,-41.47425079345703,110.68559472545671,0.114134155,0.08991572,52_2400729
-12.0,313.0008850097656,160.65945434570312,0.0,0.0,0.114134155,0.08991572,52_2400729
-9.0,0.0,0.0,0.0,0.0,0.114134155,0.08991572,52_2400729
-6.0,0.0,0.0,0.0,0.0,0.114134155,0.08991572,52_2400729
-3.0,0.0,0.0,0.0,0.0,0.114134155,0.08991572,52_2400729
0.0,404.17962646484375,39.02796936035156,393.9548645019531,55.13723821689214,0.114134155,0.08991572,52_2400729
3.0,0.0,0.0,0.0,0.0,0.114134155,0.08991572,52_2400729
6.0,0.0,0.0,0.0,0.0,0.114134155,0.08991572,52_2400729
9.0,683.1295776367188,392.1065368652344,0.0,0.0,0.114134155,0.08991572,52_2400729
12.0,0.0,0.0,605.354248046875,151.8443145751953,0.114134155,0.08991572,52_2400729
15.0,0.0,0.0,0.0,0.0,0.114134155,0.08991572,52_2400729
18.0,0.0,0.0,0.0,0.0,0.114134155,0.08991572,52_2400729
21.0,0.0,0.0,406.2485656738281,91.85523986816406,0.114134155,0.08991572,52_2400729
24.0,0.0,0.0,0.0,0.0,0.114134155,0.08991572,52_2400729
27.0,0.0,0.0,0.0,0.0,0.114134155,0.08991572,52_2400729
30.0,-146.97637939453125,274.91107177734375,433.62933349609375,239.39466060072547,0.114134155,0.08991572,52_2400729
33.0,-88.45907592773438,679.8943481445312,0.0,0.0,0.114134155,0.08991572,52_2400729
36.0,0.0,0.0,0.0,0.0,0.114134155,0.08991572,52_2400729
39.0,0.0,0.0,0.0,0.0,0.114134155,0.08991572,52_2400729
42.0,0.0,0.0,0.0,0.0,0.114134155,0.08991572,52_2400729
45.0,0.0,0.0,0.0,0.0,0.114134155,0.08991572,52_2400729
48.0,0.0,0.0,0.0,0.0,0.114134155,0.08991572,52_2400729
51.0,0.0,0.0,0.0,0.0,0.114134155,0.08991572,52_2400729
54.0,0.0,0.0,0.0,0.0,0.114134155,0.08991572,52_2400729
57.0,0.0,0.0,0.0,0.0,0.114134155,0.08991572,52_2400729
60.0,0.0,0.0,0.0,0.0,0.114134155,0.08991572,52_2400729
63.0,0.0,0.0,0.0,0.0,0.114134155,0.08991572,52_2400729
66.0,0.0,0.0,0.0,0.0,0.114134155,0.08991572,52_2400729
69.0,0.0,0.0,0.0,0.0,0.114134155,0.08991572,52_2400729
