relative_time,g_flux,g_uncert,r_flux,r_uncert,redshift,mwebv,id
-30.0,0.0,0.0,0.0,0.0,0.15770616,0.040322706,52_219132
-27.0,0.0,0.0,0.0,0.0,0.15770616,0.040322706,52_219132
-24.0,0.0,0.0,0.0,0.0,0.15770616,0.040322706,52_219132
-21.0,0.0,0.0,0.0,0.0,0.15770616,0.040322706,52_219132
-18.0,0.0,0.0,0.0,0.0,0.15770616,0.040322706,52_219132
-15.0,124.84187316894531,119.86893463134766,0.0,0.0,0.15770616,0.040322706,52_219132
-12.0,-63.132957458496094,376.4298400878906,0.0,0.0,0.15770616,0.040322706,52_219132
-9.0,0.0,0.0,95.45177793502808,245.76616132676142,0.15770616,0.040322706,52_219132
-6.0,0.0,0.0,588.0628051757812,567.8612670898438,0.15770616,0.040322706,52_219132
-3.0,0.0,0.0,0.0,0.0,0.15770616,0.040322706,52_219132
0.0,346.00384521484375,42.551212310791016,396.1771240234375,56.3763366813243,0.15770616,0.040322706,52_219132
3.0,763.6588745117188,129.71255493164062,0.0,0.0,0.15770616,0.040322706,52_219132
6.0,963.99609375,81.79178619384766,0.0,0.0,0.15770616,0.040322706,52_219132
9.0,0.0,0.0,0.0,0.0,0.15770616,0.040322706,52_219132
12.0,464.1333923339844,291.71728515625,0.0,0.0,0.15770616,0.040322706,52_219132
15.0,662.0126953125,258.19305419921875,137.3190155029297,272.4663822552962,0.15770616,0.040322706,52_219132
18.0,0.0,0.0,0.0,0.0,0.15770616,0.040322706,52_219132
21.0,350.8551330566406,185.6385955810547,0.0,0.0,0.15770616,0.040322706,52_219132
24.0,0.0,0.0,0.0,0.0,0.15770616,0.040322706,52_219132
27.0,0.0,0.0,0.0,0.0,0.15770616,0.040322706,52_219132
30.0,0.0,0.0,0.0,0.0,0.15770616,0.040322706,52_219132
33.0,0.0,0.0,287.9443359375,92.70856475830078,0.15770616,0.040322706,52_219132
36.0,0.0,0.0,0.0,0.0,0.15770616,0.040322706,52_219132
39.0,0.0,0.0,0.0,0.0,0.15770616,0.040322706,52_219132
42.0,0.0,0.0,0.0,0.0,0.15770616,0.040322706,52_219132
45.0,327.4053955078125,258.2923889160156,0.0,0.0,0.15770616,0.040322706,52_219132
48.0,182.82032775878906,141.90133666992188,0.0,0.0,0.15770616,0.040322706,52_219132
51.0,0.0,0.0,0.0,0.0,0.15770616,0.040322706,52_219132
54.0,0.0,0.0,0.0,0.0,0.15770616,0.040322706,52_219132
57.0,0.0,0.0,0.0,0.0,0.15770616,0.040322706,52_219132
60.0,0.0,0.0,222.37213134765625,112.55521392822266,0.15770616,0.040322706,52_219132
63.0,30.401844024658203,333.21881103515625,271.2835998535156,194.35488477682333,0.15770616,0.040322706,52_219132
66.0,0.0,0.0,0.0,0.0,0.15770616,0.040322706,52_219132
69.0,0.0,0.0,0.0,0.0,0.15770616,0.040322706,52_219132
