relative_time,g_flux,g_uncert,r_flux,r_uncert,redshift,mwebv,id
-30.0,46.3963508605957,211.70606994628906,0.0,0.0,0.08286351,0.031130938,52_2101812
-27.0,0.0,0.0,0.0,0.0,0.08286351,0.031130938,52_2101812
-24.0,172.24681091308594,271.8650817871094,0.0,0.0,0.08286351,0.031130938,52_2101812
-21.0,0.0,0.0,0.0,0.0,0.08286351,0.031130938,52_2101812
-18.0,2.429150104522705,10.66921361287435,-62.871927897135414,227.18495470044604,0.08286351,0.031130938,52_2101812
-15.0,-19.4406795501709,106.75151824951172,124.08085632324219,115.44788137992239,0.08286351,0.031130938,52_2101812
-12.0,0.0,0.0,105.34515285491943,255.313994754834,0.08286351,0.031130938,52_2101812
-9.0,145.1683349609375,29.246258544921876,172.57337951660156,121.36345244264781,0.08286351,0.031130938,52_2101812
-6.0,0.0,0.0,0.0,0.0,0.08286351,0.031130938,52_2101812
-3.0,0.0,0.0,0.0,0.0,0.08286351,0.031130938,52_2101812
0.0,541.1077067057291,54.06834157307943,267.75640869140625,40.46271652581068,0.08286351,0.031130938,52_2101812
3.0,0.0,0.0,0.0,0.0,0.08286351,0.031130938,52_2101812
6.0,0.0,0.0,0.0,0.0,0.08286351,0.031130938,52_2101812
9.0,0.0,0.0,0.0,0.0,0.08286351,0.031130938,52_2101812
12.0,0.0,0.0,0.0,0.0,0.08286351,0.031130938,52_2101812
15.0,0.0,0.0,0.0,0.0,0.08286351,0.031130938,52_2101812
18.0,0.0,0.0,0.0,0.0,0.08286351,0.031130938,52_2101812
21.0,0.0,0.0,0.0,0.0,0.08286351,0.031130938,52_2101812
24.0,0.0,0.0,0.0,0.0,0.08286351,0.031130938,52_2101812
27.0,0.0,0.0,0.0,0.0,0.08286351,0.031130938,52_2101812
30.0,0.0,0.0,0.0,0.0,0.08286351,0.031130938,52_2101812
33.0,0.0,0.0,0.0,0.0,0.08286351,0.031130938,52_2101812
36.0,0.0,0.0,0.0,0.0,0.08286351,0.031130938,52_2101812
39.0,0.0,0.0,0.0,0.0,0.08286351,0.031130938,52_2101812
42.0,0.0,0.0,0.0,0.0,0.08286351,0.031130938,52_2101812
45.0,0.0,0.0,0.0,0.0,0.08286351,0.031130938,52_2101812
48.0,0.0,0.0,0.0,0.0,0.08286351,0.031130938,52_2101812
51.0,0.0,0.0,0.0,0.0,0.08286351,0.031130938,52_2101812
54.0,0.0,0.0,0.0,0.0,0.08286351,0.031130938,52_2101812
57.0,0.0,0.0,0.0,0.0,0.08286351,0.031130938,52_2101812
60.0,0.0,0.0,0.0,0.0,0.08286351,0.031130938,52_2101812
63.0,0.0,0.0,0.0,0.0,0.08286351,0.031130938,52_2101812
66.0,0.0,0.0,0.0,0.0,0.08286351,0.031130938,52_2101812
69.0,0.0,0.0,0.0,0.0,0.08286351,0.031130938,52_2101812
