relative_time,g_flux,g_uncert,r_flux,r_uncert,redshift,mwebv,id
-30.0,9.48062801361084,37.00950241088867,26.565773010253906,53.36051050675757,0.086436294,0.06311613,52_268145
-27.0,0.0,0.0,0.0,0.0,0.086436294,0.06311613,52_268145
-24.0,0.0,0.0,-179.55435180664062,84.40536499023438,0.086436294,0.06311613,52_268145
-21.0,0.0,0.0,0.0,0.0,0.086436294,0.06311613,52_268145
-18.0,0.0,0.0,0.0,0.0,0.086436294,0.06311613,52_268145
-15.0,144.5120849609375,36.43852233886719,181.29098510742188,44.255261803565695,0.086436294,0.06311613,52_268145
-12.0,721.9767456054688,127.25104522705078,0.0,0.0,0.086436294,0.06311613,52_268145
-9.0,410.36907958984375,93.68846702575684,405.08580017089844,224.77397327553246,0.086436294,0.06311613,52_268145
-6.0,359.17425537109375,98.27691650390625,548.2638549804688,145.92766221391634,0.086436294,0.06311613,52_268145
-3.0,463.99737548828125,98.66490936279297,455.4271545410156,60.96173577102146,0.086436294,0.06311613,52_268145
0.0,624.9949340820312,69.49867248535156,0.0,0.0,0.086436294,0.06311613,52_268145
3.0,0.0,0.0,588.5301513671875,84.54100799560547,0.086436294,0.06311613,52_268145
6.0,82.20587158203125,30.869802474975586,208.99757385253906,57.797709138798055,0.086436294,0.06311613,52_268145
9.0,-32.07133102416992,126.56731414794922,0.0,0.0,0.086436294,0.06311613,52_268145
12.0,0.0,0.0,0.0,0.0,0.086436294,0.06311613,52_268145
15.0,0.0,0.0,0.0,0.0,0.086436294,0.06311613,52_268145
18.0,25.56134796142578,45.95069885253906,103.60238138834636,105.97653702309012,0.086436294,0.06311613,52_268145
21.0,0.0,0.0,0.0,0.0,0.086436294,0.06311613,52_268145
24.0,0.0,0.0,0.0,0.0,0.086436294,0.06311613,52_268145
27.0,0.0,0.0,0.0,0.0,0.086436294,0.06311613,52_268145
30.0,0.0,0.0,0.0,0.0,0.086436294,0.06311613,52_268145
33.0,0.0,0.0,0.0,0.0,0.086436294,0.06311613,52_268145
36.0,0.0,0.0,0.0,0.0,0.086436294,0.06311613,52_268145
39.0,0.0,0.0,0.0,0.0,0.086436294,0.06311613,52_268145
42.0,0.0,0.0,0.0,0.0,0.086436294,0.06311613,52_268145
45.0,0.0,0.0,0.0,0.0,0.086436294,0.06311613,52_268145
48.0,0.0,0.0,0.0,0.0,0.086436294,0.06311613,52_268145
51.0,0.0,0.0,0.0,0.0,0.086436294,0.06311613,52_268145
54.0,0.0,0.0,0.0,0.0,0.086436294,0.06311613,52_268145
57.0,0.0,0.0,0.0,0.0,0.086436294,0.06311613,52_268145
60.0,0.0,0.0,0.0,0.0,0.086436294,0.06311613,52_268145
63.0,0.0,0.0,0.0,0.0,0.086436294,0.06311613,52_268145
66.0,0.0,0.0,0.0,0.0,0.086436294,0.06311613,52_268145
69.0,0.0,0.0,0.0,0.0,0.086436294,0.06311613,52_268145
