relative_time,g_flux,g_uncert,r_flux,r_uncert,redshift,mwebv,id
-30.0,0.0,0.0,102.27117919921875,72.07273864746094,0.11548547,0.06687416,52_2419702
-27.0,0.0,0.0,0.0,0.0,0.11548547,0.06687416,52_2419702
-24.0,0.0,0.0,0.0,0.0,0.11548547,0.06687416,52_2419702
-21.0,0.0,0.0,0.0,0.0,0.11548547,0.06687416,52_2419702
-18.0,0.0,0.0,0.0,0.0,0.11548547,0.06687416,52_2419702
-15.0,978.8692626953125,139.44448852539062,0.0,0.0,0.11548547,0.06687416,52_2419702
-12.0,976.2420043945312,206.96014404296875,0.0,0.0,0.11548547,0.06687416,52_2419702
-9.0,0.0,0.0,0.0,0.0,0.11548547,0.06687416,52_2419702
-6.0,0.0,0.0,1419.5283203125,254.7834930419922,0.11548547,0.06687416,52_2419702
-3.0,817.9659423828125,172.3924102783203,0.0,0.0,0.11548547,0.06687416,52_2419702
0.0,407.75604248046875,110.00855255126953,535.048828125,87.53529543445795,0.11548547,0.06687416,52_2419702
3.0,0.0,0.0,0.0,0.0,0.11548547,0.06687416,52_2419702
6.0,0.0,0.0,0.0,0.0,0.11548547,0.06687416,52_2419702
9.0,206.56553649902344,164.01560974121094,0.0,0.0,0.11548547,0.06687416,52_2419702
12.0,0.0,0.0,0.0,0.0,0.11548547,0.06687416,52_2419702
15.0,0.0,0.0,0.0,0.0,0.11548547,0.06687416,52_2419702
18.0,0.0,0.0,0.0,0.0,0.11548547,0.06687416,52_2419702
21.0,0.0,0.0,0.0,0.0,0.11548547,0.06687416,52_2419702
24.0,0.0,0.0,0.0,0.0,0.11548547,0.06687416,52_2419702
27.0,0.0,0.0,0.0,0.0,0.11548547,0.06687416,52_2419702
30.0,0.0,0.0,0.0,0.0,0.11548547,0.06687416,52_2419702
33.0,0.0,0.0,0.0,0.0,0.11548547,0.06687416,52_2419702
36.0,0.0,0.0,0.0,0.0,0.11548547,0.06687416,52_2419702
39.0,0.0,0.0,0.0,0.0,0.11548547,0.06687416,52_2419702
42.0,0.0,0.0,0.0,0.0,0.11548547,0.06687416,52_2419702
45.0,0.0,0.0,0.0,0.0,0.11548547,0.06687416,52_2419702
48.0,0.0,0.0,0.0,0.0,0.11548547,0.06687416,52_2419702
51.0,0.0,0.0,0.0,0.0,0.11548547,0.06687416,52_2419702
54.0,0.0,0.0,0.0,0.0,0.11548547,0.06687416,52_2419702
57.0,0.0,0.0,0.0,0.0,0.11548547,0.06687416,52_2419702
60.0,0.0,0.0,0.0,0.0,0.11548547,0.06687416,52_2419702
63.0,0.0,0.0,0.0,0.0,0.11548547,0.06687416,52_2419702
66.0,0.0,0.0,0.0,0.0,0.11548547,0.06687416,52_2419702
69.0,0.0,0.0,0.0,0.0,0.11548547,0.06687416,52_2419702
