relative_time,g_flux,g_uncert,r_flux,r_uncert,redshift,mwebv,id
-30.0,0.0,0.0,0.0,0.0,0.016894383,0.014856671,52_2710857
-27.0,0.0,0.0,0.0,0.0,0.016894383,0.014856671,52_2710857
-24.0,0.0,0.0,0.0,0.0,0.016894383,0.014856671,52_2710857
-21.0,0.0,0.0,0.0,0.0,0.016894383,0.014856671,52_2710857
-18.0,0.0,0.0,0.0,0.0,0.016894383,0.014856671,52_2710857
-15.0,0.0,0.0,0.0,0.0,0.016894383,0.014856671,52_2710857
-12.0,0.0,0.0,0.0,0.0,0.016894383,0.014856671,52_2710857
-9.0,0.0,0.0,0.0,0.0,0.016894383,0.014856671,52_2710857
-6.0,0.0,0.0,0.0,0.0,0.016894383,0.014856671,52_2710857
-3.0,0.0,0.0,0.0,0.0,0.016894383,0.014856671,52_2710857
0.0,3054.29345703125,145.62765502929688,3004.357177734375,142.2440303514625,0.016894383,0.014856671,52_2710857
3.0,0.0,0.0,0.0,0.0,0.016894383,0.014856671,52_2710857
6.0,0.0,0.0,0.0,0.0,0.016894383,0.014856671,52_2710857
9.0,0.0,0.0,5034.68994140625,120.81317138671875,0.016894383,0.014856671,52_2710857
12.0,1033.0501708984375,35.80913543701172,1847.4471435546875,67.0270300718111,0.016894383,0.014856671,52_2710857
15.0,802.1018676757812,34.40488052368164,1596.92529296875,74.51214852344759,0.016894383,0.014856671,52_2710857
18.0,0.0,0.0,0.0,0.0,0.016894383,0.014856671,52_2710857
21.0,0.0,0.0,2491.069580078125,144.42933654785156,0.016894383,0.014856671,52_2710857
24.0,0.0,0.0,0.0,0.0,0.016894383,0.014856671,52_2710857
27.0,526.9593505859375,104.34709930419922,977.7092895507812,144.25361366764835,0.016894383,0.014856671,52_2710857
30.0,0.0,0.0,0.0,0.0,0.016894383,0.014856671,52_2710857
33.0,0.0,0.0,0.0,0.0,0.016894383,0.014856671,52_2710857
36.0,0.0,0.0,0.0,0.0,0.016894383,0.014856671,52_2710857
39.0,0.0,0.0,0.0,0.0,0.016894383,0.014856671,52_2710857
42.0,0.0,0.0,0.0,0.0,0.016894383,0.014856671,52_2710857
45.0,0.0,0.0,0.0,0.0,0.016894383,0.014856671,52_2710857
48.0,0.0,0.0,0.0,0.0,0.016894383,0.014856671,52_2710857
51.0,544.174072265625,123.77617645263672,0.0,0.0,0.016894383,0.014856671,52_2710857
54.0,386.62615966796875,60.23889923095703,560.69189453125,68.933621325927,0.016894383,0.014856671,52_2710857
57.0,0.0,0.0,0.0,0.0,0.016894383,0.014856671,52_2710857
60.0,156.39676920572916,28.097251892089844,779.3919677734375,201.42247063706884,0.016894383,0.014856671,52_2710857
63.0,0.0,0.0,0.0,0.0,0.016894383,0.014856671,52_2710857
66.0,0.0,0.0,0.0,0.0,0.016894383,0.014856671,52_2710857
69.0,104.32981363932292,15.386764526367188,454.01133219401044,49.09761191574566,0.016894383,0.014856671,52_2710857
