relative_time,g_flux,g_uncert,r_flux,r_uncert,redshift,mwebv,id
-30.0,43.60934829711914,69.0459213256836,-15.17463207244873,54.23038369644616,0.051117804,0.15083866,52_3845951
-27.0,0.0,0.0,0.0,0.0,0.051117804,0.15083866,52_3845951
-24.0,-50.537017822265625,222.6321258544922,0.0,0.0,0.051117804,0.15083866,52_3845951
-21.0,0.0,0.0,0.0,0.0,0.051117804,0.15083866,52_3845951
-18.0,0.0,0.0,0.0,0.0,0.051117804,0.15083866,52_3845951
-15.0,466.9403991699219,174.331787109375,0.0,0.0,0.051117804,0.15083866,52_3845951
-12.0,1396.63818359375,342.76556396484375,0.0,0.0,0.051117804,0.15083866,52_3845951
-9.0,673.2246704101562,119.1956558227539,522.4434204101562,178.67977453816007,0.051117804,0.15083866,52_3845951
-6.0,692.006591796875,126.91313171386719,606.92724609375,126.92170744227398,0.051117804,0.15083866,52_3845951
-3.0,1573.181640625,446.4295654296875,0.0,0.0,0.051117804,0.15083866,52_3845951
0.0,502.7791442871094,75.40364074707031,644.464111328125,79.24210658309008,0.051117804,0.15083866,52_3845951
3.0,0.0,0.0,0.0,0.0,0.051117804,0.15083866,52_3845951
6.0,0.0,0.0,0.0,0.0,0.051117804,0.15083866,52_3845951
9.0,463.7216491699219,172.80101013183594,0.0,0.0,0.051117804,0.15083866,52_3845951
12.0,0.0,0.0,0.0,0.0,0.051117804,0.15083866,52_3845951
15.0,0.0,0.0,0.0,0.0,0.051117804,0.15083866,52_3845951
18.0,0.0,0.0,0.0,0.0,0.051117804,0.15083866,52_3845951
21.0,0.0,0.0,0.0,0.0,0.051117804,0.15083866,52_3845951
24.0,0.0,0.0,0.0,0.0,0.051117804,0.15083866,52_3845951
27.0,0.0,0.0,0.0,0.0,0.051117804,0.15083866,52_3845951
30.0,0.0,0.0,0.0,0.0,0.051117804,0.15083866,52_3845951
33.0,0.0,0.0,0.0,0.0,0.051117804,0.15083866,52_3845951
36.0,0.0,0.0,0.0,0.0,0.051117804,0.15083866,52_3845951
39.0,0.0,0.0,0.0,0.0,0.051117804,0.15083866,52_3845951
42.0,0.0,0.0,0.0,0.0,0.051117804,0.15083866,52_3845951
45.0,0.0,0.0,0.0,0.0,0.051117804,0.15083866,52_3845951
48.0,0.0,0.0,0.0,0.0,0.051117804,0.15083866,52_3845951
51.0,0.0,0.0,0.0,0.0,0.051117804,0.15083866,52_3845951
54.0,0.0,0.0,0.0,0.0,0.051117804,0.15083866,52_3845951
57.0,0.0,0.0,0.0,0.0,0.051117804,0.15083866,52_3845951
60.0,0.0,0.0,0.0,0.0,0.051117804,0.15083866,52_3845951
63.0,0.0,0.0,0.0,0.0,0.051117804,0.15083866,52_3845951
66.0,0.0,0.0,0.0,0.0,0.051117804,0.15083866,52_3845951
69.0,0.0,0.0,0.0,0.0,0.051117804,0.15083866,52_3845951
