relative_time,g_flux,g_uncert,r_flux,r_uncert,redshift,mwebv,id
-30.0,0.0,0.0,0.0,0.0,0.018817335,0.022438591,52_3462666
-27.0,0.0,0.0,0.0,0.0,0.018817335,0.022438591,52_3462666
-24.0,11.637207984924316,27.920019149780273,42.22798156738281,75.15606065715168,0.018817335,0.022438591,52_3462666
-21.0,0.0,0.0,0.0,0.0,0.018817335,0.022438591,52_3462666
-18.0,0.0,0.0,0.0,0.0,0.018817335,0.022438591,52_3462666
-15.0,0.0,0.0,0.0,0.0,0.018817335,0.022438591,52_3462666
-12.0,0.0,0.0,0.0,0.0,0.018817335,0.022438591,52_3462666
-9.0,0.0,0.0,-46.57147979736328,204.58480834960938,0.018817335,0.022438591,52_3462666
-6.0,221.7028350830078,87.67668151855469,145.75621032714844,102.5319830255068,0.018817335,0.022438591,52_3462666
-3.0,0.0,0.0,1295.8092041015625,921.0259399414062,0.018817335,0.022438591,52_3462666
0.0,3075.182861328125,75.63876342773438,2271.9482421875,171.8598668772416,0.018817335,0.022438591,52_3462666
3.0,0.0,0.0,0.0,0.0,0.018817335,0.022438591,52_3462666
6.0,0.0,0.0,0.0,0.0,0.018817335,0.022438591,52_3462666
9.0,0.0,0.0,0.0,0.0,0.018817335,0.022438591,52_3462666
12.0,0.0,0.0,0.0,0.0,0.018817335,0.022438591,52_3462666
15.0,0.0,0.0,0.0,0.0,0.018817335,0.022438591,52_3462666
18.0,0.0,0.0,0.0,0.0,0.018817335,0.022438591,52_3462666
21.0,0.0,0.0,0.0,0.0,0.018817335,0.022438591,52_3462666
24.0,0.0,0.0,0.0,0.0,0.018817335,0.022438591,52_3462666
27.0,0.0,0.0,0.0,0.0,0.018817335,0.022438591,52_3462666
30.0,0.0,0.0,0.0,0.0,0.018817335,0.022438591,52_3462666
33.0,0.0,0.0,0.0,0.0,0.018817335,0.022438591,52_3462666
36.0,0.0,0.0,0.0,0.0,0.018817335,0.022438591,52_3462666
39.0,0.0,0.0,0.0,0.0,0.018817335,0.022438591,52_3462666
42.0,0.0,0.0,0.0,0.0,0.018817335,0.022438591,52_3462666
45.0,0.0,0.0,0.0,0.0,0.018817335,0.022438591,52_3462666
48.0,0.0,0.0,0.0,0.0,0.018817335,0.022438591,52_3462666
51.0,0.0,0.0,0.0,0.0,0.018817335,0.022438591,52_3462666
54.0,0.0,0.0,0.0,0.0,0.018817335,0.022438591,52_3462666
57.0,0.0,0.0,0.0,0.0,0.018817335,0.022438591,52_3462666
60.0,0.0,0.0,0.0,0.0,0.018817335,0.022438591,52_3462666
63.0,0.0,0.0,0.0,0.0,0.018817335,0.022438591,52_3462666
66.0,0.0,0.0,0.0,0.0,0.018817335,0.022438591,52_3462666
69.0,0.0,0.0,0.0,0.0,0.018817335,0.022438591,52_3462666
