relative_time,g_flux,g_uncert,r_flux,r_uncert,redshift,mwebv,id
-30.0,0.0,0.0,43.15651321411133,103.62358093261719,0.09844302,0.05579901,52_3121860
-27.0,49.517295837402344,73.91344451904297,0.0,0.0,0.09844302,0.05579901,52_3121860
-24.0,0.0,0.0,-51.0595588684082,61.043060302734375,0.09844302,0.05579901,52_3121860
-21.0,0.0,0.0,0.0,0.0,0.09844302,0.05579901,52_3121860
-18.0,0.0,0.0,0.0,0.0,0.09844302,0.05579901,52_3121860
-15.0,0.0,0.0,-6.473351955413818,556.0667114257812,0.09844302,0.05579901,52_3121860
-12.0,58.720245361328125,99.3112564086914,-94.71060943603516,139.81235814855762,0.09844302,0.05579901,52_3121860
-9.0,96.10984802246094,393.2176208496094,0.0,0.0,0.09844302,0.05579901,52_3121860
-6.0,238.04788208007812,34.61637496948242,184.73524475097656,47.353080794400306,0.09844302,0.05579901,52_3121860
-3.0,0.0,0.0,0.0,0.0,0.09844302,0.05579901,52_3121860
0.0,1258.7994384765625,139.1775665283203,0.0,0.0,0.09844302,0.05579901,52_3121860
3.0,0.0,0.0,0.0,0.0,0.09844302,0.05579901,52_3121860
6.0,0.0,0.0,0.0,0.0,0.09844302,0.05579901,52_3121860
9.0,1761.6666259765625,93.74311828613281,0.0,0.0,0.09844302,0.05579901,52_3121860
12.0,0.0,0.0,0.0,0.0,0.09844302,0.05579901,52_3121860
15.0,1506.2049560546875,184.53530883789062,0.0,0.0,0.09844302,0.05579901,52_3121860
18.0,1026.4501953125,164.2386016845703,0.0,0.0,0.09844302,0.05579901,52_3121860
21.0,487.0656433105469,336.47711181640625,0.0,0.0,0.09844302,0.05579901,52_3121860
24.0,541.8515625,89.07930755615234,0.0,0.0,0.09844302,0.05579901,52_3121860
27.0,0.0,0.0,0.0,0.0,0.09844302,0.05579901,52_3121860
30.0,0.0,0.0,0.0,0.0,0.09844302,0.05579901,52_3121860
33.0,234.35128784179688,121.4987564086914,0.0,0.0,0.09844302,0.05579901,52_3121860
36.0,0.0,0.0,0.0,0.0,0.09844302,0.05579901,52_3121860
39.0,0.0,0.0,0.0,0.0,0.09844302,0.05579901,52_3121860
42.0,0.0,0.0,0.0,0.0,0.09844302,0.05579901,52_3121860
45.0,0.0,0.0,0.0,0.0,0.09844302,0.05579901,52_3121860
48.0,0.0,0.0,0.0,0.0,0.09844302,0.05579901,52_3121860
51.0,0.0,0.0,0.0,0.0,0.09844302,0.05579901,52_3121860
54.0,0.0,0.0,0.0,0.0,0.09844302,0.05579901,52_3121860
57.0,0.0,0.0,0.0,0.0,0.09844302,0.05579901,52_3121860
60.0,0.0,0.0,0.0,0.0,0.09844302,0.05579901,52_3121860
63.0,0.0,0.0,0.0,0.0,0.09844302,0.05579901,52_3121860
66.0,0.0,0.0,0.0,0.0,0.09844302,0.05579901,52_3121860
69.0,0.0,0.0,0.0,0.0,0.09844302,0.05579901,52_3121860
