relative_time,g_flux,g_uncert,r_flux,r_uncert,redshift,mwebv,id
-30.0,0.0,0.0,-25.253698348999023,105.86138153076172,0.06869301,0.017905407,52_3677312
-27.0,0.0,0.0,0.0,0.0,0.06869301,0.017905407,52_3677312
-24.0,0.0,0.0,0.0,0.0,0.06869301,0.017905407,52_3677312
-21.0,0.0,0.0,0.0,0.0,0.06869301,0.017905407,52_3677312
-18.0,0.0,0.0,226.3610076904297,76.62299346923828,0.06869301,0.017905407,52_3677312
-15.0,0.0,0.0,0.0,0.0,0.06869301,0.017905407,52_3677312
-12.0,0.0,0.0,0.0,0.0,0.06869301,0.017905407,52_3677312
-9.0,587.5817260742188,128.4549102783203,0.0,0.0,0.06869301,0.017905407,52_3677312
-6.0,623.4453125,260.841552734375,0.0,0.0,0.06869301,0.017905407,52_3677312
-3.0,536.5547485351562,53.362003326416016,0.0,0.0,0.06869301,0.017905407,52_3677312
0.0,563.9810180664062,73.88156127929688,0.0,0.0,0.06869301,0.017905407,52_3677312
3.0,292.82342529296875,98.811767578125,0.0,0.0,0.06869301,0.017905407,52_3677312
6.0,0.0,0.0,323.8757019042969,104.44377136230469,0.06869301,0.017905407,52_3677312
9.0,0.0,0.0,0.0,0.0,0.06869301,0.017905407,52_3677312
12.0,443.0574951171875,175.79725646972656,0.0,0.0,0.06869301,0.017905407,52_3677312
15.0,0.0,0.0,0.0,0.0,0.06869301,0.017905407,52_3677312
18.0,0.0,0.0,0.0,0.0,0.06869301,0.017905407,52_3677312
21.0,0.0,0.0,0.0,0.0,0.06869301,0.017905407,52_3677312
24.0,0.0,0.0,0.0,0.0,0.06869301,0.017905407,52_3677312
27.0,0.0,0.0,0.0,0.0,0.06869301,0.017905407,52_3677312
30.0,0.0,0.0,0.0,0.0,0.06869301,0.017905407,52_3677312
33.0,0.0,0.0,0.0,0.0,0.06869301,0.017905407,52_3677312
36.0,0.0,0.0,0.0,0.0,0.06869301,0.017905407,52_3677312
39.0,0.0,0.0,0.0,0.0,0.06869301,0.017905407,52_3677312
42.0,0.0,0.0,0.0,0.0,0.06869301,0.017905407,52_3677312
45.0,0.0,0.0,0.0,0.0,0.06869301,0.017905407,52_3677312
48.0,0.0,0.0,0.0,0.0,0.06869301,0.017905407,52_3677312
51.0,0.0,0.0,0.0,0.0,0.06869301,0.017905407,52_3677312
54.0,0.0,0.0,0.0,0.0,0.06869301,0.017905407,52_3677312
57.0,0.0,0.0,0.0,0.0,0.06869301,0.017905407,52_3677312
60.0,0.0,0.0,0.0,0.0,0.06869301,0.017905407,52_3677312
63.0,0.0,0.0,0.0,0.0,0.06869301,0.017905407,52_3677312
66.0,0.0,0.0,0.0,0.0,0.06869301,0.017905407,52_3677312
69.0,0.0,0.0,0.0,0.0,0.06869301,0.017905407,52_3677312
