relative_time,g_flux,g_uncert,r_flux,r_uncert,redshift,mwebv,id
-30.0,0.0,0.0,0.0,0.0,0.025387565,0.02105622,52_3527
-27.0,0.0,0.0,0.0,0.0,0.025387565,0.02105622,52_3527
-24.0,0.0,0.0,0.0,0.0,0.025387565,0.02105622,52_3527
-21.0,0.0,0.0,0.0,0.0,0.025387565,0.02105622,52_3527
-18.0,0.0,0.0,0.0,0.0,0.025387565,0.02105622,52_3527
-15.0,0.0,0.0,0.0,0.0,0.025387565,0.02105622,52_3527
-12.0,0.0,0.0,0.0,0.0,0.025387565,0.02105622,52_3527
-9.0,0.0,0.0,0.0,0.0,0.025387565,0.02105622,52_3527
-6.0,0.0,0.0,0.0,0.0,0.025387565,0.02105622,52_3527
-3.0,1211.67919921875,75.13392639160156,0.0,0.0,0.025387565,0.02105622,52_3527
0.0,1223.7342529296875,132.9128875732422,0.0,0.0,0.025387565,0.02105622,52_3527
3.0,415.30592346191406,78.49298477172852,534.8839721679688,101.51079143900208,0.025387565,0.02105622,52_3527
6.0,0.0,0.0,0.0,0.0,0.025387565,0.02105622,52_3527
9.0,551.181142171224,135.9261271158854,259.82421875,117.68379956155162,0.025387565,0.02105622,52_3527
12.0,0.0,0.0,0.0,0.0,0.025387565,0.02105622,52_3527
15.0,98.5135269165039,36.8961067199707,255.83309173583984,57.13686101449145,0.025387565,0.02105622,52_3527
18.0,318.4797058105469,138.28094482421875,0.0,0.0,0.025387565,0.02105622,52_3527
21.0,228.6550521850586,54.70627403259277,0.0,0.0,0.025387565,0.02105622,52_3527
24.0,0.0,0.0,0.0,0.0,0.025387565,0.02105622,52_3527
27.0,0.0,0.0,0.0,0.0,0.025387565,0.02105622,52_3527
30.0,152.72330856323242,210.89625549316406,0.0,0.0,0.025387565,0.02105622,52_3527
33.0,206.46985880533853,300.11830647786456,49.08550008138021,222.63581700130052,0.025387565,0.02105622,52_3527
36.0,268.4971923828125,155.19017791748047,148.83834838867188,221.21602077162717,0.025387565,0.02105622,52_3527
39.0,118.75581359863281,61.39974466959635,84.99735005696614,64.37569586638674,0.025387565,0.02105622,52_3527
42.0,0.0,0.0,0.0,0.0,0.025387565,0.02105622,52_3527
45.0,0.0,0.0,0.0,0.0,0.025387565,0.02105622,52_3527
48.0,0.0,0.0,0.0,0.0,0.025387565,0.02105622,52_3527
51.0,-93.30890655517578,124.89881134033203,0.0,0.0,0.025387565,0.02105622,52_3527
54.0,0.0,0.0,0.0,0.0,0.025387565,0.02105622,52_3527
57.0,0.0,0.0,0.0,0.0,0.025387565,0.02105622,52_3527
60.0,0.0,0.0,0.0,0.0,0.025387565,0.02105622,52_3527
63.0,0.0,0.0,0.0,0.0,0.025387565,0.02105622,52_3527
66.0,28.83233388264974,19.162307739257812,140.0722885131836,119.82823250560267,0.025387565,0.02105622,52_3527
69.0,0.0,0.0,0.0,0.0,0.025387565,0.02105622,52_3527
