relative_time,g_flux,g_uncert,r_flux,r_uncert,redshift,mwebv,id
-30.0,0.0,0.0,0.0,0.0,0.09111781,0.09810373,52_4043514
-27.0,0.0,0.0,0.0,0.0,0.09111781,0.09810373,52_4043514
-24.0,0.0,0.0,186.81637573242188,255.6634979248047,0.09111781,0.09810373,52_4043514
-21.0,0.0,0.0,0.0,0.0,0.09111781,0.09810373,52_4043514
-18.0,0.0,0.0,629.16552734375,361.0005187988281,0.09111781,0.09810373,52_4043514
-15.0,0.0,0.0,0.0,0.0,0.09111781,0.09810373,52_4043514
-12.0,0.0,0.0,82.93661499023438,124.39818572998047,0.09111781,0.09810373,52_4043514
-9.0,0.0,0.0,0.0,0.0,0.09111781,0.09810373,52_4043514
-6.0,0.0,0.0,0.0,0.0,0.09111781,0.09810373,52_4043514
-3.0,0.0,0.0,1199.154541015625,190.82838439941406,0.09111781,0.09810373,52_4043514
0.0,1060.9990234375,93.2282485961914,1084.794921875,107.92536619818958,0.09111781,0.09810373,52_4043514
3.0,1521.8388671875,170.57701110839844,921.3011474609375,289.2695768337635,0.09111781,0.09810373,52_4043514
6.0,0.0,0.0,2725.921875,174.22178649902344,0.09111781,0.09810373,52_4043514
9.0,0.0,0.0,0.0,0.0,0.09111781,0.09810373,52_4043514
12.0,2370.701171875,163.8357391357422,0.0,0.0,0.09111781,0.09810373,52_4043514
15.0,1900.8179931640625,127.51307678222656,0.0,0.0,0.09111781,0.09810373,52_4043514
18.0,0.0,0.0,0.0,0.0,0.09111781,0.09810373,52_4043514
21.0,0.0,0.0,1599.181640625,169.2285919189453,0.09111781,0.09810373,52_4043514
24.0,428.1316833496094,45.860076904296875,645.0430297851562,85.00480674205878,0.09111781,0.09810373,52_4043514
27.0,0.0,0.0,0.0,0.0,0.09111781,0.09810373,52_4043514
30.0,0.0,0.0,0.0,0.0,0.09111781,0.09810373,52_4043514
33.0,435.1112060546875,190.89500427246094,509.8609619140625,219.04589779463197,0.09111781,0.09810373,52_4043514
36.0,551.8687744140625,308.6890563964844,0.0,0.0,0.09111781,0.09810373,52_4043514
39.0,0.0,0.0,0.0,0.0,0.09111781,0.09810373,52_4043514
42.0,276.25518798828125,139.65420532226562,0.0,0.0,0.09111781,0.09810373,52_4043514
45.0,0.0,0.0,0.0,0.0,0.09111781,0.09810373,52_4043514
48.0,0.0,0.0,0.0,0.0,0.09111781,0.09810373,52_4043514
51.0,0.0,0.0,0.0,0.0,0.09111781,0.09810373,52_4043514
54.0,0.0,0.0,0.0,0.0,0.09111781,0.09810373,52_4043514
57.0,0.0,0.0,0.0,0.0,0.09111781,0.09810373,52_4043514
60.0,0.0,0.0,0.0,0.0,0.09111781,0.09810373,52_4043514
63.0,0.0,0.0,0.0,0.0,0.09111781,0.09810373,52_4043514
66.0,184.62791442871094,325.2996520996094,0.0,0.0,0.09111781,0.09810373,52_4043514
69.0,0.0,0.0,0.0,0.0,0.09111781,0.09810373,52_4043514
