relative_time,g_flux,g_uncert,r_flux,r_uncert,redshift,mwebv,id
-30.0,0.0,0.0,0.0,0.0,0.14148402,0.029150296,52_4312012
-27.0,0.0,0.0,97.01414489746094,52.700172424316406,0.14148402,0.029150296,52_4312012
-24.0,0.0,0.0,-82.13240051269531,164.9727325439453,0.14148402,0.029150296,52_4312012
-21.0,40.09387969970703,90.70214080810547,-29.605506896972656,78.13211099631735,0.14148402,0.029150296,52_4312012
-18.0,29.201868693033855,77.58917236328125,-317.6313069661458,331.5684209930359,0.14148402,0.029150296,52_4312012
-15.0,0.0,0.0,0.0,0.0,0.14148402,0.029150296,52_4312012
-12.0,0.0,0.0,0.0,0.0,0.14148402,0.029150296,52_4312012
-9.0,143.7076873779297,77.2171401977539,149.4798583984375,116.14345408595806,0.14148402,0.029150296,52_4312012
-6.0,0.0,0.0,0.0,0.0,0.14148402,0.029150296,52_4312012
-3.0,354.3897705078125,46.152103424072266,253.58981323242188,113.49917294867694,0.14148402,0.029150296,52_4312012
0.0,935.3304443359375,92.10610961914062,0.0,0.0,0.14148402,0.029150296,52_4312012
3.0,0.0,0.0,0.0,0.0,0.14148402,0.029150296,52_4312012
6.0,0.0,0.0,0.0,0.0,0.14148402,0.029150296,52_4312012
9.0,450.85235595703125,98.7652587890625,416.194580078125,101.82665652720135,0.14148402,0.029150296,52_4312012
12.0,0.0,0.0,0.0,0.0,0.14148402,0.029150296,52_4312012
15.0,576.5087280273438,238.34063720703125,0.0,0.0,0.14148402,0.029150296,52_4312012
18.0,0.0,0.0,0.0,0.0,0.14148402,0.029150296,52_4312012
21.0,0.0,0.0,0.0,0.0,0.14148402,0.029150296,52_4312012
24.0,0.0,0.0,0.0,0.0,0.14148402,0.029150296,52_4312012
27.0,0.0,0.0,0.0,0.0,0.14148402,0.029150296,52_4312012
30.0,0.0,0.0,0.0,0.0,0.14148402,0.029150296,52_4312012
33.0,0.0,0.0,0.0,0.0,0.14148402,0.029150296,52_4312012
36.0,0.0,0.0,0.0,0.0,0.14148402,0.029150296,52_4312012
39.0,0.0,0.0,0.0,0.0,0.14148402,0.029150296,52_4312012
42.0,0.0,0.0,0.0,0.0,0.14148402,0.029150296,52_4312012
45.0,0.0,0.0,0.0,0.0,0.14148402,0.029150296,52_4312012
48.0,0.0,0.0,0.0,0.0,0.14148402,0.029150296,52_4312012
51.0,0.0,0.0,0.0,0.0,0.14148402,0.029150296,52_4312012
54.0,0.0,0.0,0.0,0.0,0.14148402,0.029150296,52_4312012
57.0,0.0,0.0,0.0,0.0,0.14148402,0.029150296,52_4312012
60.0,0.0,0.0,0.0,0.0,0.14148402,0.029150296,52_4312012
63.0,0.0,0.0,0.0,0.0,0.14148402,0.029150296,52_4312012
66.0,0.0,0.0,0.0,0.0,0.14148402,0.029150296,52_4312012
69.0,0.0,0.0,0.0,0.0,0.14148402,0.029150296,52_4312012
