relative_time,g_flux,g_uncert,r_flux,r_uncert,redshift,mwebv,id
-30.0,0.0,0.0,0.0,0.0,0.12683606,0.029291647,52_4401900
-27.0,0.0,0.0,0.0,0.0,0.12683606,0.029291647,52_4401900
-24.0,0.0,0.0,0.0,0.0,0.12683606,0.029291647,52_4401900
-21.0,0.0,0.0,0.0,0.0,0.12683606,0.029291647,52_4401900
-18.0,4.460464159647624,19.896058400472004,-33.73464838663737,132.32849855218163,0.12683606,0.029291647,52_4401900
-15.0,0.0,0.0,102.37513796488444,133.34534776155024,0.12683606,0.029291647,52_4401900
-12.0,0.0,0.0,0.0,0.0,0.12683606,0.029291647,52_4401900
-9.0,0.0,0.0,875.4201049804688,215.62515258789062,0.12683606,0.029291647,52_4401900
-6.0,0.0,0.0,0.0,0.0,0.12683606,0.029291647,52_4401900
-3.0,0.0,0.0,0.0,0.0,0.12683606,0.029291647,52_4401900
0.0,356.4877522786458,21.423072814941406,670.1473185221354,65.6792255489474,0.12683606,0.029291647,52_4401900
3.0,0.0,0.0,0.0,0.0,0.12683606,0.029291647,52_4401900
6.0,0.0,0.0,0.0,0.0,0.12683606,0.029291647,52_4401900
9.0,0.0,0.0,0.0,0.0,0.12683606,0.029291647,52_4401900
12.0,0.0,0.0,0.0,0.0,0.12683606,0.029291647,52_4401900
15.0,0.0,0.0,0.0,0.0,0.12683606,0.029291647,52_4401900
18.0,0.0,0.0,0.0,0.0,0.12683606,0.029291647,52_4401900
21.0,0.0,0.0,0.0,0.0,0.12683606,0.029291647,52_4401900
24.0,0.0,0.0,0.0,0.0,0.12683606,0.029291647,52_4401900
27.0,0.0,0.0,0.0,0.0,0.12683606,0.029291647,52_4401900
30.0,0.0,0.0,0.0,0.0,0.12683606,0.029291647,52_4401900
33.0,0.0,0.0,0.0,0.0,0.12683606,0.029291647,52_4401900
36.0,0.0,0.0,0.0,0.0,0.12683606,0.029291647,52_4401900
39.0,0.0,0.0,0.0,0.0,0.12683606,0.029291647,52_4401900
42.0,0.0,0.0,0.0,0.0,0.12683606,0.029291647,52_4401900
45.0,0.0,0.0,0.0,0.0,0.12683606,0.029291647,52_4401900
48.0,0.0,0.0,0.0,0.0,0.12683606,0.029291647,52_4401900
51.0,0.0,0.0,0.0,0.0,0.12683606,0.029291647,52_4401900
54.0,0.0,0.0,0.0,0.0,0.12683606,0.029291647,52_4401900
57.0,0.0,0.0,0.0,0.0,0.12683606,0.029291647,52_4401900
60.0,0.0,0.0,0.0,0.0,0.12683606,0.029291647,52_4401900
63.0,0.0,0.0,0.0,0.0,0.12683606,0.029291647,52_4401900
66.0,0.0,0.0,0.0,0.0,0.12683606,0.029291647,52_4401900
69.0,0.0,0.0,0.0,0.0,0.12683606,0.029291647,52_4401900
