relative_time,g_flux,g_uncert,r_flux,r_uncert,redshift,mwebv,id
-30.0,40.53467559814453,80.5668716430664,0.0,0.0,0.090130456,0.032625694,52_4662909
-27.0,0.0,0.0,0.0,0.0,0.090130456,0.032625694,52_4662909
-24.0,0.0,0.0,0.0,0.0,0.090130456,0.032625694,52_4662909
-21.0,0.0,0.0,53.40119552612305,83.9163818359375,0.090130456,0.032625694,52_4662909
-18.0,0.0,0.0,-51.44535446166992,117.14192962646484,0.090130456,0.032625694,52_4662909
-15.0,0.0,0.0,0.0,0.0,0.090130456,0.032625694,52_4662909
-12.0,334.4559020996094,219.49148559570312,0.0,0.0,0.090130456,0.032625694,52_4662909
-9.0,0.0,0.0,0.0,0.0,0.090130456,0.032625694,52_4662909
-6.0,632.1055908203125,76.51209259033203,0.0,0.0,0.090130456,0.032625694,52_4662909
-3.0,0.0,0.0,0.0,0.0,0.090130456,0.032625694,52_4662909
0.0,0.0,0.0,602.9398803710938,79.74964141845703,0.090130456,0.032625694,52_4662909
3.0,0.0,0.0,0.0,0.0,0.090130456,0.032625694,52_4662909
6.0,0.0,0.0,0.0,0.0,0.090130456,0.032625694,52_4662909
9.0,0.0,0.0,0.0,0.0,0.090130456,0.032625694,52_4662909
12.0,0.0,0.0,0.0,0.0,0.090130456,0.032625694,52_4662909
15.0,0.0,0.0,0.0,0.0,0.090130456,0.032625694,52_4662909
18.0,0.0,0.0,0.0,0.0,0.090130456,0.032625694,52_4662909
21.0,0.0,0.0,0.0,0.0,0.090130456,0.032625694,52_4662909
24.0,0.0,0.0,0.0,0.0,0.090130456,0.032625694,52_4662909
27.0,0.0,0.0,0.0,0.0,0.090130456,0.032625694,52_4662909
30.0,0.0,0.0,0.0,0.0,0.090130456,0.032625694,52_4662909
33.0,0.0,0.0,0.0,0.0,0.090130456,0.032625694,52_4662909
36.0,0.0,0.0,0.0,0.0,0.090130456,0.032625694,52_4662909
39.0,0.0,0.0,0.0,0.0,0.090130456,0.032625694,52_4662909
42.0,0.0,0.0,0.0,0.0,0.090130456,0.032625694,52_4662909
45.0,0.0,0.0,0.0,0.0,0.090130456,0.032625694,52_4662909
48.0,0.0,0.0,0.0,0.0,0.090130456,0.032625694,52_4662909
51.0,0.0,0.0,0.0,0.0,0.090130456,0.032625694,52_4662909
54.0,0.0,0.0,0.0,0.0,0.090130456,0.032625694,52_4662909
57.0,0.0,0.0,0.0,0.0,0.090130456,0.032625694,52_4662909
60.0,0.0,0.0,0.0,0.0,0.090130456,0.032625694,52_4662909
63.0,0.0,0.0,0.0,0.0,0.090130456,0.032625694,52_4662909
66.0,0.0,0.0,0.0,0.0,0.090130456,0.032625694,52_4662909
69.0,0.0,0.0,0.0,0.0,0.090130456,0.032625694,52_4662909
