relative_time,g_flux,g_uncert,r_flux,r_uncert,redshift,mwebv,id
-30.0,0.0,0.0,0.0,0.0,0.15141575,0.02497669,52_53330
-27.0,-29.582223892211914,47.08944320678711,0.0,0.0,0.15141575,0.02497669,52_53330
-24.0,40.6212158203125,30.050902048746746,-66.29203287760417,87.54466367690085,0.15141575,0.02497669,52_53330
-21.0,43.526580810546875,34.30465316772461,15.938936233520508,47.00888198112772,0.15141575,0.02497669,52_53330
-18.0,0.0,0.0,0.0,0.0,0.15141575,0.02497669,52_53330
-15.0,163.08499145507812,88.39915466308594,0.0,0.0,0.15141575,0.02497669,52_53330
-12.0,319.2027282714844,82.52654266357422,180.1747589111328,112.15853362246277,0.15141575,0.02497669,52_53330
-9.0,186.40707397460938,102.0684814453125,301.1062316894531,88.52383796516338,0.15141575,0.02497669,52_53330
-6.0,435.3367004394531,123.34718322753906,308.5155944824219,121.14985770825575,0.15141575,0.02497669,52_53330
-3.0,969.4157104492188,63.81594467163086,0.0,0.0,0.15141575,0.02497669,52_53330
0.0,546.4728393554688,47.27225875854492,458.628662109375,94.20736948388922,0.15141575,0.02497669,52_53330
3.0,0.0,0.0,0.0,0.0,0.15141575,0.02497669,52_53330
6.0,0.0,0.0,0.0,0.0,0.15141575,0.02497669,52_53330
9.0,653.2669677734375,169.3731231689453,0.0,0.0,0.15141575,0.02497669,52_53330
12.0,0.0,0.0,0.0,0.0,0.15141575,0.02497669,52_53330
15.0,0.0,0.0,826.3573608398438,383.1040954589844,0.15141575,0.02497669,52_53330
18.0,0.0,0.0,0.0,0.0,0.15141575,0.02497669,52_53330
21.0,0.0,0.0,0.0,0.0,0.15141575,0.02497669,52_53330
24.0,0.0,0.0,0.0,0.0,0.15141575,0.02497669,52_53330
27.0,0.0,0.0,0.0,0.0,0.15141575,0.02497669,52_53330
30.0,194.25917053222656,137.4957275390625,0.0,0.0,0.15141575,0.02497669,52_53330
33.0,0.0,0.0,0.0,0.0,0.15141575,0.02497669,52_53330
36.0,0.0,0.0,0.0,0.0,0.15141575,0.02497669,52_53330
39.0,0.0,0.0,0.0,0.0,0.15141575,0.02497669,52_53330
42.0,0.0,0.0,0.0,0.0,0.15141575,0.02497669,52_53330
45.0,0.0,0.0,0.0,0.0,0.15141575,0.02497669,52_53330
48.0,0.0,0.0,0.0,0.0,0.15141575,0.02497669,52_53330
51.0,0.0,0.0,0.0,0.0,0.15141575,0.02497669,52_53330
54.0,0.0,0.0,0.0,0.0,0.15141575,0.02497669,52_53330
57.0,0.0,0.0,0.0,0.0,0.15141575,0.02497669,52_53330
60.0,0.0,0.0,0.0,0.0,0.15141575,0.02497669,52_53330
63.0,0.0,0.0,0.0,0.0,0.15141575,0.02497669,52_53330
66.0,0.0,0.0,0.0,0.0,0.15141575,0.02497669,52_53330
69.0,0.0,0.0,0.0,0.0,0.15141575,0.02497669,52_53330
