relative_time,g_flux,g_uncert,r_flux,r_uncert,redshift,mwebv,id
-30.0,0.0,0.0,0.0,0.0,0.06640857,0.008848878,52_5419444
-27.0,0.0,0.0,0.0,0.0,0.06640857,0.008848878,52_5419444
-24.0,0.0,0.0,0.0,0.0,0.06640857,0.008848878,52_5419444
-21.0,0.0,0.0,0.0,0.0,0.06640857,0.008848878,52_5419444
-18.0,-49.463863372802734,49.90547561645508,0.0,0.0,0.06640857,0.008848878,52_5419444
-15.0,3.105710983276367,27.781158447265625,31.811721801757812,36.549736239054084,0.06640857,0.008848878,52_5419444
-12.0,175.8665008544922,29.3012752532959,95.37104034423828,50.85177363428749,0.06640857,0.008848878,52_5419444
-9.0,293.74334716796875,79.59260559082031,334.8716125488281,90.99586864150315,0.06640857,0.008848878,52_5419444
-6.0,0.0,0.0,1214.4052734375,188.96263122558594,0.06640857,0.008848878,52_5419444
-3.0,0.0,0.0,1228.971435546875,174.37451171875,0.06640857,0.008848878,52_5419444
0.0,873.8367919921875,117.85980224609375,906.5745239257812,81.80043242599372,0.06640857,0.008848878,52_5419444
3.0,0.0,0.0,0.0,0.0,0.06640857,0.008848878,52_5419444
6.0,466.3951721191406,47.22517395019531,915.1122436523438,97.33070856008456,0.06640857,0.008848878,52_5419444
9.0,0.0,0.0,0.0,0.0,0.06640857,0.008848878,52_5419444
12.0,0.0,0.0,0.0,0.0,0.06640857,0.008848878,52_5419444
15.0,0.0,0.0,1212.2701416015625,147.5813751220703,0.06640857,0.008848878,52_5419444
18.0,0.0,0.0,0.0,0.0,0.06640857,0.008848878,52_5419444
21.0,0.0,0.0,0.0,0.0,0.06640857,0.008848878,52_5419444
24.0,0.0,0.0,0.0,0.0,0.06640857,0.008848878,52_5419444
27.0,0.0,0.0,0.0,0.0,0.06640857,0.008848878,52_5419444
30.0,0.0,0.0,0.0,0.0,0.06640857,0.008848878,52_5419444
33.0,0.0,0.0,0.0,0.0,0.06640857,0.008848878,52_5419444
36.0,0.0,0.0,0.0,0.0,0.06640857,0.008848878,52_5419444
39.0,0.0,0.0,0.0,0.0,0.06640857,0.008848878,52_5419444
42.0,0.0,0.0,0.0,0.0,0.06640857,0.008848878,52_5419444
45.0,0.0,0.0,0.0,0.0,0.06640857,0.008848878,52_5419444
48.0,0.0,0.0,0.0,0.0,0.06640857,0.008848878,52_5419444
51.0,0.0,0.0,0.0,0.0,0.06640857,0.008848878,52_5419444
54.0,0.0,0.0,0.0,0.0,0.06640857,0.008848878,52_5419444
57.0,0.0,0.0,0.0,0.0,0.06640857,0.008848878,52_5419444
60.0,0.0,0.0,0.0,0.0,0.06640857,0.008848878,52_5419444
63.0,0.0,0.0,0.0,0.0,0.06640857,0.008848878,52_5419444
66.0,0.0,0.0,0.0,0.0,0.06640857,0.008848878,52_5419444
69.0,0.0,0.0,0.0,0.0,0.06640857,0.008848878,52_5419444
