relative_time,g_flux,g_uncert,r_flux,r_uncert,redshift,mwebv,id
-30.0,0.0,0.0,0.0,0.0,0.050308358,0.108511426,52_547701
-27.0,0.0,0.0,-861.4713134765625,652.432861328125,0.050308358,0.108511426,52_547701
-24.0,0.0,0.0,0.0,0.0,0.050308358,0.108511426,52_547701
-21.0,0.0,0.0,0.0,0.0,0.050308358,0.108511426,52_547701
-18.0,0.0,0.0,0.0,0.0,0.050308358,0.108511426,52_547701
-15.0,0.0,0.0,1669.4647216796875,157.23956298828125,0.050308358,0.108511426,52_547701
-12.0,0.0,0.0,0.0,0.0,0.050308358,0.108511426,52_547701
-9.0,0.0,0.0,0.0,0.0,0.050308358,0.108511426,52_547701
-6.0,0.0,0.0,0.0,0.0,0.050308358,0.108511426,52_547701
-3.0,0.0,0.0,0.0,0.0,0.050308358,0.108511426,52_547701
0.0,4025.865234375,476.0655822753906,0.0,0.0,0.050308358,0.108511426,52_547701
3.0,0.0,0.0,0.0,0.0,0.050308358,0.108511426,52_547701
6.0,0.0,0.0,0.0,0.0,0.050308358,0.108511426,52_547701
9.0,0.0,0.0,0.0,0.0,0.050308358,0.108511426,52_547701
12.0,0.0,0.0,0.0,0.0,0.050308358,0.108511426,52_547701
15.0,0.0,0.0,0.0,0.0,0.050308358,0.108511426,52_547701
18.0,822.3950805664062,271.0242919921875,870.0574340820312,159.53630640094426,0.050308358,0.108511426,52_547701
21.0,0.0,0.0,0.0,0.0,0.050308358,0.108511426,52_547701
24.0,0.0,0.0,0.0,0.0,0.050308358,0.108511426,52_547701
27.0,497.2439270019531,215.64736938476562,0.0,0.0,0.050308358,0.108511426,52_547701
30.0,0.0,0.0,0.0,0.0,0.050308358,0.108511426,52_547701
33.0,0.0,0.0,0.0,0.0,0.050308358,0.108511426,52_547701
36.0,0.0,0.0,0.0,0.0,0.050308358,0.108511426,52_547701
39.0,0.0,0.0,0.0,0.0,0.050308358,0.108511426,52_547701
42.0,0.0,0.0,822.1447143554688,155.32383728027344,0.050308358,0.108511426,52_547701
45.0,145.877685546875,85.5035400390625,478.6197204589844,117.255753250883,0.050308358,0.108511426,52_547701
48.0,0.0,0.0,0.0,0.0,0.050308358,0.108511426,52_547701
51.0,-700.381591796875,321.37677001953125,210.26931762695312,731.9865473481257,0.050308358,0.108511426,52_547701
54.0,0.0,0.0,0.0,0.0,0.050308358,0.108511426,52_547701
57.0,98.96401977539062,53.29879379272461,306.1171569824219,73.4993455923897,0.050308358,0.108511426,52_547701
60.0,378.498046875,115.41584777832031,0.0,0.0,0.050308358,0.108511426,52_547701
63.0,0.0,0.0,0.0,0.0,0.050308358,0.108511426,52_547701
66.0,187.49044799804688,81.17855834960938,260.8605041503906,116.85482275646604,0.050308358,0.108511426,52_547701
69.0,0.0,0.0,0.0,0.0,0.050308358,0.108511426,52_547701
