relative_time,g_flux,g_uncert,r_flux,r_uncert,redshift,mwebv,id
-30.0,633.234375,265.4320983886719,0.0,0.0,0.15346518,0.039218746,52_671628
-27.0,20.949237823486328,14.72388744354248,73.89773368835449,89.2118309958713,0.15346518,0.039218746,52_671628
-24.0,0.0,0.0,0.0,0.0,0.15346518,0.039218746,52_671628
-21.0,60.471675872802734,146.50571250915527,159.05355072021484,114.85678289695414,0.15346518,0.039218746,52_671628
-18.0,0.0,0.0,0.0,0.0,0.15346518,0.039218746,52_671628
-15.0,743.7406616210938,90.22169494628906,0.0,0.0,0.15346518,0.039218746,52_671628
-12.0,0.0,0.0,0.0,0.0,0.15346518,0.039218746,52_671628
-9.0,0.0,0.0,0.0,0.0,0.15346518,0.039218746,52_671628
-6.0,0.0,0.0,-185.38121032714844,930.5877075195312,0.15346518,0.039218746,52_671628
-3.0,391.5879211425781,54.37665939331055,402.2142639160156,125.53722999881187,0.15346518,0.039218746,52_671628
0.0,316.7322082519531,36.7741813659668,583.344970703125,126.29829553568558,0.15346518,0.039218746,52_671628
3.0,0.0,0.0,0.0,0.0,0.15346518,0.039218746,52_671628
6.0,0.0,0.0,0.0,0.0,0.15346518,0.039218746,52_671628
9.0,0.0,0.0,338.59869384765625,124.64134979248047,0.15346518,0.039218746,52_671628
12.0,0.0,0.0,0.0,0.0,0.15346518,0.039218746,52_671628
15.0,0.0,0.0,0.0,0.0,0.15346518,0.039218746,52_671628
18.0,0.0,0.0,0.0,0.0,0.15346518,0.039218746,52_671628
21.0,0.0,0.0,0.0,0.0,0.15346518,0.039218746,52_671628
24.0,0.0,0.0,0.0,0.0,0.15346518,0.039218746,52_671628
27.0,0.0,0.0,0.0,0.0,0.15346518,0.039218746,52_671628
30.0,0.0,0.0,0.0,0.0,0.15346518,0.039218746,52_671628
33.0,0.0,0.0,0.0,0.0,0.15346518,0.039218746,52_671628
36.0,0.0,0.0,0.0,0.0,0.15346518,0.039218746,52_671628
39.0,0.0,0.0,0.0,0.0,0.15346518,0.039218746,52_671628
42.0,0.0,0.0,0.0,0.0,0.15346518,0.039218746,52_671628
45.0,0.0,0.0,0.0,0.0,0.15346518,0.039218746,52_671628
48.0,0.0,0.0,0.0,0.0,0.15346518,0.039218746,52_671628
51.0,0.0,0.0,0.0,0.0,0.15346518,0.039218746,52_671628
54.0,0.0,0.0,0.0,0.0,0.15346518,0.039218746,52_671628
57.0,0.0,0.0,0.0,0.0,0.15346518,0.039218746,52_671628
60.0,0.0,0.0,0.0,0.0,0.15346518,0.039218746,52_671628
63.0,0.0,0.0,0.0,0.0,0.15346518,0.039218746,52_671628
66.0,0.0,0.0,0.0,0.0,0.15346518,0.039218746,52_671628
69.0,0.0,0.0,0.0,0.0,0.15346518,0.039218746,52_671628
