relative_time,g_flux,g_uncert,r_flux,r_uncert,redshift,mwebv,id
-30.0,-67.72107696533203,46.0280647277832,0.0,0.0,0.1405252,0.011348171,52_836109
-27.0,0.0,0.0,0.0,0.0,0.1405252,0.011348171,52_836109
-24.0,0.0,0.0,0.0,0.0,0.1405252,0.011348171,52_836109
-21.0,0.0,0.0,0.0,0.0,0.1405252,0.011348171,52_836109
-18.0,0.0,0.0,-41.77165603637695,195.58889770507812,0.1405252,0.011348171,52_836109
-15.0,0.0,0.0,20.51498508453369,88.96780972284255,0.1405252,0.011348171,52_836109
-12.0,25.56881332397461,63.5521354675293,62.75535583496094,187.3056583985847,0.1405252,0.011348171,52_836109
-9.0,0.0,0.0,260.49913024902344,139.44361127128963,0.1405252,0.011348171,52_836109
-6.0,0.0,0.0,0.0,0.0,0.1405252,0.011348171,52_836109
-3.0,0.0,0.0,0.0,0.0,0.1405252,0.011348171,52_836109
0.0,198.33206176757812,22.547910690307617,234.65078735351562,39.82628214415963,0.1405252,0.011348171,52_836109
3.0,0.0,0.0,0.0,0.0,0.1405252,0.011348171,52_836109
6.0,0.0,0.0,0.0,0.0,0.1405252,0.011348171,52_836109
9.0,0.0,0.0,0.0,0.0,0.1405252,0.011348171,52_836109
12.0,0.0,0.0,0.0,0.0,0.1405252,0.011348171,52_836109
15.0,0.0,0.0,0.0,0.0,0.1405252,0.011348171,52_836109
18.0,0.0,0.0,0.0,0.0,0.1405252,0.011348171,52_836109
21.0,0.0,0.0,0.0,0.0,0.1405252,0.011348171,52_836109
24.0,0.0,0.0,0.0,0.0,0.1405252,0.011348171,52_836109
27.0,0.0,0.0,0.0,0.0,0.1405252,0.011348171,52_836109
30.0,0.0,0.0,0.0,0.0,0.1405252,0.011348171,52_836109
33.0,0.0,0.0,0.0,0.0,0.1405252,0.011348171,52_836109
36.0,0.0,0.0,0.0,0.0,0.1405252,0.011348171,52_836109
39.0,0.0,0.0,0.0,0.0,0.1405252,0.011348171,52_836109
42.0,0.0,0.0,0.0,0.0,0.1405252,0.011348171,52_836109
45.0,0.0,0.0,0.0,0.0,0.1405252,0.011348171,52_836109
48.0,0.0,0.0,0.0,0.0,0.1405252,0.011348171,52_836109
51.0,0.0,0.0,0.0,0.0,0.1405252,0.011348171,52_836109
54.0,0.0,0.0,0.0,0.0,0.1405252,0.011348171,52_836109
57.0,0.0,0.0,0.0,0.0,0.1405252,0.011348171,52_836109
60.0,0.0,0.0,0.0,0.0,0.1405252,0.011348171,52_836109
63.0,0.0,0.0,0.0,0.0,0.1405252,0.011348171,52_836109
66.0,0.0,0.0,0.0,0.0,0.1405252,0.011348171,52_836109
69.0,0.0,0.0,0.0,0.0,0.1405252,0.011348171,52_836109
