relative_time,g_flux,g_uncert,r_flux,r_uncert,redshift,mwebv,id
-30.0,0.0,0.0,0.0,0.0,0.055340983,0.030653842,52_804229
-27.0,0.0,0.0,0.0,0.0,0.055340983,0.030653842,52_804229
-24.0,0.0,0.0,0.0,0.0,0.055340983,0.030653842,52_804229
-21.0,0.0,0.0,0.0,0.0,0.055340983,0.030653842,52_804229
-18.0,0.0,0.0,0.0,0.0,0.055340983,0.030653842,52_804229
-15.0,0.0,0.0,0.0,0.0,0.055340983,0.030653842,52_804229
-12.0,0.0,0.0,0.0,0.0,0.055340983,0.030653842,52_804229
-9.0,0.0,0.0,0.0,0.0,0.055340983,0.030653842,52_804229
-6.0,896.8819580078125,171.78024291992188,0.0,0.0,0.055340983,0.030653842,52_804229
-3.0,566.9909057617188,89.56764221191406,366.0567321777344,151.51453516179166,0.055340983,0.030653842,52_804229
0.0,506.0113830566406,40.07491683959961,431.5083312988281,59.28998540810909,0.055340983,0.030653842,52_804229
3.0,535.7833658854166,90.69012451171875,747.7552490234375,125.75682976309461,0.055340983,0.030653842,52_804229
6.0,1225.32958984375,313.61798095703125,0.0,0.0,0.055340983,0.030653842,52_804229
9.0,0.0,0.0,0.0,0.0,0.055340983,0.030653842,52_804229
12.0,0.0,0.0,0.0,0.0,0.055340983,0.030653842,52_804229
15.0,0.0,0.0,0.0,0.0,0.055340983,0.030653842,52_804229
18.0,0.0,0.0,0.0,0.0,0.055340983,0.030653842,52_804229
21.0,0.0,0.0,0.0,0.0,0.055340983,0.030653842,52_804229
24.0,0.0,0.0,0.0,0.0,0.055340983,0.030653842,52_804229
27.0,-24.09210205078125,374.77349853515625,0.0,0.0,0.055340983,0.030653842,52_804229
30.0,0.0,0.0,0.0,0.0,0.055340983,0.030653842,52_804229
33.0,0.0,0.0,0.0,0.0,0.055340983,0.030653842,52_804229
36.0,0.0,0.0,0.0,0.0,0.055340983,0.030653842,52_804229
39.0,0.0,0.0,0.0,0.0,0.055340983,0.030653842,52_804229
42.0,0.0,0.0,0.0,0.0,0.055340983,0.030653842,52_804229
45.0,99.44498443603516,90.46165466308594,193.69227600097656,112.65326884032389,0.055340983,0.030653842,52_804229
48.0,344.8560485839844,200.5391845703125,0.0,0.0,0.055340983,0.030653842,52_804229
51.0,0.0,0.0,0.0,0.0,0.055340983,0.030653842,52_804229
54.0,48.78300857543945,40.203277587890625,54.8865852355957,52.619982960575825,0.055340983,0.030653842,52_804229
57.0,0.0,0.0,0.0,0.0,0.055340983,0.030653842,52_804229
60.0,91.28562927246094,51.108150482177734,47.6875,93.01582744227858,0.055340983,0.030653842,52_804229
63.0,0.0,0.0,0.0,0.0,0.055340983,0.030653842,52_804229
66.0,0.0,0.0,0.0,0.0,0.055340983,0.030653842,52_804229
69.0,-25.66175651550293,196.04815673828125,0.0,0.0,0.055340983,0.030653842,52_804229
