relative_time,g_flux,g_uncert,r_flux,r_uncert,redshift,mwebv,id
-30.0,0.0,0.0,0.0,0.0,0.10252124,0.016475266,52_849239
-27.0,0.0,0.0,166.2891082763672,145.19676208496094,0.10252124,0.016475266,52_849239
-24.0,36.08745574951172,124.5625228881836,0.0,0.0,0.10252124,0.016475266,52_849239
-21.0,472.7641296386719,103.7579345703125,0.0,0.0,0.10252124,0.016475266,52_849239
-18.0,0.0,0.0,0.0,0.0,0.10252124,0.016475266,52_849239
-15.0,0.0,0.0,0.0,0.0,0.10252124,0.016475266,52_849239
-12.0,1120.3428955078125,213.57379150390625,0.0,0.0,0.10252124,0.016475266,52_849239
-9.0,0.0,0.0,0.0,0.0,0.10252124,0.016475266,52_849239
-6.0,0.0,0.0,0.0,0.0,0.10252124,0.016475266,52_849239
-3.0,0.0,0.0,0.0,0.0,0.10252124,0.016475266,52_849239
0.0,536.3829345703125,59.734710693359375,812.4498901367188,102.61380051088487,0.10252124,0.016475266,52_849239
3.0,318.52292887369794,51.947530110677086,901.9903157552084,214.18732209620637,0.10252124,0.016475266,52_849239
6.0,166.4119110107422,172.28099060058594,543.0982055664062,331.04450806640585,0.10252124,0.016475266,52_849239
9.0,144.68899536132812,82.66116333007812,500.2424011230469,244.51304941104098,0.10252124,0.016475266,52_849239
12.0,0.0,0.0,0.0,0.0,0.10252124,0.016475266,52_849239
15.0,0.0,0.0,577.9686279296875,55.9990234375,0.10252124,0.016475266,52_849239
18.0,0.0,0.0,0.0,0.0,0.10252124,0.016475266,52_849239
21.0,0.0,0.0,0.0,0.0,0.10252124,0.016475266,52_849239
24.0,0.0,0.0,0.0,0.0,0.10252124,0.016475266,52_849239
27.0,0.0,0.0,0.0,0.0,0.10252124,0.016475266,52_849239
30.0,0.0,0.0,0.0,0.0,0.10252124,0.016475266,52_849239
33.0,0.0,0.0,0.0,0.0,0.10252124,0.016475266,52_849239
36.0,0.0,0.0,0.0,0.0,0.10252124,0.016475266,52_849239
39.0,0.0,0.0,0.0,0.0,0.10252124,0.016475266,52_849239
42.0,0.0,0.0,0.0,0.0,0.10252124,0.016475266,52_849239
45.0,0.0,0.0,0.0,0.0,0.10252124,0.016475266,52_849239
48.0,0.0,0.0,0.0,0.0,0.10252124,0.016475266,52_849239
51.0,0.0,0.0,0.0,0.0,0.10252124,0.016475266,52_849239
54.0,0.0,0.0,0.0,0.0,0.10252124,0.016475266,52_849239
57.0,0.0,0.0,0.0,0.0,0.10252124,0.016475266,52_849239
60.0,0.0,0.0,0.0,0.0,0.10252124,0.016475266,52_849239
63.0,0.0,0.0,0.0,0.0,0.10252124,0.016475266,52_849239
66.0,0.0,0.0,0.0,0.0,0.10252124,0.016475266,52_849239
69.0,0.0,0.0,0.0,0.0,0.10252124,0.016475266,52_849239
