relative_time,g_flux,g_uncert,r_flux,r_uncert,redshift,mwebv,id
-30.0,0.0,0.0,0.0,0.0,0.06777999,0.07197547,52_945214
-27.0,0.0,0.0,0.0,0.0,0.06777999,0.07197547,52_945214
-24.0,0.0,0.0,0.0,0.0,0.06777999,0.07197547,52_945214
-21.0,0.0,0.0,-158.54571533203125,367.35052490234375,0.06777999,0.07197547,52_945214
-18.0,0.0,0.0,0.0,0.0,0.06777999,0.07197547,52_945214
-15.0,0.0,0.0,0.0,0.0,0.06777999,0.07197547,52_945214
-12.0,0.0,0.0,0.0,0.0,0.06777999,0.07197547,52_945214
-9.0,0.0,0.0,0.0,0.0,0.06777999,0.07197547,52_945214
-6.0,0.0,0.0,0.0,0.0,0.06777999,0.07197547,52_945214
-3.0,3422.696044921875,126.97802734375,0.0,0.0,0.06777999,0.07197547,52_945214
0.0,1682.6158447265625,114.42085266113281,1719.136962890625,240.05470317629167,0.06777999,0.07197547,52_945214
3.0,1568.7272135416667,414.61057535807294,1143.9265950520833,214.082917553,0.06777999,0.07197547,52_945214
6.0,0.0,0.0,0.0,0.0,0.06777999,0.07197547,52_945214
9.0,472.1059977213542,83.10799662272136,1544.6946614583333,238.75604153214826,0.06777999,0.07197547,52_945214
12.0,0.0,0.0,0.0,0.0,0.06777999,0.07197547,52_945214
15.0,406.2149353027344,55.83597946166992,639.6759033203125,140.30268042279226,0.06777999,0.07197547,52_945214
18.0,606.9555053710938,129.98088455200195,0.0,0.0,0.06777999,0.07197547,52_945214
21.0,0.0,0.0,0.0,0.0,0.06777999,0.07197547,52_945214
24.0,0.0,0.0,0.0,0.0,0.06777999,0.07197547,52_945214
27.0,0.0,0.0,0.0,0.0,0.06777999,0.07197547,52_945214
30.0,0.0,0.0,0.0,0.0,0.06777999,0.07197547,52_945214
33.0,3.458984375,567.1244506835938,124.17314147949219,502.03830581071475,0.06777999,0.07197547,52_945214
36.0,-3.754669189453125,107.48813247680664,321.7830352783203,97.99630624914793,0.06777999,0.07197547,52_945214
39.0,65.10317993164062,164.62725830078125,0.0,0.0,0.06777999,0.07197547,52_945214
42.0,0.0,0.0,0.0,0.0,0.06777999,0.07197547,52_945214
45.0,0.0,0.0,0.0,0.0,0.06777999,0.07197547,52_945214
48.0,0.0,0.0,762.8070678710938,415.69317626953125,0.06777999,0.07197547,52_945214
51.0,0.0,0.0,0.0,0.0,0.06777999,0.07197547,52_945214
54.0,0.0,0.0,0.0,0.0,0.06777999,0.07197547,52_945214
57.0,0.0,0.0,0.0,0.0,0.06777999,0.07197547,52_945214
60.0,0.0,0.0,0.0,0.0,0.06777999,0.07197547,52_945214
63.0,0.0,0.0,0.0,0.0,0.06777999,0.07197547,52_945214
66.0,0.0,0.0,0.0,0.0,0.06777999,0.07197547,52_945214
69.0,0.0,0.0,0.0,0.0,0.06777999,0.07197547,52_945214
