relative_time,g_flux,g_uncert,r_flux,r_uncert,redshift,mwebv,id
-30.0,0.0,0.0,0.0,0.0,0.06300191,0.021649433,52_970208
-27.0,0.0,0.0,0.0,0.0,0.06300191,0.021649433,52_970208
-24.0,0.0,0.0,0.0,0.0,0.06300191,0.021649433,52_970208
-21.0,0.0,0.0,0.0,0.0,0.06300191,0.021649433,52_970208
-18.0,258.02569580078125,89.10546112060547,115.94688415527344,61.31152898837799,0.06300191,0.021649433,52_970208
-15.0,0.0,0.0,472.6991882324219,227.0392608642578,0.06300191,0.021649433,52_970208
-12.0,0.0,0.0,0.0,0.0,0.06300191,0.021649433,52_970208
-9.0,768.7677612304688,105.3914794921875,761.0756225585938,335.6274741028322,0.06300191,0.021649433,52_970208
-6.0,0.0,0.0,0.0,0.0,0.06300191,0.021649433,52_970208
-3.0,0.0,0.0,0.0,0.0,0.06300191,0.021649433,52_970208
0.0,0.0,0.0,2229.823974609375,91.2476577758789,0.06300191,0.021649433,52_970208
3.0,0.0,0.0,0.0,0.0,0.06300191,0.021649433,52_970208
6.0,0.0,0.0,0.0,0.0,0.06300191,0.021649433,52_970208
9.0,0.0,0.0,0.0,0.0,0.06300191,0.021649433,52_970208
12.0,0.0,0.0,0.0,0.0,0.06300191,0.021649433,52_970208
15.0,0.0,0.0,0.0,0.0,0.06300191,0.021649433,52_970208
18.0,0.0,0.0,0.0,0.0,0.06300191,0.021649433,52_970208
21.0,0.0,0.0,0.0,0.0,0.06300191,0.021649433,52_970208
24.0,0.0,0.0,0.0,0.0,0.06300191,0.021649433,52_970208
27.0,0.0,0.0,0.0,0.0,0.06300191,0.021649433,52_970208
30.0,0.0,0.0,0.0,0.0,0.06300191,0.021649433,52_970208
33.0,0.0,0.0,0.0,0.0,0.06300191,0.021649433,52_970208
36.0,0.0,0.0,0.0,0.0,0.06300191,0.021649433,52_970208
39.0,0.0,0.0,0.0,0.0,0.06300191,0.021649433,52_970208
42.0,0.0,0.0,0.0,0.0,0.06300191,0.021649433,52_970208
45.0,0.0,0.0,0.0,0.0,0.06300191,0.021649433,52_970208
48.0,0.0,0.0,0.0,0.0,0.06300191,0.021649433,52_970208
51.0,0.0,0.0,0.0,0.0,0.06300191,0.021649433,52_970208
54.0,0.0,0.0,0.0,0.0,0.06300191,0.021649433,52_970208
57.0,0.0,0.0,0.0,0.0,0.06300191,0.021649433,52_970208
60.0,0.0,0.0,0.0,0.0,0.06300191,0.021649433,52_970208
63.0,0.0,0.0,0.0,0.0,0.06300191,0.021649433,52_970208
66.0,0.0,0.0,0.0,0.0,0.06300191,0.021649433,52_970208
69.0,0.0,0.0,0.0,0.0,0.06300191,0.021649433,52_970208
