relative_time,g_flux,g_uncert,r_flux,r_uncert,redshift,mwebv,id
-30.0,0.0,0.0,0.0,0.0,0.099394575,0.024309464,63_1708252
-27.0,0.0,0.0,0.0,0.0,0.099394575,0.024309464,63_1708252
-24.0,0.0,0.0,0.0,0.0,0.099394575,0.024309464,63_1708252
-21.0,0.0,0.0,0.0,0.0,0.099394575,0.024309464,63_1708252
-18.0,0.0,0.0,0.0,0.0,0.099394575,0.024309464,63_1708252
-15.0,0.0,0.0,0.0,0.0,0.099394575,0.024309464,63_1708252
-12.0,0.0,0.0,0.0,0.0,0.099394575,0.024309464,63_1708252
-9.0,222.32177734375,39.14278030395508,250.8474578857422,75.84916254634025,0.099394575,0.024309464,63_1708252
-6.0,635.82568359375,127.64116668701172,0.0,0.0,0.099394575,0.024309464,63_1708252
-3.0,0.0,0.0,0.0,0.0,0.099394575,0.024309464,63_1708252
0.0,574.0791625976562,52.7156867980957,0.0,0.0,0.099394575,0.024309464,63_1708252
3.0,0.0,0.0,0.0,0.0,0.099394575,0.024309464,63_1708252
6.0,0.0,0.0,0.0,0.0,0.099394575,0.024309464,63_1708252
9.0,704.258056640625,51.585731506347656,0.0,0.0,0.099394575,0.024309464,63_1708252
12.0,325.41802978515625,26.432588577270508,341.5770263671875,41.41506323261781,0.099394575,0.024309464,63_1708252
15.0,0.0,0.0,0.0,0.0,0.099394575,0.024309464,63_1708252
18.0,553.1583862304688,73.46189880371094,0.0,0.0,0.099394575,0.024309464,63_1708252
21.0,305.19671630859375,42.0848274230957,311.85919189453125,70.55576653401599,0.099394575,0.024309464,63_1708252
24.0,281.77532958984375,52.571556091308594,399.3506774902344,75.58294551805646,0.099394575,0.024309464,63_1708252
27.0,0.0,0.0,704.5685424804688,136.42430114746094,0.099394575,0.024309464,63_1708252
30.0,511.9577941894531,71.114013671875,0.0,0.0,0.099394575,0.024309464,63_1708252
33.0,419.09130859375,70.27539825439453,0.0,0.0,0.099394575,0.024309464,63_1708252
36.0,0.0,0.0,657.3992309570312,88.95840454101562,0.099394575,0.024309464,63_1708252
39.0,0.0,0.0,540.2332763671875,104.0670166015625,0.099394575,0.024309464,63_1708252
42.0,0.0,0.0,0.0,0.0,0.099394575,0.024309464,63_1708252
45.0,0.0,0.0,0.0,0.0,0.099394575,0.024309464,63_1708252
48.0,0.0,0.0,0.0,0.0,0.099394575,0.024309464,63_1708252
51.0,0.0,0.0,0.0,0.0,0.099394575,0.024309464,63_1708252
54.0,0.0,0.0,0.0,0.0,0.099394575,0.024309464,63_1708252
57.0,0.0,0.0,0.0,0.0,0.099394575,0.024309464,63_1708252
60.0,0.0,0.0,0.0,0.0,0.099394575,0.024309464,63_1708252
63.0,0.0,0.0,0.0,0.0,0.099394575,0.024309464,63_1708252
66.0,0.0,0.0,0.0,0.0,0.099394575,0.024309464,63_1708252
69.0,0.0,0.0,0.0,0.0,0.099394575,0.024309464,63_1708252
