relative_time,g_flux,g_uncert,r_flux,r_uncert,redshift,mwebv,id
-30.0,-10.908817291259766,23.169832229614258,17.248992919921875,36.139626498206226,0.04706605,0.025871212,63_14910201
-27.0,0.0,0.0,74.47513580322266,51.66573715209961,0.04706605,0.025871212,63_14910201
-24.0,-32.78515625,47.63972854614258,0.0,0.0,0.04706605,0.025871212,63_14910201
-21.0,0.0,0.0,0.0,0.0,0.04706605,0.025871212,63_14910201
-18.0,79.46300506591797,46.93226623535156,0.0,0.0,0.04706605,0.025871212,63_14910201
-15.0,1.8817028999328613,32.302276611328125,27.017295837402344,53.72395255953587,0.04706605,0.025871212,63_14910201
-12.0,0.0,0.0,0.0,0.0,0.04706605,0.025871212,63_14910201
-9.0,0.0,0.0,0.0,0.0,0.04706605,0.025871212,63_14910201
-6.0,0.0,0.0,0.0,0.0,0.04706605,0.025871212,63_14910201
-3.0,1844.2271728515625,57.051422119140625,0.0,0.0,0.04706605,0.025871212,63_14910201
0.0,1070.93994140625,29.393953323364258,1138.60107421875,45.23600615577225,0.04706605,0.025871212,63_14910201
3.0,2236.982177734375,61.20871353149414,0.0,0.0,0.04706605,0.025871212,63_14910201
6.0,1009.5046997070312,29.53711700439453,1202.7713623046875,42.36041502166844,0.04706605,0.025871212,63_14910201
9.0,0.0,0.0,0.0,0.0,0.04706605,0.025871212,63_14910201
12.0,806.8397216796875,29.74681282043457,1134.4071044921875,47.04339788983462,0.04706605,0.025871212,63_14910201
15.0,0.0,0.0,0.0,0.0,0.04706605,0.025871212,63_14910201
18.0,654.4783325195312,56.68204879760742,913.583251953125,119.83246995542807,0.04706605,0.025871212,63_14910201
21.0,0.0,0.0,0.0,0.0,0.04706605,0.025871212,63_14910201
24.0,0.0,0.0,0.0,0.0,0.04706605,0.025871212,63_14910201
27.0,0.0,0.0,0.0,0.0,0.04706605,0.025871212,63_14910201
30.0,0.0,0.0,0.0,0.0,0.04706605,0.025871212,63_14910201
33.0,0.0,0.0,0.0,0.0,0.04706605,0.025871212,63_14910201
36.0,0.0,0.0,0.0,0.0,0.04706605,0.025871212,63_14910201
39.0,0.0,0.0,0.0,0.0,0.04706605,0.025871212,63_14910201
42.0,0.0,0.0,0.0,0.0,0.04706605,0.025871212,63_14910201
45.0,0.0,0.0,0.0,0.0,0.04706605,0.025871212,63_14910201
48.0,0.0,0.0,0.0,0.0,0.04706605,0.025871212,63_14910201
51.0,0.0,0.0,0.0,0.0,0.04706605,0.025871212,63_14910201
54.0,0.0,0.0,0.0,0.0,0.04706605,0.025871212,63_14910201
57.0,0.0,0.0,0.0,0.0,0.04706605,0.025871212,63_14910201
60.0,0.0,0.0,0.0,0.0,0.04706605,0.025871212,63_14910201
63.0,0.0,0.0,0.0,0.0,0.04706605,0.025871212,63_14910201
66.0,0.0,0.0,0.0,0.0,0.04706605,0.025871212,63_14910201
69.0,0.0,0.0,0.0,0.0,0.04706605,0.025871212,63_14910201
