relative_time,g_flux,g_uncert,r_flux,r_uncert,redshift,mwebv,id
-30.0,0.0,0.0,0.0,0.0,0.10315771,0.04143163,63_117061723
-27.0,0.0,0.0,0.0,0.0,0.10315771,0.04143163,63_117061723
-24.0,0.0,0.0,0.0,0.0,0.10315771,0.04143163,63_117061723
-21.0,-77.62593841552734,96.12319946289062,0.0,0.0,0.10315771,0.04143163,63_117061723
-18.0,6.826717376708984,33.48164367675781,98.19080352783203,55.126254410995415,0.10315771,0.04143163,63_117061723
-15.0,0.0,0.0,0.0,0.0,0.10315771,0.04143163,63_117061723
-12.0,74.95643615722656,54.845855712890625,0.0,0.0,0.10315771,0.04143163,63_117061723
-9.0,171.2677001953125,47.867916107177734,0.0,0.0,0.10315771,0.04143163,63_117061723
-6.0,0.0,0.0,353.231689453125,54.12258529663086,0.10315771,0.04143163,63_117061723
-3.0,156.41427612304688,23.28083038330078,205.75460815429688,34.52470222537892,0.10315771,0.04143163,63_117061723
0.0,0.0,0.0,444.7225646972656,50.28506088256836,0.10315771,0.04143163,63_117061723
3.0,0.0,0.0,0.0,0.0,0.10315771,0.04143163,63_117061723
6.0,0.0,0.0,0.0,0.0,0.10315771,0.04143163,63_117061723
9.0,0.0,0.0,0.0,0.0,0.10315771,0.04143163,63_117061723
12.0,0.0,0.0,0.0,0.0,0.10315771,0.04143163,63_117061723
15.0,0.0,0.0,0.0,0.0,0.10315771,0.04143163,63_117061723
18.0,0.0,0.0,0.0,0.0,0.10315771,0.04143163,63_117061723
21.0,0.0,0.0,0.0,0.0,0.10315771,0.04143163,63_117061723
24.0,0.0,0.0,0.0,0.0,0.10315771,0.04143163,63_117061723
27.0,0.0,0.0,0.0,0.0,0.10315771,0.04143163,63_117061723
30.0,0.0,0.0,0.0,0.0,0.10315771,0.04143163,63_117061723
33.0,0.0,0.0,0.0,0.0,0.10315771,0.04143163,63_117061723
36.0,0.0,0.0,0.0,0.0,0.10315771,0.04143163,63_117061723
39.0,0.0,0.0,0.0,0.0,0.10315771,0.04143163,63_117061723
42.0,0.0,0.0,0.0,0.0,0.10315771,0.04143163,63_117061723
45.0,0.0,0.0,0.0,0.0,0.10315771,0.04143163,63_117061723
48.0,0.0,0.0,0.0,0.0,0.10315771,0.04143163,63_117061723
51.0,0.0,0.0,0.0,0.0,0.10315771,0.04143163,63_117061723
54.0,0.0,0.0,0.0,0.0,0.10315771,0.04143163,63_117061723
57.0,0.0,0.0,0.0,0.0,0.10315771,0.04143163,63_117061723
60.0,0.0,0.0,0.0,0.0,0.10315771,0.04143163,63_117061723
63.0,0.0,0.0,0.0,0.0,0.10315771,0.04143163,63_117061723
66.0,0.0,0.0,0.0,0.0,0.10315771,0.04143163,63_117061723
69.0,0.0,0.0,0.0,0.0,0.10315771,0.04143163,63_117061723
