relative_time,g_flux,g_uncert,r_flux,r_uncert,redshift,mwebv,id
-30.0,47.21192932128906,50.28319549560547,0.0,0.0,0.062350363,0.022359297,63_114848094
-27.0,13.289763450622559,22.896427154541016,6.944122791290283,32.65381373522397,0.062350363,0.022359297,63_114848094
-24.0,0.0,0.0,0.0,0.0,0.062350363,0.022359297,63_114848094
-21.0,0.0,0.0,0.0,0.0,0.062350363,0.022359297,63_114848094
-18.0,6.178280353546143,24.481470108032227,20.111007690429688,37.07838045100356,0.062350363,0.022359297,63_114848094
-15.0,-101.88264465332031,52.315914154052734,0.0,0.0,0.062350363,0.022359297,63_114848094
-12.0,0.0,0.0,0.0,0.0,0.062350363,0.022359297,63_114848094
-9.0,186.42430114746094,42.47340393066406,174.7571563720703,56.57194121678772,0.062350363,0.022359297,63_114848094
-6.0,0.0,0.0,459.7940673828125,98.97064208984375,0.062350363,0.022359297,63_114848094
-3.0,0.0,0.0,0.0,0.0,0.062350363,0.022359297,63_114848094
0.0,497.6925048828125,53.936851501464844,0.0,0.0,0.062350363,0.022359297,63_114848094
3.0,0.0,0.0,0.0,0.0,0.062350363,0.022359297,63_114848094
6.0,0.0,0.0,639.3367309570312,58.406494140625,0.062350363,0.022359297,63_114848094
9.0,0.0,0.0,0.0,0.0,0.062350363,0.022359297,63_114848094
12.0,0.0,0.0,0.0,0.0,0.062350363,0.022359297,63_114848094
15.0,67.6675796508789,33.59684371948242,159.53501892089844,51.9299453158614,0.062350363,0.022359297,63_114848094
18.0,0.0,0.0,0.0,0.0,0.062350363,0.022359297,63_114848094
21.0,0.0,0.0,0.0,0.0,0.062350363,0.022359297,63_114848094
24.0,0.0,0.0,0.0,0.0,0.062350363,0.022359297,63_114848094
27.0,0.0,0.0,0.0,0.0,0.062350363,0.022359297,63_114848094
30.0,87.938232421875,63.177860260009766,0.0,0.0,0.062350363,0.022359297,63_114848094
33.0,145.13848876953125,65.0057144165039,0.0,0.0,0.062350363,0.022359297,63_114848094
36.0,0.0,0.0,0.0,0.0,0.062350363,0.022359297,63_114848094
39.0,0.0,0.0,0.0,0.0,0.062350363,0.022359297,63_114848094
42.0,0.0,0.0,0.0,0.0,0.062350363,0.022359297,63_114848094
45.0,0.0,0.0,0.0,0.0,0.062350363,0.022359297,63_114848094
48.0,0.0,0.0,0.0,0.0,0.062350363,0.022359297,63_114848094
51.0,0.0,0.0,0.0,0.0,0.062350363,0.022359297,63_114848094
54.0,0.0,0.0,0.0,0.0,0.062350363,0.022359297,63_114848094
57.0,0.0,0.0,0.0,0.0,0.062350363,0.022359297,63_114848094
60.0,0.0,0.0,0.0,0.0,0.062350363,0.022359297,63_114848094
63.0,0.0,0.0,0.0,0.0,0.062350363,0.022359297,63_114848094
66.0,0.0,0.0,0.0,0.0,0.062350363,0.022359297,63_114848094
69.0,0.0,0.0,0.0,0.0,0.062350363,0.022359297,63_114848094
