relative_time,g_flux,g_uncert,r_flux,r_uncert,redshift,mwebv,id
-30.0,0.0,0.0,40.82179641723633,43.48344421386719,0.07348999,0.02038805,63_132562148
-27.0,0.0,0.0,0.0,0.0,0.07348999,0.02038805,63_132562148
-24.0,0.0,0.0,-50.44223403930664,44.785499572753906,0.07348999,0.02038805,63_132562148
-21.0,-19.587495803833008,21.60370635986328,-35.18883514404297,31.32382104011844,0.07348999,0.02038805,63_132562148
-18.0,0.0,0.0,0.0,0.0,0.07348999,0.02038805,63_132562148
-15.0,0.0,0.0,0.0,0.0,0.07348999,0.02038805,63_132562148
-12.0,0.0,0.0,64.9921875,117.93992614746094,0.07348999,0.02038805,63_132562148
-9.0,0.0,0.0,0.0,0.0,0.07348999,0.02038805,63_132562148
-6.0,0.0,0.0,0.0,0.0,0.07348999,0.02038805,63_132562148
-3.0,0.0,0.0,0.0,0.0,0.07348999,0.02038805,63_132562148
0.0,225.4547119140625,23.619426727294922,264.93438720703125,36.82838827352253,0.07348999,0.02038805,63_132562148
3.0,0.0,0.0,0.0,0.0,0.07348999,0.02038805,63_132562148
6.0,0.0,0.0,0.0,0.0,0.07348999,0.02038805,63_132562148
9.0,163.53013610839844,25.448596954345703,174.74978637695312,38.52203881327073,0.07348999,0.02038805,63_132562148
12.0,0.0,0.0,0.0,0.0,0.07348999,0.02038805,63_132562148
15.0,0.0,0.0,0.0,0.0,0.07348999,0.02038805,63_132562148
18.0,0.0,0.0,0.0,0.0,0.07348999,0.02038805,63_132562148
21.0,0.0,0.0,0.0,0.0,0.07348999,0.02038805,63_132562148
24.0,0.0,0.0,61.6617317199707,127.01819610595703,0.07348999,0.02038805,63_132562148
27.0,0.0,0.0,0.0,0.0,0.07348999,0.02038805,63_132562148
30.0,0.0,0.0,0.0,0.0,0.07348999,0.02038805,63_132562148
33.0,0.0,0.0,0.0,0.0,0.07348999,0.02038805,63_132562148
36.0,0.0,0.0,0.0,0.0,0.07348999,0.02038805,63_132562148
39.0,0.0,0.0,0.0,0.0,0.07348999,0.02038805,63_132562148
42.0,0.0,0.0,0.0,0.0,0.07348999,0.02038805,63_132562148
45.0,0.0,0.0,0.0,0.0,0.07348999,0.02038805,63_132562148
48.0,0.0,0.0,0.0,0.0,0.07348999,0.02038805,63_132562148
51.0,0.0,0.0,0.0,0.0,0.07348999,0.02038805,63_132562148
54.0,0.0,0.0,0.0,0.0,0.07348999,0.02038805,63_132562148
57.0,0.0,0.0,0.0,0.0,0.07348999,0.02038805,63_132562148
60.0,0.0,0.0,0.0,0.0,0.07348999,0.02038805,63_132562148
63.0,0.0,0.0,0.0,0.0,0.07348999,0.02038805,63_132562148
66.0,0.0,0.0,0.0,0.0,0.07348999,0.02038805,63_132562148
69.0,0.0,0.0,0.0,0.0,0.07348999,0.02038805,63_132562148
