relative_time,g_flux,g_uncert,r_flux,r_uncert,redshift,mwebv,id
-30.0,0.0,0.0,0.0,0.0,0.020953383,0.025064936,63_102303718
-27.0,0.0,0.0,0.0,0.0,0.020953383,0.025064936,63_102303718
-24.0,0.0,0.0,0.0,0.0,0.020953383,0.025064936,63_102303718
-21.0,0.0,0.0,0.0,0.0,0.020953383,0.025064936,63_102303718
-18.0,0.0,0.0,0.0,0.0,0.020953383,0.025064936,63_102303718
-15.0,0.0,0.0,0.0,0.0,0.020953383,0.025064936,63_102303718
-12.0,0.0,0.0,0.0,0.0,0.020953383,0.025064936,63_102303718
-9.0,0.0,0.0,0.0,0.0,0.020953383,0.025064936,63_102303718
-6.0,0.0,0.0,0.0,0.0,0.020953383,0.025064936,63_102303718
-3.0,310.748046875,40.924720764160156,776.0188598632812,66.62565720407214,0.020953383,0.025064936,63_102303718
0.0,444.8474426269531,71.07047271728516,0.0,0.0,0.020953383,0.025064936,63_102303718
3.0,961.6953125,167.1968536376953,0.0,0.0,0.020953383,0.025064936,63_102303718
6.0,0.0,0.0,0.0,0.0,0.020953383,0.025064936,63_102303718
9.0,0.0,0.0,0.0,0.0,0.020953383,0.025064936,63_102303718
12.0,0.0,0.0,0.0,0.0,0.020953383,0.025064936,63_102303718
15.0,0.0,0.0,0.0,0.0,0.020953383,0.025064936,63_102303718
18.0,0.0,0.0,0.0,0.0,0.020953383,0.025064936,63_102303718
21.0,0.0,0.0,0.0,0.0,0.020953383,0.025064936,63_102303718
24.0,0.0,0.0,0.0,0.0,0.020953383,0.025064936,63_102303718
27.0,0.0,0.0,0.0,0.0,0.020953383,0.025064936,63_102303718
30.0,0.0,0.0,0.0,0.0,0.020953383,0.025064936,63_102303718
33.0,0.0,0.0,0.0,0.0,0.020953383,0.025064936,63_102303718
36.0,0.0,0.0,0.0,0.0,0.020953383,0.025064936,63_102303718
39.0,0.0,0.0,0.0,0.0,0.020953383,0.025064936,63_102303718
42.0,0.0,0.0,0.0,0.0,0.020953383,0.025064936,63_102303718
45.0,0.0,0.0,0.0,0.0,0.020953383,0.025064936,63_102303718
48.0,0.0,0.0,0.0,0.0,0.020953383,0.025064936,63_102303718
51.0,0.0,0.0,0.0,0.0,0.020953383,0.025064936,63_102303718
54.0,0.0,0.0,0.0,0.0,0.020953383,0.025064936,63_102303718
57.0,0.0,0.0,0.0,0.0,0.020953383,0.025064936,63_102303718
60.0,0.0,0.0,0.0,0.0,0.020953383,0.025064936,63_102303718
63.0,0.0,0.0,0.0,0.0,0.020953383,0.025064936,63_102303718
66.0,0.0,0.0,0.0,0.0,0.020953383,0.025064936,63_102303718
69.0,0.0,0.0,0.0,0.0,0.020953383,0.025064936,63_102303718
