relative_time,g_flux,g_uncert,r_flux,r_uncert,redshift,mwebv,id
-30.0,0.0,0.0,0.0,0.0,0.0721354,0.0438802,63_122731653
-27.0,0.0,0.0,0.0,0.0,0.0721354,0.0438802,63_122731653
-24.0,0.0,0.0,0.0,0.0,0.0721354,0.0438802,63_122731653
-21.0,0.0,0.0,97.84054565429688,216.42813110351562,0.0721354,0.0438802,63_122731653
-18.0,-44.30044937133789,59.31374740600586,473.2180480957031,193.014730982304,0.0721354,0.0438802,63_122731653
-15.0,0.0,0.0,0.0,0.0,0.0721354,0.0438802,63_122731653
-12.0,-5.760685920715332,44.50617980957031,-15.191204071044922,108.13723065063371,0.0721354,0.0438802,63_122731653
-9.0,10.157163619995117,36.72874450683594,-14.910767555236816,86.7350420950136,0.0721354,0.0438802,63_122731653
-6.0,0.0,0.0,0.0,0.0,0.0721354,0.0438802,63_122731653
-3.0,117.57256317138672,33.6126823425293,62.58966827392578,58.77468522557295,0.0721354,0.0438802,63_122731653
0.0,252.1977996826172,31.780685424804688,200.55581665039062,51.60431539251835,0.0721354,0.0438802,63_122731653
3.0,0.0,0.0,0.0,0.0,0.0721354,0.0438802,63_122731653
6.0,0.0,0.0,0.0,0.0,0.0721354,0.0438802,63_122731653
9.0,276.7673034667969,100.14421081542969,0.0,0.0,0.0721354,0.0438802,63_122731653
12.0,0.0,0.0,0.0,0.0,0.0721354,0.0438802,63_122731653
15.0,40.75236511230469,34.988128662109375,130.7169952392578,65.92323310634255,0.0721354,0.0438802,63_122731653
18.0,0.0,0.0,97.94651794433594,53.213741302490234,0.0721354,0.0438802,63_122731653
21.0,0.0,0.0,0.0,0.0,0.0721354,0.0438802,63_122731653
24.0,33.29420852661133,24.539714813232422,25.49484634399414,39.54579318144568,0.0721354,0.0438802,63_122731653
27.0,0.0,0.0,40.321922302246094,54.00732421875,0.0721354,0.0438802,63_122731653
30.0,-50.074073791503906,49.47116470336914,0.0,0.0,0.0721354,0.0438802,63_122731653
33.0,0.0,0.0,0.0,0.0,0.0721354,0.0438802,63_122731653
36.0,0.0,0.0,0.0,0.0,0.0721354,0.0438802,63_122731653
39.0,0.0,0.0,0.0,0.0,0.0721354,0.0438802,63_122731653
42.0,0.0,0.0,0.0,0.0,0.0721354,0.0438802,63_122731653
45.0,0.0,0.0,0.0,0.0,0.0721354,0.0438802,63_122731653
48.0,0.0,0.0,0.0,0.0,0.0721354,0.0438802,63_122731653
51.0,0.0,0.0,0.0,0.0,0.0721354,0.0438802,63_122731653
54.0,0.0,0.0,0.0,0.0,0.0721354,0.0438802,63_122731653
57.0,0.0,0.0,0.0,0.0,0.0721354,0.0438802,63_122731653
60.0,0.0,0.0,0.0,0.0,0.0721354,0.0438802,63_122731653
63.0,0.0,0.0,0.0,0.0,0.0721354,0.0438802,63_122731653
66.0,0.0,0.0,0.0,0.0,0.0721354,0.0438802,63_122731653
69.0,0.0,0.0,0.0,0.0,0.0721354,0.0438802,63_122731653
