relative_time,g_flux,g_uncert,r_flux,r_uncert,redshift,mwebv,id
-30.0,-71.09381103515625,31.404773712158203,-43.333831787109375,43.761726927950164,0.08664379,0.02394665,63_12334876
-27.0,-16.43583106994629,34.462223052978516,-11.104796409606934,45.10208572474065,0.08664379,0.02394665,63_12334876
-24.0,-14.907926559448242,32.96567916870117,39.71146011352539,46.15544134191135,0.08664379,0.02394665,63_12334876
-21.0,0.0,0.0,0.0,0.0,0.08664379,0.02394665,63_12334876
-18.0,-35.55529022216797,39.241249084472656,9.326004028320312,50.6839253273794,0.08664379,0.02394665,63_12334876
-15.0,0.0,0.0,0.0,0.0,0.08664379,0.02394665,63_12334876
-12.0,0.0,0.0,0.0,0.0,0.08664379,0.02394665,63_12334876
-9.0,0.0,0.0,0.0,0.0,0.08664379,0.02394665,63_12334876
-6.0,0.0,0.0,0.0,0.0,0.08664379,0.02394665,63_12334876
-3.0,272.6524353027344,64.0895004272461,0.0,0.0,0.08664379,0.02394665,63_12334876
0.0,299.6895446777344,32.8929328918457,181.9469451904297,48.2814767377076,0.08664379,0.02394665,63_12334876
3.0,243.78257751464844,35.02977752685547,217.22911071777344,51.01183724968822,0.08664379,0.02394665,63_12334876
6.0,0.0,0.0,0.0,0.0,0.08664379,0.02394665,63_12334876
9.0,265.0780334472656,38.9687385559082,335.04925537109375,57.875798819719044,0.08664379,0.02394665,63_12334876
12.0,0.0,0.0,505.6686706542969,99.8152084350586,0.08664379,0.02394665,63_12334876
15.0,0.0,0.0,0.0,0.0,0.08664379,0.02394665,63_12334876
18.0,0.0,0.0,0.0,0.0,0.08664379,0.02394665,63_12334876
21.0,0.0,0.0,0.0,0.0,0.08664379,0.02394665,63_12334876
24.0,0.0,0.0,0.0,0.0,0.08664379,0.02394665,63_12334876
27.0,0.0,0.0,0.0,0.0,0.08664379,0.02394665,63_12334876
30.0,0.0,0.0,0.0,0.0,0.08664379,0.02394665,63_12334876
33.0,0.0,0.0,0.0,0.0,0.08664379,0.02394665,63_12334876
36.0,0.0,0.0,0.0,0.0,0.08664379,0.02394665,63_12334876
39.0,0.0,0.0,0.0,0.0,0.08664379,0.02394665,63_12334876
42.0,0.0,0.0,0.0,0.0,0.08664379,0.02394665,63_12334876
45.0,0.0,0.0,0.0,0.0,0.08664379,0.02394665,63_12334876
48.0,0.0,0.0,0.0,0.0,0.08664379,0.02394665,63_12334876
51.0,0.0,0.0,0.0,0.0,0.08664379,0.02394665,63_12334876
54.0,0.0,0.0,0.0,0.0,0.08664379,0.02394665,63_12334876
57.0,0.0,0.0,0.0,0.0,0.08664379,0.02394665,63_12334876
60.0,0.0,0.0,0.0,0.0,0.08664379,0.02394665,63_12334876
63.0,0.0,0.0,0.0,0.0,0.08664379,0.02394665,63_12334876
66.0,0.0,0.0,0.0,0.0,0.08664379,0.02394665,63_12334876
69.0,0.0,0.0,0.0,0.0,0.08664379,0.02394665,63_12334876
