relative_time,g_flux,g_uncert,r_flux,r_uncert,redshift,mwebv,id
-30.0,-30.88580894470215,34.98807144165039,-65.5960693359375,39.860320613366596,0.11992101,0.023677845,63_107522
-27.0,3.9772346019744873,32.27861404418945,19.760814666748047,40.89119881046426,0.11992101,0.023677845,63_107522
-24.0,0.0,0.0,0.0,0.0,0.11992101,0.023677845,63_107522
-21.0,-14.82832145690918,30.02956771850586,-26.532508850097656,44.531572496305664,0.11992101,0.023677845,63_107522
-18.0,41.76211166381836,38.503028869628906,29.567419052124023,56.16877727657445,0.11992101,0.023677845,63_107522
-15.0,0.0,0.0,0.0,0.0,0.11992101,0.023677845,63_107522
-12.0,0.0,0.0,0.0,0.0,0.11992101,0.023677845,63_107522
-9.0,0.0,0.0,0.0,0.0,0.11992101,0.023677845,63_107522
-6.0,76.62565612792969,29.54849624633789,104.8125228881836,43.624321458308884,0.11992101,0.023677845,63_107522
-3.0,179.13540649414062,32.29230499267578,124.2723159790039,45.67813131709857,0.11992101,0.023677845,63_107522
0.0,0.0,0.0,376.4757385253906,64.7439956665039,0.11992101,0.023677845,63_107522
3.0,113.86434173583984,34.96357345581055,161.62277221679688,49.28737432910546,0.11992101,0.023677845,63_107522
6.0,0.0,0.0,0.0,0.0,0.11992101,0.023677845,63_107522
9.0,98.92977905273438,36.75022888183594,101.19400787353516,52.02545479503412,0.11992101,0.023677845,63_107522
12.0,97.92035675048828,53.848941802978516,117.95829772949219,75.85161717879753,0.11992101,0.023677845,63_107522
15.0,0.0,0.0,0.0,0.0,0.11992101,0.023677845,63_107522
18.0,0.0,0.0,0.0,0.0,0.11992101,0.023677845,63_107522
21.0,0.0,0.0,0.0,0.0,0.11992101,0.023677845,63_107522
24.0,0.0,0.0,0.0,0.0,0.11992101,0.023677845,63_107522
27.0,0.0,0.0,0.0,0.0,0.11992101,0.023677845,63_107522
30.0,0.0,0.0,0.0,0.0,0.11992101,0.023677845,63_107522
33.0,0.0,0.0,0.0,0.0,0.11992101,0.023677845,63_107522
36.0,0.0,0.0,0.0,0.0,0.11992101,0.023677845,63_107522
39.0,0.0,0.0,0.0,0.0,0.11992101,0.023677845,63_107522
42.0,0.0,0.0,0.0,0.0,0.11992101,0.023677845,63_107522
45.0,0.0,0.0,0.0,0.0,0.11992101,0.023677845,63_107522
48.0,0.0,0.0,0.0,0.0,0.11992101,0.023677845,63_107522
51.0,0.0,0.0,0.0,0.0,0.11992101,0.023677845,63_107522
54.0,0.0,0.0,0.0,0.0,0.11992101,0.023677845,63_107522
57.0,0.0,0.0,0.0,0.0,0.11992101,0.023677845,63_107522
60.0,0.0,0.0,0.0,0.0,0.11992101,0.023677845,63_107522
63.0,0.0,0.0,0.0,0.0,0.11992101,0.023677845,63_107522
66.0,0.0,0.0,0.0,0.0,0.11992101,0.023677845,63_107522
69.0,0.0,0.0,0.0,0.0,0.11992101,0.023677845,63_107522
