relative_time,g_flux,g_uncert,r_flux,r_uncert,redshift,mwebv,id
-30.0,0.0,0.0,0.0,0.0,0.04980582,0.027851906,63_2974884
-27.0,0.0,0.0,0.0,0.0,0.04980582,0.027851906,63_2974884
-24.0,0.0,0.0,0.0,0.0,0.04980582,0.027851906,63_2974884
-21.0,0.0,0.0,0.0,0.0,0.04980582,0.027851906,63_2974884
-18.0,0.0,0.0,0.0,0.0,0.04980582,0.027851906,63_2974884
-15.0,0.0,0.0,0.0,0.0,0.04980582,0.027851906,63_2974884
-12.0,0.0,0.0,0.0,0.0,0.04980582,0.027851906,63_2974884
-9.0,154.63577270507812,42.35020446777344,99.1694107055664,86.91841662656351,0.04980582,0.027851906,63_2974884
-6.0,625.630859375,111.8323974609375,0.0,0.0,0.04980582,0.027851906,63_2974884
-3.0,0.0,0.0,0.0,0.0,0.04980582,0.027851906,63_2974884
0.0,540.7783813476562,61.03243637084961,0.0,0.0,0.04980582,0.027851906,63_2974884
3.0,0.0,0.0,0.0,0.0,0.04980582,0.027851906,63_2974884
6.0,0.0,0.0,0.0,0.0,0.04980582,0.027851906,63_2974884
9.0,293.0867919921875,61.19799041748047,0.0,0.0,0.04980582,0.027851906,63_2974884
12.0,206.51654052734375,65.92876434326172,0.0,0.0,0.04980582,0.027851906,63_2974884
15.0,0.0,0.0,0.0,0.0,0.04980582,0.027851906,63_2974884
18.0,93.8051528930664,48.46602249145508,142.87916564941406,107.73761648658943,0.04980582,0.027851906,63_2974884
21.0,0.0,0.0,0.0,0.0,0.04980582,0.027851906,63_2974884
24.0,0.0,0.0,328.70623779296875,186.38552856445312,0.04980582,0.027851906,63_2974884
27.0,0.0,0.0,0.0,0.0,0.04980582,0.027851906,63_2974884
30.0,0.0,0.0,0.0,0.0,0.04980582,0.027851906,63_2974884
33.0,0.0,0.0,0.0,0.0,0.04980582,0.027851906,63_2974884
36.0,0.0,0.0,0.0,0.0,0.04980582,0.027851906,63_2974884
39.0,0.0,0.0,0.0,0.0,0.04980582,0.027851906,63_2974884
42.0,0.0,0.0,0.0,0.0,0.04980582,0.027851906,63_2974884
45.0,0.0,0.0,0.0,0.0,0.04980582,0.027851906,63_2974884
48.0,0.0,0.0,0.0,0.0,0.04980582,0.027851906,63_2974884
51.0,0.0,0.0,0.0,0.0,0.04980582,0.027851906,63_2974884
54.0,0.0,0.0,0.0,0.0,0.04980582,0.027851906,63_2974884
57.0,0.0,0.0,0.0,0.0,0.04980582,0.027851906,63_2974884
60.0,0.0,0.0,0.0,0.0,0.04980582,0.027851906,63_2974884
63.0,0.0,0.0,0.0,0.0,0.04980582,0.027851906,63_2974884
66.0,0.0,0.0,0.0,0.0,0.04980582,0.027851906,63_2974884
69.0,0.0,0.0,0.0,0.0,0.04980582,0.027851906,63_2974884
