relative_time,g_flux,g_uncert,r_flux,r_uncert,redshift,mwebv,id
-30.0,0.0,0.0,0.0,0.0,0.12856114,0.034561217,63_2893955
-27.0,0.0,0.0,0.0,0.0,0.12856114,0.034561217,63_2893955
-24.0,0.0,0.0,0.0,0.0,0.12856114,0.034561217,63_2893955
-21.0,0.0,0.0,-38.4194221496582,119.77845764160156,0.12856114,0.034561217,63_2893955
-18.0,112.43222045898438,47.218421936035156,100.218505859375,76.57902997442183,0.12856114,0.034561217,63_2893955
-15.0,0.0,0.0,0.0,0.0,0.12856114,0.034561217,63_2893955
-12.0,0.0,0.0,0.0,0.0,0.12856114,0.034561217,63_2893955
-9.0,169.68411254882812,63.87023162841797,162.1963653564453,94.08983844495695,0.12856114,0.034561217,63_2893955
-6.0,228.9008331298828,104.81901550292969,0.0,0.0,0.12856114,0.034561217,63_2893955
-3.0,104.23929595947266,38.6107063293457,227.9462127685547,70.1192735403499,0.12856114,0.034561217,63_2893955
0.0,107.03752136230469,32.6689453125,142.96278381347656,48.23548609661251,0.12856114,0.034561217,63_2893955
3.0,41.01336669921875,30.380962371826172,161.06991577148438,42.54634398941291,0.12856114,0.034561217,63_2893955
6.0,67.62735748291016,27.691923141479492,186.16815185546875,90.01021772178035,0.12856114,0.034561217,63_2893955
9.0,35.93286895751953,27.446395874023438,140.5232696533203,66.60161259558407,0.12856114,0.034561217,63_2893955
12.0,40.64757537841797,55.7968635559082,0.0,0.0,0.12856114,0.034561217,63_2893955
15.0,0.0,0.0,0.0,0.0,0.12856114,0.034561217,63_2893955
18.0,0.0,0.0,0.0,0.0,0.12856114,0.034561217,63_2893955
21.0,0.0,0.0,0.0,0.0,0.12856114,0.034561217,63_2893955
24.0,0.0,0.0,0.0,0.0,0.12856114,0.034561217,63_2893955
27.0,0.0,0.0,0.0,0.0,0.12856114,0.034561217,63_2893955
30.0,0.0,0.0,0.0,0.0,0.12856114,0.034561217,63_2893955
33.0,0.0,0.0,0.0,0.0,0.12856114,0.034561217,63_2893955
36.0,0.0,0.0,0.0,0.0,0.12856114,0.034561217,63_2893955
39.0,0.0,0.0,0.0,0.0,0.12856114,0.034561217,63_2893955
42.0,0.0,0.0,0.0,0.0,0.12856114,0.034561217,63_2893955
45.0,0.0,0.0,0.0,0.0,0.12856114,0.034561217,63_2893955
48.0,0.0,0.0,0.0,0.0,0.12856114,0.034561217,63_2893955
51.0,0.0,0.0,0.0,0.0,0.12856114,0.034561217,63_2893955
54.0,0.0,0.0,0.0,0.0,0.12856114,0.034561217,63_2893955
57.0,0.0,0.0,0.0,0.0,0.12856114,0.034561217,63_2893955
60.0,0.0,0.0,0.0,0.0,0.12856114,0.034561217,63_2893955
63.0,0.0,0.0,0.0,0.0,0.12856114,0.034561217,63_2893955
66.0,0.0,0.0,0.0,0.0,0.12856114,0.034561217,63_2893955
69.0,0.0,0.0,0.0,0.0,0.12856114,0.034561217,63_2893955
