relative_time,g_flux,g_uncert,r_flux,r_uncert,redshift,mwebv,id
-30.0,0.0,0.0,0.0,0.0,0.113301665,0.020600516,63_35134195
-27.0,-43.6027717590332,23.969573974609375,23.686294555664062,39.188371721683474,0.113301665,0.020600516,63_35134195
-24.0,-34.52167510986328,33.26123046875,-28.258285522460938,52.04623555157351,0.113301665,0.020600516,63_35134195
-21.0,-6.3489789962768555,43.00770568847656,-41.397377014160156,57.355303448048055,0.113301665,0.020600516,63_35134195
-18.0,0.0,0.0,0.0,0.0,0.113301665,0.020600516,63_35134195
-15.0,0.0,0.0,0.0,0.0,0.113301665,0.020600516,63_35134195
-12.0,356.04876708984375,56.5699577331543,0.0,0.0,0.113301665,0.020600516,63_35134195
-9.0,221.9360809326172,54.227447509765625,0.0,0.0,0.113301665,0.020600516,63_35134195
-6.0,0.0,0.0,0.0,0.0,0.113301665,0.020600516,63_35134195
-3.0,0.0,0.0,0.0,0.0,0.113301665,0.020600516,63_35134195
0.0,46.72347640991211,29.233688354492188,77.86785125732422,47.95667221824579,0.113301665,0.020600516,63_35134195
3.0,0.0,0.0,0.0,0.0,0.113301665,0.020600516,63_35134195
6.0,51.388206481933594,38.97300338745117,65.1781234741211,63.46015779237438,0.113301665,0.020600516,63_35134195
9.0,0.0,0.0,0.0,0.0,0.113301665,0.020600516,63_35134195
12.0,0.0,0.0,0.0,0.0,0.113301665,0.020600516,63_35134195
15.0,183.5152130126953,132.83229064941406,0.0,0.0,0.113301665,0.020600516,63_35134195
18.0,0.0,0.0,0.0,0.0,0.113301665,0.020600516,63_35134195
21.0,-78.92121124267578,64.1542739868164,0.0,0.0,0.113301665,0.020600516,63_35134195
24.0,0.0,0.0,0.0,0.0,0.113301665,0.020600516,63_35134195
27.0,0.0,0.0,0.0,0.0,0.113301665,0.020600516,63_35134195
30.0,0.0,0.0,0.0,0.0,0.113301665,0.020600516,63_35134195
33.0,0.0,0.0,0.0,0.0,0.113301665,0.020600516,63_35134195
36.0,0.0,0.0,-70.30473327636719,99.3637466430664,0.113301665,0.020600516,63_35134195
39.0,0.0,0.0,0.0,0.0,0.113301665,0.020600516,63_35134195
42.0,0.0,0.0,0.0,0.0,0.113301665,0.020600516,63_35134195
45.0,0.0,0.0,0.0,0.0,0.113301665,0.020600516,63_35134195
48.0,0.0,0.0,0.0,0.0,0.113301665,0.020600516,63_35134195
51.0,0.0,0.0,0.0,0.0,0.113301665,0.020600516,63_35134195
54.0,0.0,0.0,0.0,0.0,0.113301665,0.020600516,63_35134195
57.0,0.0,0.0,0.0,0.0,0.113301665,0.020600516,63_35134195
60.0,0.0,0.0,0.0,0.0,0.113301665,0.020600516,63_35134195
63.0,0.0,0.0,0.0,0.0,0.113301665,0.020600516,63_35134195
66.0,0.0,0.0,0.0,0.0,0.113301665,0.020600516,63_35134195
69.0,0.0,0.0,0.0,0.0,0.113301665,0.020600516,63_35134195
