relative_time,g_flux,g_uncert,r_flux,r_uncert,redshift,mwebv,id
-30.0,-35.52583694458008,27.346668243408203,-16.055023193359375,41.39999556568777,0.03453265,0.021539353,63_33539007
-27.0,0.0,0.0,0.0,0.0,0.03453265,0.021539353,63_33539007
-24.0,-168.5668182373047,74.09784698486328,0.0,0.0,0.03453265,0.021539353,63_33539007
-21.0,221.64682006835938,120.44725799560547,0.0,0.0,0.03453265,0.021539353,63_33539007
-18.0,0.0,0.0,0.0,0.0,0.03453265,0.021539353,63_33539007
-15.0,175.26930236816406,84.00125885009766,107.83905029296875,120.6545290627676,0.03453265,0.021539353,63_33539007
-12.0,-22.836450576782227,54.88713836669922,0.0,0.0,0.03453265,0.021539353,63_33539007
-9.0,0.0,0.0,0.0,0.0,0.03453265,0.021539353,63_33539007
-6.0,0.0,0.0,0.0,0.0,0.03453265,0.021539353,63_33539007
-3.0,0.0,0.0,0.0,0.0,0.03453265,0.021539353,63_33539007
0.0,294.29736328125,29.025272369384766,290.6756896972656,50.86208309060804,0.03453265,0.021539353,63_33539007
3.0,0.0,0.0,0.0,0.0,0.03453265,0.021539353,63_33539007
6.0,0.0,0.0,0.0,0.0,0.03453265,0.021539353,63_33539007
9.0,0.0,0.0,0.0,0.0,0.03453265,0.021539353,63_33539007
12.0,0.0,0.0,0.0,0.0,0.03453265,0.021539353,63_33539007
15.0,0.0,0.0,0.0,0.0,0.03453265,0.021539353,63_33539007
18.0,0.0,0.0,0.0,0.0,0.03453265,0.021539353,63_33539007
21.0,0.0,0.0,0.0,0.0,0.03453265,0.021539353,63_33539007
24.0,0.0,0.0,0.0,0.0,0.03453265,0.021539353,63_33539007
27.0,0.0,0.0,0.0,0.0,0.03453265,0.021539353,63_33539007
30.0,0.0,0.0,0.0,0.0,0.03453265,0.021539353,63_33539007
33.0,0.0,0.0,0.0,0.0,0.03453265,0.021539353,63_33539007
36.0,0.0,0.0,0.0,0.0,0.03453265,0.021539353,63_33539007
39.0,0.0,0.0,0.0,0.0,0.03453265,0.021539353,63_33539007
42.0,0.0,0.0,0.0,0.0,0.03453265,0.021539353,63_33539007
45.0,0.0,0.0,0.0,0.0,0.03453265,0.021539353,63_33539007
48.0,0.0,0.0,0.0,0.0,0.03453265,0.021539353,63_33539007
51.0,0.0,0.0,0.0,0.0,0.03453265,0.021539353,63_33539007
54.0,0.0,0.0,0.0,0.0,0.03453265,0.021539353,63_33539007
57.0,0.0,0.0,0.0,0.0,0.03453265,0.021539353,63_33539007
60.0,0.0,0.0,0.0,0.0,0.03453265,0.021539353,63_33539007
63.0,0.0,0.0,0.0,0.0,0.03453265,0.021539353,63_33539007
66.0,0.0,0.0,0.0,0.0,0.03453265,0.021539353,63_33539007
69.0,0.0,0.0,0.0,0.0,0.03453265,0.021539353,63_33539007
