relative_time,g_flux,g_uncert,r_flux,r_uncert,redshift,mwebv,id
-30.0,0.0,0.0,0.0,0.0,0.09753354,0.021926124,63_39998236
-27.0,-6.738796710968018,43.618812561035156,0.0,0.0,0.09753354,0.021926124,63_39998236
-24.0,-20.09302520751953,23.583263397216797,9.180830955505371,32.5010789510171,0.09753354,0.021926124,63_39998236
-21.0,0.0,0.0,0.0,0.0,0.09753354,0.021926124,63_39998236
-18.0,-5.394077777862549,36.22019577026367,5.164641857147217,49.66424403064454,0.09753354,0.021926124,63_39998236
-15.0,48.490474700927734,84.59817504882812,0.0,0.0,0.09753354,0.021926124,63_39998236
-12.0,0.0,0.0,0.0,0.0,0.09753354,0.021926124,63_39998236
-9.0,0.0,0.0,0.0,0.0,0.09753354,0.021926124,63_39998236
-6.0,0.0,0.0,0.0,0.0,0.09753354,0.021926124,63_39998236
-3.0,293.1634521484375,27.057870864868164,308.95672607421875,40.66115389344646,0.09753354,0.021926124,63_39998236
0.0,235.15773010253906,27.983760833740234,319.6229248046875,39.8480339640887,0.09753354,0.021926124,63_39998236
3.0,184.74281311035156,29.093156814575195,311.21063232421875,43.21398783340174,0.09753354,0.021926124,63_39998236
6.0,93.93729400634766,31.490053176879883,314.4563903808594,45.22917094846815,0.09753354,0.021926124,63_39998236
9.0,0.0,0.0,0.0,0.0,0.09753354,0.021926124,63_39998236
12.0,76.33318328857422,38.47441482543945,234.91067504882812,60.15711804112011,0.09753354,0.021926124,63_39998236
15.0,0.0,0.0,0.0,0.0,0.09753354,0.021926124,63_39998236
18.0,0.0,0.0,229.5621337890625,130.1137237548828,0.09753354,0.021926124,63_39998236
21.0,0.0,0.0,0.0,0.0,0.09753354,0.021926124,63_39998236
24.0,0.0,0.0,0.0,0.0,0.09753354,0.021926124,63_39998236
27.0,0.0,0.0,0.0,0.0,0.09753354,0.021926124,63_39998236
30.0,0.0,0.0,0.0,0.0,0.09753354,0.021926124,63_39998236
33.0,0.0,0.0,0.0,0.0,0.09753354,0.021926124,63_39998236
36.0,0.0,0.0,0.0,0.0,0.09753354,0.021926124,63_39998236
39.0,0.0,0.0,0.0,0.0,0.09753354,0.021926124,63_39998236
42.0,0.0,0.0,0.0,0.0,0.09753354,0.021926124,63_39998236
45.0,0.0,0.0,0.0,0.0,0.09753354,0.021926124,63_39998236
48.0,0.0,0.0,0.0,0.0,0.09753354,0.021926124,63_39998236
51.0,0.0,0.0,0.0,0.0,0.09753354,0.021926124,63_39998236
54.0,0.0,0.0,0.0,0.0,0.09753354,0.021926124,63_39998236
57.0,0.0,0.0,0.0,0.0,0.09753354,0.021926124,63_39998236
60.0,0.0,0.0,0.0,0.0,0.09753354,0.021926124,63_39998236
63.0,0.0,0.0,0.0,0.0,0.09753354,0.021926124,63_39998236
66.0,0.0,0.0,0.0,0.0,0.09753354,0.021926124,63_39998236
69.0,0.0,0.0,0.0,0.0,0.09753354,0.021926124,63_39998236
