relative_time,g_flux,g_uncert,r_flux,r_uncert,redshift,mwebv,id
-30.0,0.0,0.0,0.0,0.0,0.030275708,0.026334511,63_46892211
-27.0,0.0,0.0,0.0,0.0,0.030275708,0.026334511,63_46892211
-24.0,0.0,0.0,0.0,0.0,0.030275708,0.026334511,63_46892211
-21.0,0.0,0.0,0.0,0.0,0.030275708,0.026334511,63_46892211
-18.0,0.0,0.0,0.0,0.0,0.030275708,0.026334511,63_46892211
-15.0,0.0,0.0,0.0,0.0,0.030275708,0.026334511,63_46892211
-12.0,0.0,0.0,0.0,0.0,0.030275708,0.026334511,63_46892211
-9.0,0.0,0.0,0.0,0.0,0.030275708,0.026334511,63_46892211
-6.0,0.0,0.0,0.0,0.0,0.030275708,0.026334511,63_46892211
-3.0,0.0,0.0,0.0,0.0,0.030275708,0.026334511,63_46892211
0.0,1219.2984619140625,49.15684127807617,1210.8916015625,99.98844432010951,0.030275708,0.026334511,63_46892211
3.0,1896.141357421875,69.70802307128906,1751.049560546875,120.27119639489047,0.030275708,0.026334511,63_46892211
6.0,0.0,0.0,0.0,0.0,0.030275708,0.026334511,63_46892211
9.0,0.0,0.0,0.0,0.0,0.030275708,0.026334511,63_46892211
12.0,0.0,0.0,0.0,0.0,0.030275708,0.026334511,63_46892211
15.0,0.0,0.0,0.0,0.0,0.030275708,0.026334511,63_46892211
18.0,1628.3538818359375,38.35914993286133,2439.4345703125,78.06883003208915,0.030275708,0.026334511,63_46892211
21.0,1476.419921875,40.00282669067383,2196.326416015625,63.086136543445065,0.030275708,0.026334511,63_46892211
24.0,0.0,0.0,0.0,0.0,0.030275708,0.026334511,63_46892211
27.0,2713.912353515625,94.10671997070312,0.0,0.0,0.030275708,0.026334511,63_46892211
30.0,0.0,0.0,0.0,0.0,0.030275708,0.026334511,63_46892211
33.0,0.0,0.0,3950.8623046875,170.87351989746094,0.030275708,0.026334511,63_46892211
36.0,0.0,0.0,0.0,0.0,0.030275708,0.026334511,63_46892211
39.0,0.0,0.0,0.0,0.0,0.030275708,0.026334511,63_46892211
42.0,0.0,0.0,0.0,0.0,0.030275708,0.026334511,63_46892211
45.0,0.0,0.0,0.0,0.0,0.030275708,0.026334511,63_46892211
48.0,0.0,0.0,0.0,0.0,0.030275708,0.026334511,63_46892211
51.0,0.0,0.0,0.0,0.0,0.030275708,0.026334511,63_46892211
54.0,0.0,0.0,0.0,0.0,0.030275708,0.026334511,63_46892211
57.0,0.0,0.0,0.0,0.0,0.030275708,0.026334511,63_46892211
60.0,0.0,0.0,0.0,0.0,0.030275708,0.026334511,63_46892211
63.0,0.0,0.0,0.0,0.0,0.030275708,0.026334511,63_46892211
66.0,0.0,0.0,0.0,0.0,0.030275708,0.026334511,63_46892211
69.0,0.0,0.0,0.0,0.0,0.030275708,0.026334511,63_46892211
