relative_time,g_flux,g_uncert,r_flux,r_uncert,redshift,mwebv,id
-30.0,0.0,0.0,0.0,0.0,0.07699395,0.049091645,63_48272848
-27.0,0.0,0.0,0.0,0.0,0.07699395,0.049091645,63_48272848
-24.0,0.0,0.0,0.0,0.0,0.07699395,0.049091645,63_48272848
-21.0,0.0,0.0,0.0,0.0,0.07699395,0.049091645,63_48272848
-18.0,89.53109741210938,48.24906539916992,66.87764739990234,93.76239586995314,0.07699395,0.049091645,63_48272848
-15.0,261.67083740234375,122.8667984008789,0.0,0.0,0.07699395,0.049091645,63_48272848
-12.0,0.0,0.0,0.0,0.0,0.07699395,0.049091645,63_48272848
-9.0,541.74658203125,53.383419036865234,0.0,0.0,0.07699395,0.049091645,63_48272848
-6.0,0.0,0.0,0.0,0.0,0.07699395,0.049091645,63_48272848
-3.0,0.0,0.0,0.0,0.0,0.07699395,0.049091645,63_48272848
0.0,551.6548461914062,50.03215789794922,0.0,0.0,0.07699395,0.049091645,63_48272848
3.0,595.20263671875,51.54475402832031,0.0,0.0,0.07699395,0.049091645,63_48272848
6.0,0.0,0.0,0.0,0.0,0.07699395,0.049091645,63_48272848
9.0,0.0,0.0,0.0,0.0,0.07699395,0.049091645,63_48272848
12.0,184.06134033203125,43.37592315673828,254.6636962890625,76.98789081985461,0.07699395,0.049091645,63_48272848
15.0,140.6265106201172,51.94470977783203,366.12725830078125,75.65320734909722,0.07699395,0.049091645,63_48272848
18.0,0.0,0.0,365.3033142089844,128.266845703125,0.07699395,0.049091645,63_48272848
21.0,208.4054412841797,70.98418426513672,0.0,0.0,0.07699395,0.049091645,63_48272848
24.0,55.93495178222656,36.71426010131836,143.47315979003906,60.208158211841585,0.07699395,0.049091645,63_48272848
27.0,25.508649826049805,38.72367477416992,222.85031127929688,65.53461893258482,0.07699395,0.049091645,63_48272848
30.0,0.0,0.0,249.8475799560547,104.1546859741211,0.07699395,0.049091645,63_48272848
33.0,0.0,0.0,0.0,0.0,0.07699395,0.049091645,63_48272848
36.0,0.0,0.0,0.0,0.0,0.07699395,0.049091645,63_48272848
39.0,0.0,0.0,0.0,0.0,0.07699395,0.049091645,63_48272848
42.0,0.0,0.0,0.0,0.0,0.07699395,0.049091645,63_48272848
45.0,0.0,0.0,0.0,0.0,0.07699395,0.049091645,63_48272848
48.0,0.0,0.0,0.0,0.0,0.07699395,0.049091645,63_48272848
51.0,0.0,0.0,0.0,0.0,0.07699395,0.049091645,63_48272848
54.0,0.0,0.0,0.0,0.0,0.07699395,0.049091645,63_48272848
57.0,0.0,0.0,0.0,0.0,0.07699395,0.049091645,63_48272848
60.0,0.0,0.0,0.0,0.0,0.07699395,0.049091645,63_48272848
63.0,0.0,0.0,0.0,0.0,0.07699395,0.049091645,63_48272848
66.0,0.0,0.0,0.0,0.0,0.07699395,0.049091645,63_48272848
69.0,0.0,0.0,0.0,0.0,0.07699395,0.049091645,63_48272848
