relative_time,g_flux,g_uncert,r_flux,r_uncert,redshift,mwebv,id
-30.0,-27.931232452392578,48.50962448120117,0.0,0.0,0.15703319,0.029629264,63_55291324
-27.0,7.5933732986450195,49.83604049682617,0.0,0.0,0.15703319,0.029629264,63_55291324
-24.0,0.0,0.0,0.0,0.0,0.15703319,0.029629264,63_55291324
-21.0,0.0,0.0,0.0,0.0,0.15703319,0.029629264,63_55291324
-18.0,0.0,0.0,0.0,0.0,0.15703319,0.029629264,63_55291324
-15.0,-19.763669967651367,43.92610549926758,-12.722245216369629,75.2488080004604,0.15703319,0.029629264,63_55291324
-12.0,64.53538513183594,29.8961181640625,93.71806335449219,42.295782660889586,0.15703319,0.029629264,63_55291324
-9.0,0.0,0.0,0.0,0.0,0.15703319,0.029629264,63_55291324
-6.0,129.09725952148438,24.656644821166992,53.83046340942383,31.08729157757615,0.15703319,0.029629264,63_55291324
-3.0,54.3997802734375,22.403818130493164,147.01512145996094,31.443477628914806,0.15703319,0.029629264,63_55291324
0.0,78.43739318847656,21.629379272460938,116.03797149658203,34.350239897827706,0.15703319,0.029629264,63_55291324
3.0,67.94482421875,21.685962677001953,56.86240005493164,31.748831209201445,0.15703319,0.029629264,63_55291324
6.0,64.0966796875,22.429651260375977,69.03104400634766,32.68767687354114,0.15703319,0.029629264,63_55291324
9.0,0.0,0.0,0.0,0.0,0.15703319,0.029629264,63_55291324
12.0,0.0,0.0,0.0,0.0,0.15703319,0.029629264,63_55291324
15.0,0.0,0.0,0.0,0.0,0.15703319,0.029629264,63_55291324
18.0,0.0,0.0,0.0,0.0,0.15703319,0.029629264,63_55291324
21.0,0.0,0.0,0.0,0.0,0.15703319,0.029629264,63_55291324
24.0,0.0,0.0,0.0,0.0,0.15703319,0.029629264,63_55291324
27.0,0.0,0.0,0.0,0.0,0.15703319,0.029629264,63_55291324
30.0,0.0,0.0,0.0,0.0,0.15703319,0.029629264,63_55291324
33.0,0.0,0.0,0.0,0.0,0.15703319,0.029629264,63_55291324
36.0,0.0,0.0,0.0,0.0,0.15703319,0.029629264,63_55291324
39.0,0.0,0.0,0.0,0.0,0.15703319,0.029629264,63_55291324
42.0,0.0,0.0,0.0,0.0,0.15703319,0.029629264,63_55291324
45.0,0.0,0.0,0.0,0.0,0.15703319,0.029629264,63_55291324
48.0,0.0,0.0,0.0,0.0,0.15703319,0.029629264,63_55291324
51.0,0.0,0.0,0.0,0.0,0.15703319,0.029629264,63_55291324
54.0,0.0,0.0,0.0,0.0,0.15703319,0.029629264,63_55291324
57.0,0.0,0.0,0.0,0.0,0.15703319,0.029629264,63_55291324
60.0,0.0,0.0,0.0,0.0,0.15703319,0.029629264,63_55291324
63.0,0.0,0.0,0.0,0.0,0.15703319,0.029629264,63_55291324
66.0,0.0,0.0,0.0,0.0,0.15703319,0.029629264,63_55291324
69.0,0.0,0.0,0.0,0.0,0.15703319,0.029629264,63_55291324
