relative_time,g_flux,g_uncert,r_flux,r_uncert,redshift,mwebv,id
-30.0,19.863224029541016,36.104759216308594,39.036678314208984,57.16221828260122,0.07450257,0.020237422,63_57452580
-27.0,0.0,0.0,0.0,0.0,0.07450257,0.020237422,63_57452580
-24.0,0.0,0.0,0.0,0.0,0.07450257,0.020237422,63_57452580
-21.0,0.0,0.0,0.0,0.0,0.07450257,0.020237422,63_57452580
-18.0,96.29283142089844,108.90029907226562,0.0,0.0,0.07450257,0.020237422,63_57452580
-15.0,-4.543900489807129,27.126131057739258,-29.92287254333496,47.555056584659425,0.07450257,0.020237422,63_57452580
-12.0,0.0,0.0,53.70741653442383,61.43425369262695,0.07450257,0.020237422,63_57452580
-9.0,0.0,0.0,197.05397033691406,70.52916717529297,0.07450257,0.020237422,63_57452580
-6.0,69.5102767944336,29.415987014770508,128.3075408935547,48.30313145129771,0.07450257,0.020237422,63_57452580
-3.0,122.91468811035156,29.693098068237305,185.6180419921875,45.10138170378312,0.07450257,0.020237422,63_57452580
0.0,204.15817260742188,37.42661666870117,218.26019287109375,51.284560402682935,0.07450257,0.020237422,63_57452580
3.0,0.0,0.0,421.4279479980469,118.7842788696289,0.07450257,0.020237422,63_57452580
6.0,0.0,0.0,0.0,0.0,0.07450257,0.020237422,63_57452580
9.0,0.0,0.0,0.0,0.0,0.07450257,0.020237422,63_57452580
12.0,0.0,0.0,0.0,0.0,0.07450257,0.020237422,63_57452580
15.0,0.0,0.0,0.0,0.0,0.07450257,0.020237422,63_57452580
18.0,0.0,0.0,0.0,0.0,0.07450257,0.020237422,63_57452580
21.0,0.0,0.0,0.0,0.0,0.07450257,0.020237422,63_57452580
24.0,0.0,0.0,0.0,0.0,0.07450257,0.020237422,63_57452580
27.0,0.0,0.0,0.0,0.0,0.07450257,0.020237422,63_57452580
30.0,0.0,0.0,0.0,0.0,0.07450257,0.020237422,63_57452580
33.0,0.0,0.0,0.0,0.0,0.07450257,0.020237422,63_57452580
36.0,0.0,0.0,0.0,0.0,0.07450257,0.020237422,63_57452580
39.0,0.0,0.0,0.0,0.0,0.07450257,0.020237422,63_57452580
42.0,0.0,0.0,0.0,0.0,0.07450257,0.020237422,63_57452580
45.0,0.0,0.0,0.0,0.0,0.07450257,0.020237422,63_57452580
48.0,0.0,0.0,0.0,0.0,0.07450257,0.020237422,63_57452580
51.0,0.0,0.0,0.0,0.0,0.07450257,0.020237422,63_57452580
54.0,0.0,0.0,0.0,0.0,0.07450257,0.020237422,63_57452580
57.0,0.0,0.0,0.0,0.0,0.07450257,0.020237422,63_57452580
60.0,0.0,0.0,0.0,0.0,0.07450257,0.020237422,63_57452580
63.0,0.0,0.0,0.0,0.0,0.07450257,0.020237422,63_57452580
66.0,0.0,0.0,0.0,0.0,0.07450257,0.020237422,63_57452580
69.0,0.0,0.0,0.0,0.0,0.07450257,0.020237422,63_57452580
