relative_time,g_flux,g_uncert,r_flux,r_uncert,redshift,mwebv,id
-30.0,0.0,0.0,0.0,0.0,0.068976775,0.023508543,63_57088681
-27.0,0.0,0.0,0.0,0.0,0.068976775,0.023508543,63_57088681
-24.0,0.0,0.0,0.0,0.0,0.068976775,0.023508543,63_57088681
-21.0,0.0,0.0,0.0,0.0,0.068976775,0.023508543,63_57088681
-18.0,-2.200747013092041,42.1002082824707,61.33468246459961,79.310625894826,0.068976775,0.023508543,63_57088681
-15.0,0.0,0.0,0.0,0.0,0.068976775,0.023508543,63_57088681
-12.0,0.0,0.0,0.0,0.0,0.068976775,0.023508543,63_57088681
-9.0,0.0,0.0,0.0,0.0,0.068976775,0.023508543,63_57088681
-6.0,0.0,0.0,0.0,0.0,0.068976775,0.023508543,63_57088681
-3.0,0.0,0.0,0.0,0.0,0.068976775,0.023508543,63_57088681
0.0,377.4566650390625,45.103363037109375,511.6283264160156,70.14314012054984,0.068976775,0.023508543,63_57088681
3.0,0.0,0.0,0.0,0.0,0.068976775,0.023508543,63_57088681
6.0,0.0,0.0,0.0,0.0,0.068976775,0.023508543,63_57088681
9.0,0.0,0.0,0.0,0.0,0.068976775,0.023508543,63_57088681
12.0,0.0,0.0,0.0,0.0,0.068976775,0.023508543,63_57088681
15.0,0.0,0.0,0.0,0.0,0.068976775,0.023508543,63_57088681
18.0,0.0,0.0,0.0,0.0,0.068976775,0.023508543,63_57088681
21.0,0.0,0.0,0.0,0.0,0.068976775,0.023508543,63_57088681
24.0,0.0,0.0,0.0,0.0,0.068976775,0.023508543,63_57088681
27.0,0.0,0.0,0.0,0.0,0.068976775,0.023508543,63_57088681
30.0,0.0,0.0,0.0,0.0,0.068976775,0.023508543,63_57088681
33.0,0.0,0.0,0.0,0.0,0.068976775,0.023508543,63_57088681
36.0,0.0,0.0,0.0,0.0,0.068976775,0.023508543,63_57088681
39.0,0.0,0.0,0.0,0.0,0.068976775,0.023508543,63_57088681
42.0,0.0,0.0,0.0,0.0,0.068976775,0.023508543,63_57088681
45.0,0.0,0.0,0.0,0.0,0.068976775,0.023508543,63_57088681
48.0,0.0,0.0,0.0,0.0,0.068976775,0.023508543,63_57088681
51.0,0.0,0.0,0.0,0.0,0.068976775,0.023508543,63_57088681
54.0,0.0,0.0,0.0,0.0,0.068976775,0.023508543,63_57088681
57.0,0.0,0.0,0.0,0.0,0.068976775,0.023508543,63_57088681
60.0,0.0,0.0,0.0,0.0,0.068976775,0.023508543,63_57088681
63.0,0.0,0.0,0.0,0.0,0.068976775,0.023508543,63_57088681
66.0,0.0,0.0,0.0,0.0,0.068976775,0.023508543,63_57088681
69.0,0.0,0.0,0.0,0.0,0.068976775,0.023508543,63_57088681
