relative_time,g_flux,g_uncert,r_flux,r_uncert,redshift,mwebv,id
-30.0,0.0,0.0,0.0,0.0,0.09823636,0.024912834,63_51409169
-27.0,0.0,0.0,13.017738342285156,49.872169494628906,0.09823636,0.024912834,63_51409169
-24.0,0.0,0.0,0.0,0.0,0.09823636,0.024912834,63_51409169
-21.0,0.0,0.0,0.0,0.0,0.09823636,0.024912834,63_51409169
-18.0,0.0,0.0,0.0,0.0,0.09823636,0.024912834,63_51409169
-15.0,75.89332580566406,29.42970085144043,2.11124849319458,45.17473205588275,0.09823636,0.024912834,63_51409169
-12.0,0.0,0.0,0.0,0.0,0.09823636,0.024912834,63_51409169
-9.0,0.0,0.0,0.0,0.0,0.09823636,0.024912834,63_51409169
-6.0,0.0,0.0,0.0,0.0,0.09823636,0.024912834,63_51409169
-3.0,368.9863586425781,63.276641845703125,0.0,0.0,0.09823636,0.024912834,63_51409169
0.0,113.85688018798828,24.92938232421875,149.9693145751953,37.29808084552285,0.09823636,0.024912834,63_51409169
3.0,194.6791229248047,49.067840576171875,0.0,0.0,0.09823636,0.024912834,63_51409169
6.0,176.28103637695312,48.80884552001953,0.0,0.0,0.09823636,0.024912834,63_51409169
9.0,0.0,0.0,307.11175537109375,53.63496017456055,0.09823636,0.024912834,63_51409169
12.0,0.0,0.0,0.0,0.0,0.09823636,0.024912834,63_51409169
15.0,0.0,0.0,0.0,0.0,0.09823636,0.024912834,63_51409169
18.0,-10.599807739257812,71.45500183105469,206.8708953857422,116.40777754063195,0.09823636,0.024912834,63_51409169
21.0,0.0,0.0,325.7034606933594,135.83340454101562,0.09823636,0.024912834,63_51409169
24.0,0.0,0.0,0.0,0.0,0.09823636,0.024912834,63_51409169
27.0,27.56559181213379,30.878889083862305,60.16252136230469,49.00887874373869,0.09823636,0.024912834,63_51409169
30.0,0.0,0.0,0.0,0.0,0.09823636,0.024912834,63_51409169
33.0,0.0,0.0,0.0,0.0,0.09823636,0.024912834,63_51409169
36.0,0.0,0.0,0.0,0.0,0.09823636,0.024912834,63_51409169
39.0,0.0,0.0,0.0,0.0,0.09823636,0.024912834,63_51409169
42.0,0.0,0.0,0.0,0.0,0.09823636,0.024912834,63_51409169
45.0,0.0,0.0,0.0,0.0,0.09823636,0.024912834,63_51409169
48.0,0.0,0.0,0.0,0.0,0.09823636,0.024912834,63_51409169
51.0,0.0,0.0,225.285888671875,160.785400390625,0.09823636,0.024912834,63_51409169
54.0,0.0,0.0,0.0,0.0,0.09823636,0.024912834,63_51409169
57.0,0.0,0.0,0.0,0.0,0.09823636,0.024912834,63_51409169
60.0,0.0,0.0,0.0,0.0,0.09823636,0.024912834,63_51409169
63.0,0.0,0.0,0.0,0.0,0.09823636,0.024912834,63_51409169
66.0,0.0,0.0,0.0,0.0,0.09823636,0.024912834,63_51409169
69.0,0.0,0.0,0.0,0.0,0.09823636,0.024912834,63_51409169
