relative_time,g_flux,g_uncert,r_flux,r_uncert,redshift,mwebv,id
-30.0,0.0,0.0,0.0,0.0,0.094100945,0.019191695,63_68889460
-27.0,20.239463806152344,56.12448501586914,0.0,0.0,0.094100945,0.019191695,63_68889460
-24.0,0.0,0.0,0.0,0.0,0.094100945,0.019191695,63_68889460
-21.0,0.0,0.0,46.714256286621094,70.73629760742188,0.094100945,0.019191695,63_68889460
-18.0,20.42890167236328,47.893489837646484,-10.2798433303833,66.77181842861047,0.094100945,0.019191695,63_68889460
-15.0,0.0,0.0,0.0,0.0,0.094100945,0.019191695,63_68889460
-12.0,0.0,0.0,0.0,0.0,0.094100945,0.019191695,63_68889460
-9.0,0.0,0.0,0.0,0.0,0.094100945,0.019191695,63_68889460
-6.0,568.44091796875,60.867584228515625,0.0,0.0,0.094100945,0.019191695,63_68889460
-3.0,0.0,0.0,0.0,0.0,0.094100945,0.019191695,63_68889460
0.0,500.0799255371094,63.38772964477539,0.0,0.0,0.094100945,0.019191695,63_68889460
3.0,0.0,0.0,0.0,0.0,0.094100945,0.019191695,63_68889460
6.0,0.0,0.0,0.0,0.0,0.094100945,0.019191695,63_68889460
9.0,361.3670349121094,82.96465301513672,0.0,0.0,0.094100945,0.019191695,63_68889460
12.0,0.0,0.0,0.0,0.0,0.094100945,0.019191695,63_68889460
15.0,0.0,0.0,722.47900390625,139.78170776367188,0.094100945,0.019191695,63_68889460
18.0,273.2538146972656,137.3233642578125,0.0,0.0,0.094100945,0.019191695,63_68889460
21.0,0.0,0.0,0.0,0.0,0.094100945,0.019191695,63_68889460
24.0,0.0,0.0,0.0,0.0,0.094100945,0.019191695,63_68889460
27.0,0.0,0.0,0.0,0.0,0.094100945,0.019191695,63_68889460
30.0,0.0,0.0,0.0,0.0,0.094100945,0.019191695,63_68889460
33.0,0.0,0.0,234.68138122558594,91.36336517333984,0.094100945,0.019191695,63_68889460
36.0,0.0,0.0,0.0,0.0,0.094100945,0.019191695,63_68889460
39.0,0.0,0.0,0.0,0.0,0.094100945,0.019191695,63_68889460
42.0,0.0,0.0,0.0,0.0,0.094100945,0.019191695,63_68889460
45.0,0.0,0.0,0.0,0.0,0.094100945,0.019191695,63_68889460
48.0,0.0,0.0,0.0,0.0,0.094100945,0.019191695,63_68889460
51.0,0.0,0.0,0.0,0.0,0.094100945,0.019191695,63_68889460
54.0,0.0,0.0,0.0,0.0,0.094100945,0.019191695,63_68889460
57.0,0.0,0.0,0.0,0.0,0.094100945,0.019191695,63_68889460
60.0,0.0,0.0,0.0,0.0,0.094100945,0.019191695,63_68889460
63.0,0.0,0.0,0.0,0.0,0.094100945,0.019191695,63_68889460
66.0,0.0,0.0,0.0,0.0,0.094100945,0.019191695,63_68889460
69.0,0.0,0.0,0.0,0.0,0.094100945,0.019191695,63_68889460
