relative_time,g_flux,g_uncert,r_flux,r_uncert,redshift,mwebv,id
-30.0,0.0,0.0,79.79434204101562,75.46395111083984,0.12569924,0.02246836,63_78078728
-27.0,0.0,0.0,0.0,0.0,0.12569924,0.02246836,63_78078728
-24.0,0.0,0.0,0.0,0.0,0.12569924,0.02246836,63_78078728
-21.0,-23.57670021057129,42.038734436035156,51.42049026489258,53.45266981723586,0.12569924,0.02246836,63_78078728
-18.0,0.0,0.0,0.0,0.0,0.12569924,0.02246836,63_78078728
-15.0,0.0,0.0,0.0,0.0,0.12569924,0.02246836,63_78078728
-12.0,0.0,0.0,0.0,0.0,0.12569924,0.02246836,63_78078728
-9.0,0.0,0.0,0.0,0.0,0.12569924,0.02246836,63_78078728
-6.0,140.9208221435547,32.614501953125,202.86802673339844,56.8776049978794,0.12569924,0.02246836,63_78078728
-3.0,0.0,0.0,0.0,0.0,0.12569924,0.02246836,63_78078728
0.0,196.65972900390625,33.39076614379883,220.31893920898438,51.705424670571624,0.12569924,0.02246836,63_78078728
3.0,0.0,0.0,0.0,0.0,0.12569924,0.02246836,63_78078728
6.0,181.53846740722656,38.06382369995117,146.0456085205078,57.56553327711955,0.12569924,0.02246836,63_78078728
9.0,173.37203979492188,45.53213882446289,202.62974548339844,69.22837143347788,0.12569924,0.02246836,63_78078728
12.0,0.0,0.0,0.0,0.0,0.12569924,0.02246836,63_78078728
15.0,0.0,0.0,0.0,0.0,0.12569924,0.02246836,63_78078728
18.0,0.0,0.0,0.0,0.0,0.12569924,0.02246836,63_78078728
21.0,0.0,0.0,0.0,0.0,0.12569924,0.02246836,63_78078728
24.0,0.0,0.0,0.0,0.0,0.12569924,0.02246836,63_78078728
27.0,0.0,0.0,0.0,0.0,0.12569924,0.02246836,63_78078728
30.0,0.0,0.0,0.0,0.0,0.12569924,0.02246836,63_78078728
33.0,0.0,0.0,0.0,0.0,0.12569924,0.02246836,63_78078728
36.0,0.0,0.0,0.0,0.0,0.12569924,0.02246836,63_78078728
39.0,0.0,0.0,0.0,0.0,0.12569924,0.02246836,63_78078728
42.0,0.0,0.0,0.0,0.0,0.12569924,0.02246836,63_78078728
45.0,0.0,0.0,0.0,0.0,0.12569924,0.02246836,63_78078728
48.0,0.0,0.0,0.0,0.0,0.12569924,0.02246836,63_78078728
51.0,0.0,0.0,0.0,0.0,0.12569924,0.02246836,63_78078728
54.0,0.0,0.0,0.0,0.0,0.12569924,0.02246836,63_78078728
57.0,0.0,0.0,0.0,0.0,0.12569924,0.02246836,63_78078728
60.0,0.0,0.0,0.0,0.0,0.12569924,0.02246836,63_78078728
63.0,0.0,0.0,0.0,0.0,0.12569924,0.02246836,63_78078728
66.0,0.0,0.0,0.0,0.0,0.12569924,0.02246836,63_78078728
69.0,0.0,0.0,0.0,0.0,0.12569924,0.02246836,63_78078728
