relative_time,g_flux,g_uncert,r_flux,r_uncert,redshift,mwebv,id
-30.0,0.0,0.0,0.0,0.0,0.03614213,0.025479507,63_82752253
-27.0,37.9272346496582,24.384061813354492,59.76418685913086,37.084659994256896,0.03614213,0.025479507,63_82752253
-24.0,6.813330173492432,25.28605079650879,52.72608184814453,41.86984998158637,0.03614213,0.025479507,63_82752253
-21.0,0.0,0.0,0.0,0.0,0.03614213,0.025479507,63_82752253
-18.0,0.0,0.0,0.0,0.0,0.03614213,0.025479507,63_82752253
-15.0,-16.711082458496094,41.85138702392578,178.8883056640625,59.539251985446164,0.03614213,0.025479507,63_82752253
-12.0,67.93492889404297,24.652183532714844,163.22555541992188,37.765496813354,0.03614213,0.025479507,63_82752253
-9.0,62.264007568359375,24.56320571899414,188.11634826660156,38.57168982386529,0.03614213,0.025479507,63_82752253
-6.0,76.305419921875,24.715198516845703,172.34664916992188,40.11936256215989,0.03614213,0.025479507,63_82752253
-3.0,0.0,0.0,447.9931335449219,57.33809280395508,0.03614213,0.025479507,63_82752253
0.0,74.46449279785156,24.2462100982666,151.54251098632812,38.73349056377425,0.03614213,0.025479507,63_82752253
3.0,89.1953125,30.23797607421875,102.46312713623047,46.04196719002935,0.03614213,0.025479507,63_82752253
6.0,0.0,0.0,0.0,0.0,0.03614213,0.025479507,63_82752253
9.0,0.0,0.0,0.0,0.0,0.03614213,0.025479507,63_82752253
12.0,0.0,0.0,0.0,0.0,0.03614213,0.025479507,63_82752253
15.0,0.0,0.0,0.0,0.0,0.03614213,0.025479507,63_82752253
18.0,0.0,0.0,0.0,0.0,0.03614213,0.025479507,63_82752253
21.0,0.0,0.0,0.0,0.0,0.03614213,0.025479507,63_82752253
24.0,0.0,0.0,0.0,0.0,0.03614213,0.025479507,63_82752253
27.0,0.0,0.0,0.0,0.0,0.03614213,0.025479507,63_82752253
30.0,0.0,0.0,0.0,0.0,0.03614213,0.025479507,63_82752253
33.0,0.0,0.0,0.0,0.0,0.03614213,0.025479507,63_82752253
36.0,0.0,0.0,0.0,0.0,0.03614213,0.025479507,63_82752253
39.0,0.0,0.0,0.0,0.0,0.03614213,0.025479507,63_82752253
42.0,0.0,0.0,0.0,0.0,0.03614213,0.025479507,63_82752253
45.0,0.0,0.0,0.0,0.0,0.03614213,0.025479507,63_82752253
48.0,0.0,0.0,0.0,0.0,0.03614213,0.025479507,63_82752253
51.0,0.0,0.0,0.0,0.0,0.03614213,0.025479507,63_82752253
54.0,0.0,0.0,0.0,0.0,0.03614213,0.025479507,63_82752253
57.0,0.0,0.0,0.0,0.0,0.03614213,0.025479507,63_82752253
60.0,0.0,0.0,0.0,0.0,0.03614213,0.025479507,63_82752253
63.0,0.0,0.0,0.0,0.0,0.03614213,0.025479507,63_82752253
66.0,0.0,0.0,0.0,0.0,0.03614213,0.025479507,63_82752253
69.0,0.0,0.0,0.0,0.0,0.03614213,0.025479507,63_82752253
