relative_time,g_flux,g_uncert,r_flux,r_uncert,redshift,mwebv,id
-30.0,-8.396525382995605,21.211868286132812,-18.05430030822754,30.020508311644665,0.12284449,0.02209768,63_84908536
-27.0,0.0,0.0,0.0,0.0,0.12284449,0.02209768,63_84908536
-24.0,0.0,0.0,0.0,0.0,0.12284449,0.02209768,63_84908536
-21.0,-25.83779525756836,30.303203582763672,23.284101486206055,43.39045702529164,0.12284449,0.02209768,63_84908536
-18.0,-258.0072021484375,88.43873596191406,0.0,0.0,0.12284449,0.02209768,63_84908536
-15.0,0.0,0.0,-60.791202545166016,109.4249496459961,0.12284449,0.02209768,63_84908536
-12.0,0.0,0.0,84.14892578125,91.31253051757812,0.12284449,0.02209768,63_84908536
-9.0,213.1409149169922,44.863861083984375,0.0,0.0,0.12284449,0.02209768,63_84908536
-6.0,0.0,0.0,0.0,0.0,0.12284449,0.02209768,63_84908536
-3.0,90.08822631835938,22.248964309692383,107.75062561035156,31.37879401756817,0.12284449,0.02209768,63_84908536
0.0,84.7472152709961,23.7921142578125,127.72160339355469,32.508736864804135,0.12284449,0.02209768,63_84908536
3.0,75.43889617919922,22.942922592163086,54.96963119506836,37.924524627805724,0.12284449,0.02209768,63_84908536
6.0,0.0,0.0,0.0,0.0,0.12284449,0.02209768,63_84908536
9.0,0.0,0.0,0.0,0.0,0.12284449,0.02209768,63_84908536
12.0,-13.515928268432617,45.932621002197266,86.63365173339844,70.87263530766538,0.12284449,0.02209768,63_84908536
15.0,0.0,0.0,0.0,0.0,0.12284449,0.02209768,63_84908536
18.0,0.0,0.0,0.0,0.0,0.12284449,0.02209768,63_84908536
21.0,0.0,0.0,0.0,0.0,0.12284449,0.02209768,63_84908536
24.0,5.383944511413574,49.099342346191406,0.0,0.0,0.12284449,0.02209768,63_84908536
27.0,0.0,0.0,0.0,0.0,0.12284449,0.02209768,63_84908536
30.0,0.0,0.0,0.0,0.0,0.12284449,0.02209768,63_84908536
33.0,0.0,0.0,0.0,0.0,0.12284449,0.02209768,63_84908536
36.0,0.0,0.0,0.0,0.0,0.12284449,0.02209768,63_84908536
39.0,0.0,0.0,0.0,0.0,0.12284449,0.02209768,63_84908536
42.0,0.0,0.0,0.0,0.0,0.12284449,0.02209768,63_84908536
45.0,0.0,0.0,0.0,0.0,0.12284449,0.02209768,63_84908536
48.0,0.0,0.0,0.0,0.0,0.12284449,0.02209768,63_84908536
51.0,0.0,0.0,0.0,0.0,0.12284449,0.02209768,63_84908536
54.0,0.0,0.0,0.0,0.0,0.12284449,0.02209768,63_84908536
57.0,0.0,0.0,0.0,0.0,0.12284449,0.02209768,63_84908536
60.0,0.0,0.0,0.0,0.0,0.12284449,0.02209768,63_84908536
63.0,0.0,0.0,0.0,0.0,0.12284449,0.02209768,63_84908536
66.0,0.0,0.0,0.0,0.0,0.12284449,0.02209768,63_84908536
69.0,0.0,0.0,0.0,0.0,0.12284449,0.02209768,63_84908536
