relative_time,g_flux,g_uncert,r_flux,r_uncert,redshift,mwebv,id
-30.0,18.458297729492188,49.32815170288086,0.0,0.0,0.050074883,0.023944063,63_81883386
-27.0,23.778095245361328,25.528356552124023,-20.112810134887695,38.226325734525076,0.050074883,0.023944063,63_81883386
-24.0,0.0,0.0,0.0,0.0,0.050074883,0.023944063,63_81883386
-21.0,17.185476303100586,37.87617874145508,-0.9776249527931213,48.201024135871705,0.050074883,0.023944063,63_81883386
-18.0,32.69441604614258,44.02161407470703,48.31576156616211,58.89452523745404,0.050074883,0.023944063,63_81883386
-15.0,0.0,0.0,0.0,0.0,0.050074883,0.023944063,63_81883386
-12.0,0.0,0.0,0.0,0.0,0.050074883,0.023944063,63_81883386
-9.0,0.0,0.0,0.0,0.0,0.050074883,0.023944063,63_81883386
-6.0,0.0,0.0,0.0,0.0,0.050074883,0.023944063,63_81883386
-3.0,0.0,0.0,0.0,0.0,0.050074883,0.023944063,63_81883386
0.0,342.5706787109375,33.88605499267578,422.21331787109375,50.46353709629242,0.050074883,0.023944063,63_81883386
3.0,0.0,0.0,0.0,0.0,0.050074883,0.023944063,63_81883386
6.0,0.0,0.0,0.0,0.0,0.050074883,0.023944063,63_81883386
9.0,310.23260498046875,48.59941482543945,491.48199462890625,69.93849930076568,0.050074883,0.023944063,63_81883386
12.0,0.0,0.0,0.0,0.0,0.050074883,0.023944063,63_81883386
15.0,0.0,0.0,1260.9051513671875,178.0491485595703,0.050074883,0.023944063,63_81883386
18.0,0.0,0.0,0.0,0.0,0.050074883,0.023944063,63_81883386
21.0,0.0,0.0,0.0,0.0,0.050074883,0.023944063,63_81883386
24.0,0.0,0.0,0.0,0.0,0.050074883,0.023944063,63_81883386
27.0,0.0,0.0,0.0,0.0,0.050074883,0.023944063,63_81883386
30.0,0.0,0.0,0.0,0.0,0.050074883,0.023944063,63_81883386
33.0,0.0,0.0,0.0,0.0,0.050074883,0.023944063,63_81883386
36.0,0.0,0.0,0.0,0.0,0.050074883,0.023944063,63_81883386
39.0,0.0,0.0,0.0,0.0,0.050074883,0.023944063,63_81883386
42.0,0.0,0.0,0.0,0.0,0.050074883,0.023944063,63_81883386
45.0,0.0,0.0,0.0,0.0,0.050074883,0.023944063,63_81883386
48.0,0.0,0.0,0.0,0.0,0.050074883,0.023944063,63_81883386
51.0,0.0,0.0,0.0,0.0,0.050074883,0.023944063,63_81883386
54.0,0.0,0.0,0.0,0.0,0.050074883,0.023944063,63_81883386
57.0,0.0,0.0,0.0,0.0,0.050074883,0.023944063,63_81883386
60.0,0.0,0.0,0.0,0.0,0.050074883,0.023944063,63_81883386
63.0,0.0,0.0,0.0,0.0,0.050074883,0.023944063,63_81883386
66.0,0.0,0.0,0.0,0.0,0.050074883,0.023944063,63_81883386
69.0,0.0,0.0,0.0,0.0,0.050074883,0.023944063,63_81883386
