relative_time,g_flux,g_uncert,r_flux,r_uncert,redshift,mwebv,id
-30.0,0.0,0.0,149.17295837402344,105.4878921508789,0.03309795,0.06123778,67_1774700
-27.0,50.00035858154297,41.448997497558594,86.74955749511719,69.4144973112986,0.03309795,0.06123778,67_1774700
-24.0,-138.6001434326172,125.81143951416016,0.0,0.0,0.03309795,0.06123778,67_1774700
-21.0,91.10331726074219,66.36476135253906,77.40251922607422,86.32280410690333,0.03309795,0.06123778,67_1774700
-18.0,-96.73626708984375,155.70770263671875,0.0,0.0,0.03309795,0.06123778,67_1774700
-15.0,-147.3488311767578,100.09608459472656,4.155856609344482,128.13733854145528,0.03309795,0.06123778,67_1774700
-12.0,-27.103252410888672,88.70332336425781,164.5667266845703,131.02576659409115,0.03309795,0.06123778,67_1774700
-9.0,1700.7916259765625,171.58421325683594,0.0,0.0,0.03309795,0.06123778,67_1774700
-6.0,0.0,0.0,0.0,0.0,0.03309795,0.06123778,67_1774700
-3.0,0.0,0.0,0.0,0.0,0.03309795,0.06123778,67_1774700
0.0,3849.297119140625,109.22994232177734,6805.95703125,168.22896375684797,0.03309795,0.06123778,67_1774700
3.0,0.0,0.0,0.0,0.0,0.03309795,0.06123778,67_1774700
6.0,0.0,0.0,0.0,0.0,0.03309795,0.06123778,67_1774700
9.0,0.0,0.0,0.0,0.0,0.03309795,0.06123778,67_1774700
12.0,0.0,0.0,0.0,0.0,0.03309795,0.06123778,67_1774700
15.0,801.279541015625,365.1919860839844,3716.355224609375,377.8437860148688,0.03309795,0.06123778,67_1774700
18.0,0.0,0.0,0.0,0.0,0.03309795,0.06123778,67_1774700
21.0,0.0,0.0,0.0,0.0,0.03309795,0.06123778,67_1774700
24.0,0.0,0.0,0.0,0.0,0.03309795,0.06123778,67_1774700
27.0,0.0,0.0,0.0,0.0,0.03309795,0.06123778,67_1774700
30.0,0.0,0.0,0.0,0.0,0.03309795,0.06123778,67_1774700
33.0,0.0,0.0,0.0,0.0,0.03309795,0.06123778,67_1774700
36.0,0.0,0.0,0.0,0.0,0.03309795,0.06123778,67_1774700
39.0,0.0,0.0,0.0,0.0,0.03309795,0.06123778,67_1774700
42.0,0.0,0.0,0.0,0.0,0.03309795,0.06123778,67_1774700
45.0,0.0,0.0,0.0,0.0,0.03309795,0.06123778,67_1774700
48.0,0.0,0.0,0.0,0.0,0.03309795,0.06123778,67_1774700
51.0,0.0,0.0,0.0,0.0,0.03309795,0.06123778,67_1774700
54.0,0.0,0.0,0.0,0.0,0.03309795,0.06123778,67_1774700
57.0,0.0,0.0,0.0,0.0,0.03309795,0.06123778,67_1774700
60.0,0.0,0.0,0.0,0.0,0.03309795,0.06123778,67_1774700
63.0,0.0,0.0,0.0,0.0,0.03309795,0.06123778,67_1774700
66.0,0.0,0.0,0.0,0.0,0.03309795,0.06123778,67_1774700
69.0,0.0,0.0,0.0,0.0,0.03309795,0.06123778,67_1774700
