relative_time,g_flux,g_uncert,r_flux,r_uncert,redshift,mwebv,id
-30.0,0.0,0.0,0.0,0.0,0.08583244,0.07175242,67_1827516
-27.0,-169.6506551106771,154.91261291503906,-195.0282185872396,170.0584442647437,0.08583244,0.07175242,67_1827516
-24.0,0.0,0.0,-205.0860137939453,588.4274291992188,0.08583244,0.07175242,67_1827516
-21.0,-67.15375518798828,44.10849380493164,-45.06169891357422,63.670209593157765,0.08583244,0.07175242,67_1827516
-18.0,0.0,0.0,29.928110122680664,101.82042694091797,0.08583244,0.07175242,67_1827516
-15.0,109.31224822998047,223.24293518066406,93.59896087646484,141.4363969302565,0.08583244,0.07175242,67_1827516
-12.0,-1194.0250244140625,805.3079833984375,0.0,0.0,0.08583244,0.07175242,67_1827516
-9.0,0.0,0.0,459.10858154296875,128.83509826660156,0.08583244,0.07175242,67_1827516
-6.0,495.7591247558594,81.46722412109375,501.5138244628906,77.17409761962448,0.08583244,0.07175242,67_1827516
-3.0,0.0,0.0,0.0,0.0,0.08583244,0.07175242,67_1827516
0.0,1620.4786376953125,111.81558227539062,0.0,0.0,0.08583244,0.07175242,67_1827516
3.0,0.0,0.0,0.0,0.0,0.08583244,0.07175242,67_1827516
6.0,0.0,0.0,0.0,0.0,0.08583244,0.07175242,67_1827516
9.0,0.0,0.0,0.0,0.0,0.08583244,0.07175242,67_1827516
12.0,0.0,0.0,0.0,0.0,0.08583244,0.07175242,67_1827516
15.0,0.0,0.0,0.0,0.0,0.08583244,0.07175242,67_1827516
18.0,0.0,0.0,606.7527618408203,239.92418807985794,0.08583244,0.07175242,67_1827516
21.0,0.0,0.0,0.0,0.0,0.08583244,0.07175242,67_1827516
24.0,39.21987533569336,73.46893310546875,312.8778076171875,104.03218964583364,0.08583244,0.07175242,67_1827516
27.0,0.0,0.0,0.0,0.0,0.08583244,0.07175242,67_1827516
30.0,0.0,0.0,0.0,0.0,0.08583244,0.07175242,67_1827516
33.0,0.0,0.0,0.0,0.0,0.08583244,0.07175242,67_1827516
36.0,0.0,0.0,0.0,0.0,0.08583244,0.07175242,67_1827516
39.0,0.0,0.0,0.0,0.0,0.08583244,0.07175242,67_1827516
42.0,0.0,0.0,0.0,0.0,0.08583244,0.07175242,67_1827516
45.0,0.0,0.0,0.0,0.0,0.08583244,0.07175242,67_1827516
48.0,0.0,0.0,0.0,0.0,0.08583244,0.07175242,67_1827516
51.0,0.0,0.0,0.0,0.0,0.08583244,0.07175242,67_1827516
54.0,0.0,0.0,0.0,0.0,0.08583244,0.07175242,67_1827516
57.0,0.0,0.0,0.0,0.0,0.08583244,0.07175242,67_1827516
60.0,0.0,0.0,0.0,0.0,0.08583244,0.07175242,67_1827516
63.0,0.0,0.0,0.0,0.0,0.08583244,0.07175242,67_1827516
66.0,0.0,0.0,0.0,0.0,0.08583244,0.07175242,67_1827516
69.0,0.0,0.0,0.0,0.0,0.08583244,0.07175242,67_1827516
