relative_time,g_flux,g_uncert,r_flux,r_uncert,redshift,mwebv,id
-30.0,89.38585662841797,162.59495544433594,0.0,0.0,0.06816428,0.03476515,67_1842660
-27.0,0.0,0.0,665.27880859375,334.7807922363281,0.06816428,0.03476515,67_1842660
-24.0,39.42988204956055,133.61045837402344,452.5362243652344,490.107777121452,0.06816428,0.03476515,67_1842660
-21.0,-28.76922607421875,32.00648498535156,-21.091981887817383,54.2269040526331,0.06816428,0.03476515,67_1842660
-18.0,-24.413150787353516,86.4203872680664,2.628244161605835,77.02012472959575,0.06816428,0.03476515,67_1842660
-15.0,0.0,0.0,0.0,0.0,0.06816428,0.03476515,67_1842660
-12.0,-826.3392944335938,559.4249877929688,0.0,0.0,0.06816428,0.03476515,67_1842660
-9.0,0.0,0.0,851.4640502929688,245.93978881835938,0.06816428,0.03476515,67_1842660
-6.0,374.29083251953125,63.80025863647461,771.748046875,93.2751162610062,0.06816428,0.03476515,67_1842660
-3.0,0.0,0.0,0.0,0.0,0.06816428,0.03476515,67_1842660
0.0,493.6318359375,44.959102630615234,1180.037353515625,72.17972439376574,0.06816428,0.03476515,67_1842660
3.0,0.0,0.0,0.0,0.0,0.06816428,0.03476515,67_1842660
6.0,0.0,0.0,0.0,0.0,0.06816428,0.03476515,67_1842660
9.0,0.0,0.0,0.0,0.0,0.06816428,0.03476515,67_1842660
12.0,0.0,0.0,0.0,0.0,0.06816428,0.03476515,67_1842660
15.0,0.0,0.0,0.0,0.0,0.06816428,0.03476515,67_1842660
18.0,0.0,0.0,0.0,0.0,0.06816428,0.03476515,67_1842660
21.0,0.0,0.0,0.0,0.0,0.06816428,0.03476515,67_1842660
24.0,0.0,0.0,476.6374206542969,144.2319793701172,0.06816428,0.03476515,67_1842660
27.0,0.0,0.0,0.0,0.0,0.06816428,0.03476515,67_1842660
30.0,0.0,0.0,0.0,0.0,0.06816428,0.03476515,67_1842660
33.0,0.0,0.0,0.0,0.0,0.06816428,0.03476515,67_1842660
36.0,0.0,0.0,0.0,0.0,0.06816428,0.03476515,67_1842660
39.0,0.0,0.0,0.0,0.0,0.06816428,0.03476515,67_1842660
42.0,0.0,0.0,0.0,0.0,0.06816428,0.03476515,67_1842660
45.0,0.0,0.0,0.0,0.0,0.06816428,0.03476515,67_1842660
48.0,0.0,0.0,0.0,0.0,0.06816428,0.03476515,67_1842660
51.0,0.0,0.0,0.0,0.0,0.06816428,0.03476515,67_1842660
54.0,0.0,0.0,0.0,0.0,0.06816428,0.03476515,67_1842660
57.0,0.0,0.0,0.0,0.0,0.06816428,0.03476515,67_1842660
60.0,0.0,0.0,0.0,0.0,0.06816428,0.03476515,67_1842660
63.0,0.0,0.0,0.0,0.0,0.06816428,0.03476515,67_1842660
66.0,0.0,0.0,0.0,0.0,0.06816428,0.03476515,67_1842660
69.0,0.0,0.0,0.0,0.0,0.06816428,0.03476515,67_1842660
