relative_time,g_flux,g_uncert,r_flux,r_uncert,redshift,mwebv,id
-30.0,7.870811939239502,39.335487365722656,22.718778610229492,38.07425451030117,0.09152044,0.032692682,67_1251400
-27.0,0.0,0.0,0.0,0.0,0.09152044,0.032692682,67_1251400
-24.0,0.0,0.0,0.0,0.0,0.09152044,0.032692682,67_1251400
-21.0,0.0,0.0,0.0,0.0,0.09152044,0.032692682,67_1251400
-18.0,6.050617218017578,41.654850006103516,-26.314964294433594,36.13069102387136,0.09152044,0.032692682,67_1251400
-15.0,-34.55260372161865,42.86698532104492,-24.49152946472168,61.76556583481231,0.09152044,0.032692682,67_1251400
-12.0,0.0,0.0,0.0,0.0,0.09152044,0.032692682,67_1251400
-9.0,0.0,0.0,139.0243377685547,407.4430236816406,0.09152044,0.032692682,67_1251400
-6.0,-52.867515563964844,71.43388366699219,153.45602416992188,103.91780916812127,0.09152044,0.032692682,67_1251400
-3.0,273.580322265625,80.12001037597656,0.0,0.0,0.09152044,0.032692682,67_1251400
0.0,187.01853942871094,41.438541412353516,521.50244140625,50.65155115292642,0.09152044,0.032692682,67_1251400
3.0,640.133544921875,89.83139038085938,0.0,0.0,0.09152044,0.032692682,67_1251400
6.0,578.27001953125,68.40331268310547,0.0,0.0,0.09152044,0.032692682,67_1251400
9.0,585.1336669921875,62.95872116088867,0.0,0.0,0.09152044,0.032692682,67_1251400
12.0,0.0,0.0,0.0,0.0,0.09152044,0.032692682,67_1251400
15.0,0.0,0.0,0.0,0.0,0.09152044,0.032692682,67_1251400
18.0,0.0,0.0,858.4573364257812,160.10902404785156,0.09152044,0.032692682,67_1251400
21.0,0.0,0.0,0.0,0.0,0.09152044,0.032692682,67_1251400
24.0,0.0,0.0,0.0,0.0,0.09152044,0.032692682,67_1251400
27.0,0.0,0.0,0.0,0.0,0.09152044,0.032692682,67_1251400
30.0,0.0,0.0,0.0,0.0,0.09152044,0.032692682,67_1251400
33.0,0.0,0.0,0.0,0.0,0.09152044,0.032692682,67_1251400
36.0,0.0,0.0,0.0,0.0,0.09152044,0.032692682,67_1251400
39.0,0.0,0.0,0.0,0.0,0.09152044,0.032692682,67_1251400
42.0,0.0,0.0,0.0,0.0,0.09152044,0.032692682,67_1251400
45.0,0.0,0.0,0.0,0.0,0.09152044,0.032692682,67_1251400
48.0,0.0,0.0,0.0,0.0,0.09152044,0.032692682,67_1251400
51.0,0.0,0.0,0.0,0.0,0.09152044,0.032692682,67_1251400
54.0,0.0,0.0,0.0,0.0,0.09152044,0.032692682,67_1251400
57.0,0.0,0.0,0.0,0.0,0.09152044,0.032692682,67_1251400
60.0,0.0,0.0,0.0,0.0,0.09152044,0.032692682,67_1251400
63.0,0.0,0.0,0.0,0.0,0.09152044,0.032692682,67_1251400
66.0,0.0,0.0,0.0,0.0,0.09152044,0.032692682,67_1251400
69.0,0.0,0.0,0.0,0.0,0.09152044,0.032692682,67_1251400
