relative_time,g_flux,g_uncert,r_flux,r_uncert,redshift,mwebv,id
-30.0,0.0,0.0,0.0,0.0,0.08775282,0.026718246,67_1443550
-27.0,0.0,0.0,0.0,0.0,0.08775282,0.026718246,67_1443550
-24.0,-53.062618255615234,127.680908203125,66.74472045898438,110.83115470631448,0.08775282,0.026718246,67_1443550
-21.0,99.39999389648438,131.40304565429688,-9.426385879516602,106.54772935682817,0.08775282,0.026718246,67_1443550
-18.0,0.0,0.0,0.0,0.0,0.08775282,0.026718246,67_1443550
-15.0,0.0,0.0,0.0,0.0,0.08775282,0.026718246,67_1443550
-12.0,72.06208038330078,28.51388931274414,236.15879821777344,62.15707704015481,0.08775282,0.026718246,67_1443550
-9.0,0.0,0.0,0.0,0.0,0.08775282,0.026718246,67_1443550
-6.0,0.0,0.0,1301.537353515625,98.66023254394531,0.08775282,0.026718246,67_1443550
-3.0,0.0,0.0,0.0,0.0,0.08775282,0.026718246,67_1443550
0.0,0.0,0.0,1357.697021484375,85.51985931396484,0.08775282,0.026718246,67_1443550
3.0,0.0,0.0,957.3270263671875,120.54888916015625,0.08775282,0.026718246,67_1443550
6.0,150.96853637695312,65.7607192993164,311.5791320800781,97.11829383838626,0.08775282,0.026718246,67_1443550
9.0,-196.45547485351562,232.71438598632812,145.15689086914062,160.47441837294508,0.08775282,0.026718246,67_1443550
12.0,0.0,0.0,0.0,0.0,0.08775282,0.026718246,67_1443550
15.0,203.31021118164062,97.61650848388672,0.0,0.0,0.08775282,0.026718246,67_1443550
18.0,132.51239013671875,105.49585723876953,0.0,0.0,0.08775282,0.026718246,67_1443550
21.0,0.0,0.0,0.0,0.0,0.08775282,0.026718246,67_1443550
24.0,0.0,0.0,144.9495086669922,78.27278137207031,0.08775282,0.026718246,67_1443550
27.0,0.0,0.0,0.0,0.0,0.08775282,0.026718246,67_1443550
30.0,0.0,0.0,0.0,0.0,0.08775282,0.026718246,67_1443550
33.0,-36.503944396972656,108.06086730957031,153.7724151611328,196.61329769182092,0.08775282,0.026718246,67_1443550
36.0,0.0,0.0,0.0,0.0,0.08775282,0.026718246,67_1443550
39.0,0.0,0.0,0.0,0.0,0.08775282,0.026718246,67_1443550
42.0,0.0,0.0,0.0,0.0,0.08775282,0.026718246,67_1443550
45.0,0.0,0.0,0.0,0.0,0.08775282,0.026718246,67_1443550
48.0,0.0,0.0,0.0,0.0,0.08775282,0.026718246,67_1443550
51.0,0.0,0.0,0.0,0.0,0.08775282,0.026718246,67_1443550
54.0,0.0,0.0,0.0,0.0,0.08775282,0.026718246,67_1443550
57.0,0.0,0.0,0.0,0.0,0.08775282,0.026718246,67_1443550
60.0,0.0,0.0,0.0,0.0,0.08775282,0.026718246,67_1443550
63.0,0.0,0.0,0.0,0.0,0.08775282,0.026718246,67_1443550
66.0,0.0,0.0,0.0,0.0,0.08775282,0.026718246,67_1443550
69.0,0.0,0.0,0.0,0.0,0.08775282,0.026718246,67_1443550
