relative_time,g_flux,g_uncert,r_flux,r_uncert,redshift,mwebv,id
-30.0,228.04356384277344,208.25796508789062,0.0,0.0,0.10201389,0.012122048,67_196353
-27.0,0.0,0.0,0.0,0.0,0.10201389,0.012122048,67_196353
-24.0,0.0,0.0,0.0,0.0,0.10201389,0.012122048,67_196353
-21.0,0.0,0.0,0.0,0.0,0.10201389,0.012122048,67_196353
-18.0,0.0,0.0,0.0,0.0,0.10201389,0.012122048,67_196353
-15.0,107.8772956000434,35.878283182779946,431.4185519748264,153.40349462888142,0.10201389,0.012122048,67_196353
-12.0,190.6803961859809,71.70523918999567,556.4883083767361,298.07757039088125,0.10201389,0.012122048,67_196353
-9.0,220.57610066731772,72.78750101725261,620.4093221028646,190.26288457642477,0.10201389,0.012122048,67_196353
-6.0,0.0,0.0,0.0,0.0,0.10201389,0.012122048,67_196353
-3.0,0.0,0.0,0.0,0.0,0.10201389,0.012122048,67_196353
0.0,34.83124433244978,11.525286538260323,469.8636387416295,50.39360167996715,0.10201389,0.012122048,67_196353
3.0,0.0,0.0,0.0,0.0,0.10201389,0.012122048,67_196353
6.0,0.0,0.0,0.0,0.0,0.10201389,0.012122048,67_196353
9.0,0.0,0.0,0.0,0.0,0.10201389,0.012122048,67_196353
12.0,0.0,0.0,0.0,0.0,0.10201389,0.012122048,67_196353
15.0,0.0,0.0,0.0,0.0,0.10201389,0.012122048,67_196353
18.0,0.0,0.0,0.0,0.0,0.10201389,0.012122048,67_196353
21.0,0.0,0.0,0.0,0.0,0.10201389,0.012122048,67_196353
24.0,0.0,0.0,0.0,0.0,0.10201389,0.012122048,67_196353
27.0,0.0,0.0,0.0,0.0,0.10201389,0.012122048,67_196353
30.0,0.0,0.0,0.0,0.0,0.10201389,0.012122048,67_196353
33.0,0.0,0.0,0.0,0.0,0.10201389,0.012122048,67_196353
36.0,0.0,0.0,0.0,0.0,0.10201389,0.012122048,67_196353
39.0,0.0,0.0,0.0,0.0,0.10201389,0.012122048,67_196353
42.0,0.0,0.0,0.0,0.0,0.10201389,0.012122048,67_196353
45.0,0.0,0.0,0.0,0.0,0.10201389,0.012122048,67_196353
48.0,0.0,0.0,0.0,0.0,0.10201389,0.012122048,67_196353
51.0,0.0,0.0,0.0,0.0,0.10201389,0.012122048,67_196353
54.0,0.0,0.0,0.0,0.0,0.10201389,0.012122048,67_196353
57.0,0.0,0.0,0.0,0.0,0.10201389,0.012122048,67_196353
60.0,0.0,0.0,0.0,0.0,0.10201389,0.012122048,67_196353
63.0,0.0,0.0,0.0,0.0,0.10201389,0.012122048,67_196353
66.0,0.0,0.0,0.0,0.0,0.10201389,0.012122048,67_196353
69.0,0.0,0.0,0.0,0.0,0.10201389,0.012122048,67_196353
