relative_time,g_flux,g_uncert,r_flux,r_uncert,redshift,mwebv,id
-30.0,0.0,0.0,0.0,0.0,0.069669425,0.02805742,67_1863573
-27.0,0.0,0.0,0.0,0.0,0.069669425,0.02805742,67_1863573
-24.0,0.0,0.0,0.0,0.0,0.069669425,0.02805742,67_1863573
-21.0,0.0,0.0,0.0,0.0,0.069669425,0.02805742,67_1863573
-18.0,0.0,0.0,-19.247393290201824,201.43745917831507,0.069669425,0.02805742,67_1863573
-15.0,636.1117553710938,303.18939208984375,62.18013000488281,82.11776515215152,0.069669425,0.02805742,67_1863573
-12.0,101.51912689208984,71.81998443603516,807.3121643066406,307.62189190159586,0.069669425,0.02805742,67_1863573
-9.0,0.0,0.0,1618.6148681640625,79.9026870727539,0.069669425,0.02805742,67_1863573
-6.0,0.0,0.0,0.0,0.0,0.069669425,0.02805742,67_1863573
-3.0,0.0,0.0,0.0,0.0,0.069669425,0.02805742,67_1863573
0.0,282.61871337890625,27.314897537231445,1185.540771484375,57.05397708343033,0.069669425,0.02805742,67_1863573
3.0,0.0,0.0,0.0,0.0,0.069669425,0.02805742,67_1863573
6.0,0.0,0.0,0.0,0.0,0.069669425,0.02805742,67_1863573
9.0,0.0,0.0,0.0,0.0,0.069669425,0.02805742,67_1863573
12.0,0.0,0.0,0.0,0.0,0.069669425,0.02805742,67_1863573
15.0,0.0,0.0,0.0,0.0,0.069669425,0.02805742,67_1863573
18.0,0.0,0.0,0.0,0.0,0.069669425,0.02805742,67_1863573
21.0,0.0,0.0,0.0,0.0,0.069669425,0.02805742,67_1863573
24.0,0.0,0.0,0.0,0.0,0.069669425,0.02805742,67_1863573
27.0,0.0,0.0,0.0,0.0,0.069669425,0.02805742,67_1863573
30.0,0.0,0.0,0.0,0.0,0.069669425,0.02805742,67_1863573
33.0,0.0,0.0,0.0,0.0,0.069669425,0.02805742,67_1863573
36.0,0.0,0.0,0.0,0.0,0.069669425,0.02805742,67_1863573
39.0,0.0,0.0,0.0,0.0,0.069669425,0.02805742,67_1863573
42.0,0.0,0.0,0.0,0.0,0.069669425,0.02805742,67_1863573
45.0,0.0,0.0,0.0,0.0,0.069669425,0.02805742,67_1863573
48.0,0.0,0.0,0.0,0.0,0.069669425,0.02805742,67_1863573
51.0,0.0,0.0,0.0,0.0,0.069669425,0.02805742,67_1863573
54.0,0.0,0.0,0.0,0.0,0.069669425,0.02805742,67_1863573
57.0,0.0,0.0,0.0,0.0,0.069669425,0.02805742,67_1863573
60.0,0.0,0.0,0.0,0.0,0.069669425,0.02805742,67_1863573
63.0,0.0,0.0,0.0,0.0,0.069669425,0.02805742,67_1863573
66.0,0.0,0.0,0.0,0.0,0.069669425,0.02805742,67_1863573
69.0,0.0,0.0,0.0,0.0,0.069669425,0.02805742,67_1863573
