relative_time,g_flux,g_uncert,r_flux,r_uncert,redshift,mwebv,id
-30.0,0.0,0.0,0.0,0.0,0.057954602,0.06896152,67_1236611
-27.0,0.0,0.0,0.0,0.0,0.057954602,0.06896152,67_1236611
-24.0,74.83285522460938,69.87596130371094,31.192636489868164,89.36833403160138,0.057954602,0.06896152,67_1236611
-21.0,-11.005242347717285,79.28857421875,2.1404306888580322,82.61559698326644,0.057954602,0.06896152,67_1236611
-18.0,88.14346313476562,139.5043182373047,0.0,0.0,0.057954602,0.06896152,67_1236611
-15.0,181.59950256347656,77.93707275390625,22.05820655822754,88.33306177266536,0.057954602,0.06896152,67_1236611
-12.0,-68.42060852050781,121.08811950683594,0.0,0.0,0.057954602,0.06896152,67_1236611
-9.0,78.98030853271484,34.69746780395508,140.50079345703125,46.11964686640802,0.057954602,0.06896152,67_1236611
-6.0,0.0,0.0,0.0,0.0,0.057954602,0.06896152,67_1236611
-3.0,593.0259399414062,83.85456085205078,0.0,0.0,0.057954602,0.06896152,67_1236611
0.0,0.0,0.0,2725.06689453125,99.77569580078125,0.057954602,0.06896152,67_1236611
3.0,512.5980224609375,75.90753173828125,1513.3095703125,127.10981321045035,0.057954602,0.06896152,67_1236611
6.0,0.0,0.0,0.0,0.0,0.057954602,0.06896152,67_1236611
9.0,0.0,0.0,2335.255126953125,156.3733673095703,0.057954602,0.06896152,67_1236611
12.0,0.0,0.0,0.0,0.0,0.057954602,0.06896152,67_1236611
15.0,0.0,0.0,0.0,0.0,0.057954602,0.06896152,67_1236611
18.0,0.0,0.0,0.0,0.0,0.057954602,0.06896152,67_1236611
21.0,0.0,0.0,0.0,0.0,0.057954602,0.06896152,67_1236611
24.0,0.0,0.0,0.0,0.0,0.057954602,0.06896152,67_1236611
27.0,0.0,0.0,0.0,0.0,0.057954602,0.06896152,67_1236611
30.0,0.0,0.0,0.0,0.0,0.057954602,0.06896152,67_1236611
33.0,0.0,0.0,0.0,0.0,0.057954602,0.06896152,67_1236611
36.0,0.0,0.0,0.0,0.0,0.057954602,0.06896152,67_1236611
39.0,0.0,0.0,0.0,0.0,0.057954602,0.06896152,67_1236611
42.0,0.0,0.0,0.0,0.0,0.057954602,0.06896152,67_1236611
45.0,0.0,0.0,0.0,0.0,0.057954602,0.06896152,67_1236611
48.0,0.0,0.0,0.0,0.0,0.057954602,0.06896152,67_1236611
51.0,0.0,0.0,0.0,0.0,0.057954602,0.06896152,67_1236611
54.0,0.0,0.0,0.0,0.0,0.057954602,0.06896152,67_1236611
57.0,0.0,0.0,0.0,0.0,0.057954602,0.06896152,67_1236611
60.0,0.0,0.0,0.0,0.0,0.057954602,0.06896152,67_1236611
63.0,0.0,0.0,0.0,0.0,0.057954602,0.06896152,67_1236611
66.0,0.0,0.0,0.0,0.0,0.057954602,0.06896152,67_1236611
69.0,0.0,0.0,0.0,0.0,0.057954602,0.06896152,67_1236611
