relative_time,g_flux,g_uncert,r_flux,r_uncert,redshift,mwebv,id
-30.0,0.0,0.0,0.0,0.0,0.03258499,0.00797515,67_2825167
-27.0,0.12884625792503357,36.324180603027344,0.0,0.0,0.03258499,0.00797515,67_2825167
-24.0,0.0,0.0,0.0,0.0,0.03258499,0.00797515,67_2825167
-21.0,0.0,0.0,-93.4048080444336,54.90772247314453,0.03258499,0.00797515,67_2825167
-18.0,0.0,0.0,5.5139594078063965,78.3955307006836,0.03258499,0.00797515,67_2825167
-15.0,0.0,0.0,-40.25947189331055,86.6655502319336,0.03258499,0.00797515,67_2825167
-12.0,0.0,0.0,74.68667602539062,221.02757263183594,0.03258499,0.00797515,67_2825167
-9.0,-616.4952392578125,280.7693786621094,0.0,0.0,0.03258499,0.00797515,67_2825167
-6.0,533.5958251953125,65.15531921386719,0.0,0.0,0.03258499,0.00797515,67_2825167
-3.0,0.0,0.0,0.0,0.0,0.03258499,0.00797515,67_2825167
0.0,4130.4697265625,92.81460571289062,0.0,0.0,0.03258499,0.00797515,67_2825167
3.0,2863.703369140625,55.169715881347656,4827.0224609375,108.39888907578256,0.03258499,0.00797515,67_2825167
6.0,2743.60009765625,56.22553634643555,5948.583984375,102.72492253144519,0.03258499,0.00797515,67_2825167
9.0,0.0,0.0,0.0,0.0,0.03258499,0.00797515,67_2825167
12.0,3596.6728515625,117.42984008789062,0.0,0.0,0.03258499,0.00797515,67_2825167
15.0,1931.6412353515625,130.01864624023438,0.0,0.0,0.03258499,0.00797515,67_2825167
18.0,0.0,0.0,0.0,0.0,0.03258499,0.00797515,67_2825167
21.0,762.671630859375,406.7840270996094,0.0,0.0,0.03258499,0.00797515,67_2825167
24.0,0.0,0.0,0.0,0.0,0.03258499,0.00797515,67_2825167
27.0,0.0,0.0,0.0,0.0,0.03258499,0.00797515,67_2825167
30.0,0.0,0.0,0.0,0.0,0.03258499,0.00797515,67_2825167
33.0,0.0,0.0,0.0,0.0,0.03258499,0.00797515,67_2825167
36.0,0.0,0.0,0.0,0.0,0.03258499,0.00797515,67_2825167
39.0,0.0,0.0,0.0,0.0,0.03258499,0.00797515,67_2825167
42.0,0.0,0.0,0.0,0.0,0.03258499,0.00797515,67_2825167
45.0,0.0,0.0,0.0,0.0,0.03258499,0.00797515,67_2825167
48.0,0.0,0.0,0.0,0.0,0.03258499,0.00797515,67_2825167
51.0,0.0,0.0,0.0,0.0,0.03258499,0.00797515,67_2825167
54.0,0.0,0.0,0.0,0.0,0.03258499,0.00797515,67_2825167
57.0,0.0,0.0,0.0,0.0,0.03258499,0.00797515,67_2825167
60.0,0.0,0.0,0.0,0.0,0.03258499,0.00797515,67_2825167
63.0,0.0,0.0,0.0,0.0,0.03258499,0.00797515,67_2825167
66.0,0.0,0.0,0.0,0.0,0.03258499,0.00797515,67_2825167
69.0,0.0,0.0,0.0,0.0,0.03258499,0.00797515,67_2825167
