relative_time,g_flux,g_uncert,r_flux,r_uncert,redshift,mwebv,id
-30.0,0.0,0.0,0.0,0.0,0.088772886,0.03166828,67_2750683
-27.0,69.33385620117187,38.521905517578126,-40.21908416748047,204.9887697549647,0.088772886,0.03166828,67_2750683
-24.0,0.0,0.0,31.09072494506836,113.0939432692148,0.088772886,0.03166828,67_2750683
-21.0,0.0,0.0,-52.25941467285156,66.70658874511719,0.088772886,0.03166828,67_2750683
-18.0,21.053763071695965,45.38533020019531,14.75452709197998,64.05720618712232,0.088772886,0.03166828,67_2750683
-15.0,-83.41595458984375,156.13343811035156,0.0,0.0,0.088772886,0.03166828,67_2750683
-12.0,0.0,0.0,0.0,0.0,0.088772886,0.03166828,67_2750683
-9.0,45.07040150960287,67.54069010416667,63.619364420572914,42.06926923676485,0.088772886,0.03166828,67_2750683
-6.0,0.0,0.0,0.0,0.0,0.088772886,0.03166828,67_2750683
-3.0,0.0,0.0,982.7901000976562,240.08311462402344,0.088772886,0.03166828,67_2750683
0.0,214.50565592447916,60.96119181315104,1038.5864664713542,108.36224654513651,0.088772886,0.03166828,67_2750683
3.0,262.20623779296875,58.7160758972168,761.2520141601562,61.00226148315123,0.088772886,0.03166828,67_2750683
6.0,0.0,0.0,1096.7135620117188,90.31205581054586,0.088772886,0.03166828,67_2750683
9.0,0.0,0.0,0.0,0.0,0.088772886,0.03166828,67_2750683
12.0,0.0,0.0,0.0,0.0,0.088772886,0.03166828,67_2750683
15.0,0.0,0.0,575.0601806640625,82.07279205322266,0.088772886,0.03166828,67_2750683
18.0,0.0,0.0,0.0,0.0,0.088772886,0.03166828,67_2750683
21.0,0.0,0.0,0.0,0.0,0.088772886,0.03166828,67_2750683
24.0,0.0,0.0,0.0,0.0,0.088772886,0.03166828,67_2750683
27.0,0.0,0.0,0.0,0.0,0.088772886,0.03166828,67_2750683
30.0,0.0,0.0,0.0,0.0,0.088772886,0.03166828,67_2750683
33.0,0.0,0.0,0.0,0.0,0.088772886,0.03166828,67_2750683
36.0,0.0,0.0,0.0,0.0,0.088772886,0.03166828,67_2750683
39.0,0.0,0.0,0.0,0.0,0.088772886,0.03166828,67_2750683
42.0,0.0,0.0,0.0,0.0,0.088772886,0.03166828,67_2750683
45.0,0.0,0.0,0.0,0.0,0.088772886,0.03166828,67_2750683
48.0,0.0,0.0,0.0,0.0,0.088772886,0.03166828,67_2750683
51.0,0.0,0.0,0.0,0.0,0.088772886,0.03166828,67_2750683
54.0,0.0,0.0,0.0,0.0,0.088772886,0.03166828,67_2750683
57.0,0.0,0.0,0.0,0.0,0.088772886,0.03166828,67_2750683
60.0,0.0,0.0,0.0,0.0,0.088772886,0.03166828,67_2750683
63.0,0.0,0.0,0.0,0.0,0.088772886,0.03166828,67_2750683
66.0,0.0,0.0,0.0,0.0,0.088772886,0.03166828,67_2750683
69.0,0.0,0.0,0.0,0.0,0.088772886,0.03166828,67_2750683
