relative_time,g_flux,g_uncert,r_flux,r_uncert,redshift,mwebv,id
-30.0,0.0,0.0,0.0,0.0,0.053148873,0.07815569,67_2113527
-27.0,0.0,0.0,0.0,0.0,0.053148873,0.07815569,67_2113527
-24.0,-5.235716342926025,63.94282531738281,0.0,0.0,0.053148873,0.07815569,67_2113527
-21.0,-32.43519973754883,28.802656173706055,-13.12669849395752,50.16337600774232,0.053148873,0.07815569,67_2113527
-18.0,0.0,0.0,0.0,0.0,0.053148873,0.07815569,67_2113527
-15.0,0.0,0.0,0.0,0.0,0.053148873,0.07815569,67_2113527
-12.0,0.0,0.0,0.0,0.0,0.053148873,0.07815569,67_2113527
-9.0,0.0,0.0,0.0,0.0,0.053148873,0.07815569,67_2113527
-6.0,0.0,0.0,0.0,0.0,0.053148873,0.07815569,67_2113527
-3.0,0.0,0.0,0.0,0.0,0.053148873,0.07815569,67_2113527
0.0,686.6712646484375,76.5444107055664,2316.11279296875,164.1660237447876,0.053148873,0.07815569,67_2113527
3.0,1167.4188232421875,148.05947875976562,0.0,0.0,0.053148873,0.07815569,67_2113527
6.0,750.0802001953125,88.29936981201172,0.0,0.0,0.053148873,0.07815569,67_2113527
9.0,251.06004333496094,82.06001281738281,1402.621826171875,153.90612402588874,0.053148873,0.07815569,67_2113527
12.0,0.0,0.0,2216.287353515625,243.11000061035156,0.053148873,0.07815569,67_2113527
15.0,0.0,0.0,0.0,0.0,0.053148873,0.07815569,67_2113527
18.0,0.0,0.0,0.0,0.0,0.053148873,0.07815569,67_2113527
21.0,0.0,0.0,0.0,0.0,0.053148873,0.07815569,67_2113527
24.0,0.0,0.0,0.0,0.0,0.053148873,0.07815569,67_2113527
27.0,0.0,0.0,0.0,0.0,0.053148873,0.07815569,67_2113527
30.0,0.0,0.0,842.8994750976562,264.5306396484375,0.053148873,0.07815569,67_2113527
33.0,0.0,0.0,0.0,0.0,0.053148873,0.07815569,67_2113527
36.0,0.0,0.0,0.0,0.0,0.053148873,0.07815569,67_2113527
39.0,0.0,0.0,0.0,0.0,0.053148873,0.07815569,67_2113527
42.0,0.0,0.0,0.0,0.0,0.053148873,0.07815569,67_2113527
45.0,42.68528366088867,365.7212829589844,0.0,0.0,0.053148873,0.07815569,67_2113527
48.0,0.0,0.0,0.0,0.0,0.053148873,0.07815569,67_2113527
51.0,0.0,0.0,0.0,0.0,0.053148873,0.07815569,67_2113527
54.0,0.0,0.0,0.0,0.0,0.053148873,0.07815569,67_2113527
57.0,0.0,0.0,0.0,0.0,0.053148873,0.07815569,67_2113527
60.0,0.0,0.0,0.0,0.0,0.053148873,0.07815569,67_2113527
63.0,0.0,0.0,0.0,0.0,0.053148873,0.07815569,67_2113527
66.0,0.0,0.0,0.0,0.0,0.053148873,0.07815569,67_2113527
69.0,0.0,0.0,0.0,0.0,0.053148873,0.07815569,67_2113527
