relative_time,g_flux,g_uncert,r_flux,r_uncert,redshift,mwebv,id
-30.0,0.0,0.0,0.0,0.0,0.030373046,0.04367471,67_2226714
-27.0,0.0,0.0,0.0,0.0,0.030373046,0.04367471,67_2226714
-24.0,24.425809860229492,61.658870697021484,19.690715789794922,73.01430482403566,0.030373046,0.04367471,67_2226714
-21.0,0.0,0.0,72.16564178466797,114.73282623291016,0.030373046,0.04367471,67_2226714
-18.0,0.0,0.0,171.76553344726562,258.54205322265625,0.030373046,0.04367471,67_2226714
-15.0,0.0,0.0,0.0,0.0,0.030373046,0.04367471,67_2226714
-12.0,0.0,0.0,0.0,0.0,0.030373046,0.04367471,67_2226714
-9.0,0.0,0.0,0.0,0.0,0.030373046,0.04367471,67_2226714
-6.0,0.0,0.0,0.0,0.0,0.030373046,0.04367471,67_2226714
-3.0,0.0,0.0,0.0,0.0,0.030373046,0.04367471,67_2226714
0.0,1303.6593017578125,119.12130737304688,3156.515625,168.4788507357951,0.030373046,0.04367471,67_2226714
3.0,4261.0029296875,104.49910736083984,0.0,0.0,0.030373046,0.04367471,67_2226714
6.0,0.0,0.0,0.0,0.0,0.030373046,0.04367471,67_2226714
9.0,0.0,0.0,10686.0986328125,191.38694763183594,0.030373046,0.04367471,67_2226714
12.0,0.0,0.0,0.0,0.0,0.030373046,0.04367471,67_2226714
15.0,0.0,0.0,0.0,0.0,0.030373046,0.04367471,67_2226714
18.0,513.9684448242188,169.64625549316406,2164.481689453125,145.24068881367606,0.030373046,0.04367471,67_2226714
21.0,0.0,0.0,0.0,0.0,0.030373046,0.04367471,67_2226714
24.0,0.0,0.0,0.0,0.0,0.030373046,0.04367471,67_2226714
27.0,0.0,0.0,0.0,0.0,0.030373046,0.04367471,67_2226714
30.0,0.0,0.0,0.0,0.0,0.030373046,0.04367471,67_2226714
33.0,0.0,0.0,0.0,0.0,0.030373046,0.04367471,67_2226714
36.0,0.0,0.0,0.0,0.0,0.030373046,0.04367471,67_2226714
39.0,0.0,0.0,0.0,0.0,0.030373046,0.04367471,67_2226714
42.0,0.0,0.0,0.0,0.0,0.030373046,0.04367471,67_2226714
45.0,0.0,0.0,0.0,0.0,0.030373046,0.04367471,67_2226714
48.0,0.0,0.0,0.0,0.0,0.030373046,0.04367471,67_2226714
51.0,0.0,0.0,0.0,0.0,0.030373046,0.04367471,67_2226714
54.0,0.0,0.0,0.0,0.0,0.030373046,0.04367471,67_2226714
57.0,0.0,0.0,0.0,0.0,0.030373046,0.04367471,67_2226714
60.0,0.0,0.0,0.0,0.0,0.030373046,0.04367471,67_2226714
63.0,0.0,0.0,0.0,0.0,0.030373046,0.04367471,67_2226714
66.0,0.0,0.0,0.0,0.0,0.030373046,0.04367471,67_2226714
69.0,0.0,0.0,0.0,0.0,0.030373046,0.04367471,67_2226714
