relative_time,g_flux,g_uncert,r_flux,r_uncert,redshift,mwebv,id
-30.0,0.0,0.0,0.0,0.0,0.020798953,0.03570499,67_2403409
-27.0,0.0,0.0,0.0,0.0,0.020798953,0.03570499,67_2403409
-24.0,0.0,0.0,0.0,0.0,0.020798953,0.03570499,67_2403409
-21.0,0.0,0.0,0.0,0.0,0.020798953,0.03570499,67_2403409
-18.0,0.0,0.0,0.0,0.0,0.020798953,0.03570499,67_2403409
-15.0,0.0,0.0,0.0,0.0,0.020798953,0.03570499,67_2403409
-12.0,0.0,0.0,0.0,0.0,0.020798953,0.03570499,67_2403409
-9.0,0.0,0.0,0.0,0.0,0.020798953,0.03570499,67_2403409
-6.0,0.0,0.0,0.0,0.0,0.020798953,0.03570499,67_2403409
-3.0,0.0,0.0,19025.900390625,258.9661865234375,0.020798953,0.03570499,67_2403409
0.0,4070.666748046875,162.38253784179688,0.0,0.0,0.020798953,0.03570499,67_2403409
3.0,1466.6488037109375,41.10477066040039,6053.873046875,108.96830985790415,0.020798953,0.03570499,67_2403409
6.0,0.0,0.0,9853.7119140625,212.8186798095703,0.020798953,0.03570499,67_2403409
9.0,983.3336791992188,161.54270935058594,4189.61572265625,247.14443698442565,0.020798953,0.03570499,67_2403409
12.0,0.0,0.0,0.0,0.0,0.020798953,0.03570499,67_2403409
15.0,0.0,0.0,0.0,0.0,0.020798953,0.03570499,67_2403409
18.0,0.0,0.0,4888.24658203125,168.92494201660156,0.020798953,0.03570499,67_2403409
21.0,0.0,0.0,0.0,0.0,0.020798953,0.03570499,67_2403409
24.0,0.0,0.0,0.0,0.0,0.020798953,0.03570499,67_2403409
27.0,0.0,0.0,0.0,0.0,0.020798953,0.03570499,67_2403409
30.0,0.0,0.0,3030.02880859375,194.5337920945819,0.020798953,0.03570499,67_2403409
33.0,0.0,0.0,0.0,0.0,0.020798953,0.03570499,67_2403409
36.0,0.0,0.0,0.0,0.0,0.020798953,0.03570499,67_2403409
39.0,0.0,0.0,0.0,0.0,0.020798953,0.03570499,67_2403409
42.0,999.495849609375,258.05889892578125,0.0,0.0,0.020798953,0.03570499,67_2403409
45.0,93.61006927490234,433.459716796875,0.0,0.0,0.020798953,0.03570499,67_2403409
48.0,0.0,0.0,0.0,0.0,0.020798953,0.03570499,67_2403409
51.0,0.0,0.0,0.0,0.0,0.020798953,0.03570499,67_2403409
54.0,661.3132934570312,450.2804260253906,0.0,0.0,0.020798953,0.03570499,67_2403409
57.0,0.0,0.0,0.0,0.0,0.020798953,0.03570499,67_2403409
60.0,0.0,0.0,0.0,0.0,0.020798953,0.03570499,67_2403409
63.0,0.0,0.0,0.0,0.0,0.020798953,0.03570499,67_2403409
66.0,0.0,0.0,0.0,0.0,0.020798953,0.03570499,67_2403409
69.0,0.0,0.0,0.0,0.0,0.020798953,0.03570499,67_2403409
