relative_time,g_flux,g_uncert,r_flux,r_uncert,redshift,mwebv,id
-30.0,0.0,0.0,0.0,0.0,0.07154641,0.07606225,67_2748658
-27.0,0.0,0.0,0.0,0.0,0.07154641,0.07606225,67_2748658
-24.0,0.0,0.0,0.0,0.0,0.07154641,0.07606225,67_2748658
-21.0,0.0,0.0,0.0,0.0,0.07154641,0.07606225,67_2748658
-18.0,0.0,0.0,0.0,0.0,0.07154641,0.07606225,67_2748658
-15.0,0.0,0.0,0.0,0.0,0.07154641,0.07606225,67_2748658
-12.0,0.0,0.0,0.0,0.0,0.07154641,0.07606225,67_2748658
-9.0,0.0,0.0,136.9600830078125,131.01205444335938,0.07154641,0.07606225,67_2748658
-6.0,441.59619140625,129.984375,0.0,0.0,0.07154641,0.07606225,67_2748658
-3.0,0.0,0.0,1556.397216796875,143.8270263671875,0.07154641,0.07606225,67_2748658
0.0,111.37413787841797,107.45233917236328,854.232666015625,101.40411447756715,0.07154641,0.07606225,67_2748658
3.0,978.8284912109375,497.694580078125,0.0,0.0,0.07154641,0.07606225,67_2748658
6.0,0.0,0.0,0.0,0.0,0.07154641,0.07606225,67_2748658
9.0,0.0,0.0,0.0,0.0,0.07154641,0.07606225,67_2748658
12.0,0.0,0.0,0.0,0.0,0.07154641,0.07606225,67_2748658
15.0,0.0,0.0,0.0,0.0,0.07154641,0.07606225,67_2748658
18.0,0.0,0.0,0.0,0.0,0.07154641,0.07606225,67_2748658
21.0,0.0,0.0,724.1116333007812,277.74102783203125,0.07154641,0.07606225,67_2748658
24.0,0.0,0.0,0.0,0.0,0.07154641,0.07606225,67_2748658
27.0,0.0,0.0,0.0,0.0,0.07154641,0.07606225,67_2748658
30.0,0.0,0.0,0.0,0.0,0.07154641,0.07606225,67_2748658
33.0,258.7530212402344,194.28182983398438,0.0,0.0,0.07154641,0.07606225,67_2748658
36.0,518.1637573242188,626.2676391601562,0.0,0.0,0.07154641,0.07606225,67_2748658
39.0,0.0,0.0,0.0,0.0,0.07154641,0.07606225,67_2748658
42.0,0.0,0.0,0.0,0.0,0.07154641,0.07606225,67_2748658
45.0,0.0,0.0,0.0,0.0,0.07154641,0.07606225,67_2748658
48.0,0.0,0.0,0.0,0.0,0.07154641,0.07606225,67_2748658
51.0,0.0,0.0,0.0,0.0,0.07154641,0.07606225,67_2748658
54.0,0.0,0.0,0.0,0.0,0.07154641,0.07606225,67_2748658
57.0,0.0,0.0,0.0,0.0,0.07154641,0.07606225,67_2748658
60.0,0.0,0.0,0.0,0.0,0.07154641,0.07606225,67_2748658
63.0,0.0,0.0,0.0,0.0,0.07154641,0.07606225,67_2748658
66.0,0.0,0.0,0.0,0.0,0.07154641,0.07606225,67_2748658
69.0,0.0,0.0,0.0,0.0,0.07154641,0.07606225,67_2748658
