relative_time,g_flux,g_uncert,r_flux,r_uncert,redshift,mwebv,id
-30.0,0.0,0.0,0.0,0.0,0.072172396,0.01899317,67_3454240
-27.0,16.284887313842773,40.65119934082031,0.0,0.0,0.072172396,0.01899317,67_3454240
-24.0,-2.0603725910186768,20.23512840270996,-5.596262454986572,40.60288469526839,0.072172396,0.01899317,67_3454240
-21.0,6.108625888824463,18.912553787231445,21.602392196655273,36.174857217463874,0.072172396,0.01899317,67_3454240
-18.0,0.0,0.0,0.0,0.0,0.072172396,0.01899317,67_3454240
-15.0,0.0,0.0,227.100830078125,170.77078247070312,0.072172396,0.01899317,67_3454240
-12.0,0.0,0.0,0.0,0.0,0.072172396,0.01899317,67_3454240
-9.0,0.0,0.0,0.0,0.0,0.072172396,0.01899317,67_3454240
-6.0,0.0,0.0,0.0,0.0,0.072172396,0.01899317,67_3454240
-3.0,0.0,0.0,0.0,0.0,0.072172396,0.01899317,67_3454240
0.0,352.81292724609375,26.34916877746582,998.1791381835938,49.74452939378555,0.072172396,0.01899317,67_3454240
3.0,284.8180847167969,31.090295791625977,900.39306640625,54.21399969914343,0.072172396,0.01899317,67_3454240
6.0,196.99795532226562,52.65140151977539,727.0062866210938,70.77170405790022,0.072172396,0.01899317,67_3454240
9.0,280.392822265625,151.97299194335938,0.0,0.0,0.072172396,0.01899317,67_3454240
12.0,-239.03712463378906,144.34800720214844,403.0177001953125,248.37453692811334,0.072172396,0.01899317,67_3454240
15.0,0.0,0.0,0.0,0.0,0.072172396,0.01899317,67_3454240
18.0,0.0,0.0,0.0,0.0,0.072172396,0.01899317,67_3454240
21.0,0.0,0.0,0.0,0.0,0.072172396,0.01899317,67_3454240
24.0,0.0,0.0,0.0,0.0,0.072172396,0.01899317,67_3454240
27.0,125.72122955322266,80.96804809570312,-20.83009910583496,166.28199245011072,0.072172396,0.01899317,67_3454240
30.0,0.0,0.0,0.0,0.0,0.072172396,0.01899317,67_3454240
33.0,0.0,0.0,0.0,0.0,0.072172396,0.01899317,67_3454240
36.0,0.0,0.0,0.0,0.0,0.072172396,0.01899317,67_3454240
39.0,0.0,0.0,0.0,0.0,0.072172396,0.01899317,67_3454240
42.0,0.0,0.0,0.0,0.0,0.072172396,0.01899317,67_3454240
45.0,0.0,0.0,0.0,0.0,0.072172396,0.01899317,67_3454240
48.0,0.0,0.0,0.0,0.0,0.072172396,0.01899317,67_3454240
51.0,0.0,0.0,0.0,0.0,0.072172396,0.01899317,67_3454240
54.0,0.0,0.0,0.0,0.0,0.072172396,0.01899317,67_3454240
57.0,0.0,0.0,0.0,0.0,0.072172396,0.01899317,67_3454240
60.0,0.0,0.0,0.0,0.0,0.072172396,0.01899317,67_3454240
63.0,0.0,0.0,0.0,0.0,0.072172396,0.01899317,67_3454240
66.0,0.0,0.0,0.0,0.0,0.072172396,0.01899317,67_3454240
69.0,0.0,0.0,0.0,0.0,0.072172396,0.01899317,67_3454240
