relative_time,g_flux,g_uncert,r_flux,r_uncert,redshift,mwebv,id
-30.0,122.94482421875,98.78858947753906,0.0,0.0,0.06078256,0.07468775,67_3410041
-27.0,0.0,0.0,25.42234230041504,85.67919921875,0.06078256,0.07468775,67_3410041
-24.0,4.998022556304932,47.64535140991211,-6.6126298904418945,72.08321687722028,0.06078256,0.07468775,67_3410041
-21.0,-9.5005464553833,27.624958038330078,-13.056960105895996,67.12346206120402,0.06078256,0.07468775,67_3410041
-18.0,0.0,0.0,0.0,0.0,0.06078256,0.07468775,67_3410041
-15.0,0.0,0.0,0.0,0.0,0.06078256,0.07468775,67_3410041
-12.0,0.0,0.0,0.0,0.0,0.06078256,0.07468775,67_3410041
-9.0,309.09893798828125,114.65414428710938,244.18975830078125,125.8540556140884,0.06078256,0.07468775,67_3410041
-6.0,907.2359619140625,73.55213165283203,0.0,0.0,0.06078256,0.07468775,67_3410041
-3.0,1538.5758056640625,226.57260131835938,0.0,0.0,0.06078256,0.07468775,67_3410041
0.0,1566.642578125,85.49193572998047,0.0,0.0,0.06078256,0.07468775,67_3410041
3.0,0.0,0.0,0.0,0.0,0.06078256,0.07468775,67_3410041
6.0,0.0,0.0,0.0,0.0,0.06078256,0.07468775,67_3410041
9.0,0.0,0.0,0.0,0.0,0.06078256,0.07468775,67_3410041
12.0,0.0,0.0,0.0,0.0,0.06078256,0.07468775,67_3410041
15.0,0.0,0.0,0.0,0.0,0.06078256,0.07468775,67_3410041
18.0,14.412432670593262,589.1131591796875,0.0,0.0,0.06078256,0.07468775,67_3410041
21.0,0.0,0.0,0.0,0.0,0.06078256,0.07468775,67_3410041
24.0,-50.62059783935547,167.7191619873047,0.0,0.0,0.06078256,0.07468775,67_3410041
27.0,0.0,0.0,0.0,0.0,0.06078256,0.07468775,67_3410041
30.0,0.0,0.0,0.0,0.0,0.06078256,0.07468775,67_3410041
33.0,0.0,0.0,0.0,0.0,0.06078256,0.07468775,67_3410041
36.0,0.0,0.0,0.0,0.0,0.06078256,0.07468775,67_3410041
39.0,0.0,0.0,0.0,0.0,0.06078256,0.07468775,67_3410041
42.0,0.0,0.0,0.0,0.0,0.06078256,0.07468775,67_3410041
45.0,0.0,0.0,0.0,0.0,0.06078256,0.07468775,67_3410041
48.0,0.0,0.0,0.0,0.0,0.06078256,0.07468775,67_3410041
51.0,0.0,0.0,0.0,0.0,0.06078256,0.07468775,67_3410041
54.0,0.0,0.0,0.0,0.0,0.06078256,0.07468775,67_3410041
57.0,0.0,0.0,0.0,0.0,0.06078256,0.07468775,67_3410041
60.0,0.0,0.0,0.0,0.0,0.06078256,0.07468775,67_3410041
63.0,0.0,0.0,0.0,0.0,0.06078256,0.07468775,67_3410041
66.0,0.0,0.0,0.0,0.0,0.06078256,0.07468775,67_3410041
69.0,0.0,0.0,0.0,0.0,0.06078256,0.07468775,67_3410041
