relative_time,g_flux,g_uncert,r_flux,r_uncert,redshift,mwebv,id
-30.0,0.0,0.0,369.520751953125,656.1520385742188,0.09624345,0.055122346,67_300186
-27.0,0.0,0.0,0.0,0.0,0.09624345,0.055122346,67_300186
-24.0,165.3148193359375,245.11044311523438,0.0,0.0,0.09624345,0.055122346,67_300186
-21.0,0.0,0.0,0.0,0.0,0.09624345,0.055122346,67_300186
-18.0,172.9418487548828,122.91844177246094,21.33022117614746,134.73752692606635,0.09624345,0.055122346,67_300186
-15.0,0.0,0.0,0.0,0.0,0.09624345,0.055122346,67_300186
-12.0,0.0,0.0,0.0,0.0,0.09624345,0.055122346,67_300186
-9.0,0.0,0.0,18.500743865966797,307.6684875488281,0.09624345,0.055122346,67_300186
-6.0,305.8126220703125,256.5311584472656,112.57360076904297,210.09435493903666,0.09624345,0.055122346,67_300186
-3.0,0.0,0.0,0.0,0.0,0.09624345,0.055122346,67_300186
0.0,355.7427978515625,48.64039993286133,581.2178955078125,76.12160516991128,0.09624345,0.055122346,67_300186
3.0,0.0,0.0,0.0,0.0,0.09624345,0.055122346,67_300186
6.0,-283.7679138183594,249.49462890625,0.0,0.0,0.09624345,0.055122346,67_300186
9.0,0.0,0.0,0.0,0.0,0.09624345,0.055122346,67_300186
12.0,-163.37835693359375,158.12869262695312,0.0,0.0,0.09624345,0.055122346,67_300186
15.0,329.74652099609375,254.58143615722656,0.0,0.0,0.09624345,0.055122346,67_300186
18.0,371.33184814453125,248.0655975341797,0.0,0.0,0.09624345,0.055122346,67_300186
21.0,0.0,0.0,0.0,0.0,0.09624345,0.055122346,67_300186
24.0,0.0,0.0,506.6875915527344,294.83221435546875,0.09624345,0.055122346,67_300186
27.0,60.403846740722656,50.689666748046875,38.628902435302734,68.06470301523828,0.09624345,0.055122346,67_300186
30.0,0.0,0.0,0.0,0.0,0.09624345,0.055122346,67_300186
33.0,0.0,0.0,0.0,0.0,0.09624345,0.055122346,67_300186
36.0,9.07361888885498,78.56298828125,-52.02399444580078,122.5628412570019,0.09624345,0.055122346,67_300186
39.0,0.0,0.0,0.0,0.0,0.09624345,0.055122346,67_300186
42.0,0.0,0.0,0.0,0.0,0.09624345,0.055122346,67_300186
45.0,0.0,0.0,0.0,0.0,0.09624345,0.055122346,67_300186
48.0,0.0,0.0,0.0,0.0,0.09624345,0.055122346,67_300186
51.0,0.0,0.0,0.0,0.0,0.09624345,0.055122346,67_300186
54.0,0.0,0.0,0.0,0.0,0.09624345,0.055122346,67_300186
57.0,0.0,0.0,0.0,0.0,0.09624345,0.055122346,67_300186
60.0,0.0,0.0,0.0,0.0,0.09624345,0.055122346,67_300186
63.0,0.0,0.0,0.0,0.0,0.09624345,0.055122346,67_300186
66.0,0.0,0.0,0.0,0.0,0.09624345,0.055122346,67_300186
69.0,0.0,0.0,0.0,0.0,0.09624345,0.055122346,67_300186
