relative_time,g_flux,g_uncert,r_flux,r_uncert,redshift,mwebv,id
-30.0,0.0,0.0,0.0,0.0,0.06805531,0.022540852,67_349087
-27.0,16.35576057434082,27.13750457763672,13.682374000549316,62.41172762450805,0.06805531,0.022540852,67_349087
-24.0,0.0,0.0,149.05145263671875,73.33454895019531,0.06805531,0.022540852,67_349087
-21.0,120.19725036621094,56.15205001831055,0.0,0.0,0.06805531,0.022540852,67_349087
-18.0,0.0,0.0,0.0,0.0,0.06805531,0.022540852,67_349087
-15.0,0.0,0.0,0.0,0.0,0.06805531,0.022540852,67_349087
-12.0,0.0,0.0,0.0,0.0,0.06805531,0.022540852,67_349087
-9.0,83.52813720703125,146.14419555664062,0.0,0.0,0.06805531,0.022540852,67_349087
-6.0,0.0,0.0,0.0,0.0,0.06805531,0.022540852,67_349087
-3.0,440.99468994140625,70.46066284179688,0.0,0.0,0.06805531,0.022540852,67_349087
0.0,480.3133544921875,31.92800521850586,885.4733276367188,77.79903085885672,0.06805531,0.022540852,67_349087
3.0,0.0,0.0,0.0,0.0,0.06805531,0.022540852,67_349087
6.0,0.0,0.0,0.0,0.0,0.06805531,0.022540852,67_349087
9.0,628.5175170898438,126.05049133300781,0.0,0.0,0.06805531,0.022540852,67_349087
12.0,0.0,0.0,1134.14892578125,145.43272399902344,0.06805531,0.022540852,67_349087
15.0,0.0,0.0,0.0,0.0,0.06805531,0.022540852,67_349087
18.0,0.0,0.0,0.0,0.0,0.06805531,0.022540852,67_349087
21.0,0.0,0.0,0.0,0.0,0.06805531,0.022540852,67_349087
24.0,-250.90113830566406,164.46022033691406,0.0,0.0,0.06805531,0.022540852,67_349087
27.0,0.0,0.0,0.0,0.0,0.06805531,0.022540852,67_349087
30.0,0.0,0.0,0.0,0.0,0.06805531,0.022540852,67_349087
33.0,0.0,0.0,0.0,0.0,0.06805531,0.022540852,67_349087
36.0,0.0,0.0,0.0,0.0,0.06805531,0.022540852,67_349087
39.0,0.0,0.0,0.0,0.0,0.06805531,0.022540852,67_349087
42.0,0.0,0.0,0.0,0.0,0.06805531,0.022540852,67_349087
45.0,0.0,0.0,0.0,0.0,0.06805531,0.022540852,67_349087
48.0,0.0,0.0,0.0,0.0,0.06805531,0.022540852,67_349087
51.0,0.0,0.0,0.0,0.0,0.06805531,0.022540852,67_349087
54.0,0.0,0.0,0.0,0.0,0.06805531,0.022540852,67_349087
57.0,0.0,0.0,0.0,0.0,0.06805531,0.022540852,67_349087
60.0,0.0,0.0,0.0,0.0,0.06805531,0.022540852,67_349087
63.0,0.0,0.0,0.0,0.0,0.06805531,0.022540852,67_349087
66.0,0.0,0.0,0.0,0.0,0.06805531,0.022540852,67_349087
69.0,0.0,0.0,0.0,0.0,0.06805531,0.022540852,67_349087
