relative_time,g_flux,g_uncert,r_flux,r_uncert,redshift,mwebv,id
-30.0,0.0,0.0,0.0,0.0,0.12711775,0.02072907,67_3309193
-27.0,-12.832109928131104,20.1397647857666,11.502633571624756,37.45135454560919,0.12711775,0.02072907,67_3309193
-24.0,0.0,0.0,0.0,0.0,0.12711775,0.02072907,67_3309193
-21.0,36.31693649291992,21.11020278930664,15.000150680541992,32.26231604267852,0.12711775,0.02072907,67_3309193
-18.0,0.0,0.0,-46.371049880981445,174.88550993673658,0.12711775,0.02072907,67_3309193
-15.0,0.0,0.0,0.0,0.0,0.12711775,0.02072907,67_3309193
-12.0,0.0,0.0,0.0,0.0,0.12711775,0.02072907,67_3309193
-9.0,0.0,0.0,0.0,0.0,0.12711775,0.02072907,67_3309193
-6.0,0.0,0.0,0.0,0.0,0.12711775,0.02072907,67_3309193
-3.0,147.8624725341797,28.133623123168945,244.68251037597656,42.38206973525854,0.12711775,0.02072907,67_3309193
0.0,51.86741638183594,44.108333587646484,357.85223388671875,51.19513085928901,0.12711775,0.02072907,67_3309193
3.0,0.0,0.0,826.6949462890625,118.40049743652344,0.12711775,0.02072907,67_3309193
6.0,532.07080078125,189.25457763671875,0.0,0.0,0.12711775,0.02072907,67_3309193
9.0,658.3062133789062,164.6990203857422,394.1856689453125,313.566359694544,0.12711775,0.02072907,67_3309193
12.0,0.0,0.0,0.0,0.0,0.12711775,0.02072907,67_3309193
15.0,0.0,0.0,0.0,0.0,0.12711775,0.02072907,67_3309193
18.0,0.0,0.0,0.0,0.0,0.12711775,0.02072907,67_3309193
21.0,0.0,0.0,0.0,0.0,0.12711775,0.02072907,67_3309193
24.0,0.0,0.0,0.0,0.0,0.12711775,0.02072907,67_3309193
27.0,0.0,0.0,0.0,0.0,0.12711775,0.02072907,67_3309193
30.0,0.0,0.0,0.0,0.0,0.12711775,0.02072907,67_3309193
33.0,0.0,0.0,0.0,0.0,0.12711775,0.02072907,67_3309193
36.0,0.0,0.0,0.0,0.0,0.12711775,0.02072907,67_3309193
39.0,0.0,0.0,0.0,0.0,0.12711775,0.02072907,67_3309193
42.0,0.0,0.0,0.0,0.0,0.12711775,0.02072907,67_3309193
45.0,0.0,0.0,0.0,0.0,0.12711775,0.02072907,67_3309193
48.0,0.0,0.0,0.0,0.0,0.12711775,0.02072907,67_3309193
51.0,0.0,0.0,0.0,0.0,0.12711775,0.02072907,67_3309193
54.0,0.0,0.0,0.0,0.0,0.12711775,0.02072907,67_3309193
57.0,0.0,0.0,0.0,0.0,0.12711775,0.02072907,67_3309193
60.0,0.0,0.0,0.0,0.0,0.12711775,0.02072907,67_3309193
63.0,0.0,0.0,0.0,0.0,0.12711775,0.02072907,67_3309193
66.0,0.0,0.0,0.0,0.0,0.12711775,0.02072907,67_3309193
69.0,0.0,0.0,0.0,0.0,0.12711775,0.02072907,67_3309193
