relative_time,g_flux,g_uncert,r_flux,r_uncert,redshift,mwebv,id
-30.0,-79.94247945149739,138.56961059570312,12.435747782389322,90.68412910094305,0.038526222,0.29013428,67_3091766
-27.0,0.0,0.0,126.94676780700684,164.26719940665737,0.038526222,0.29013428,67_3091766
-24.0,0.0,0.0,5.324631214141846,181.85679626464844,0.038526222,0.29013428,67_3091766
-21.0,46.250179290771484,62.735530853271484,-48.235137939453125,89.35952972353485,0.038526222,0.29013428,67_3091766
-18.0,0.0,0.0,0.0,0.0,0.038526222,0.29013428,67_3091766
-15.0,0.0,0.0,0.0,0.0,0.038526222,0.29013428,67_3091766
-12.0,247.89012145996094,281.0810241699219,-97.72103881835938,172.96556281111663,0.038526222,0.29013428,67_3091766
-9.0,0.0,0.0,0.0,0.0,0.038526222,0.29013428,67_3091766
-6.0,1271.57763671875,171.42042541503906,0.0,0.0,0.038526222,0.29013428,67_3091766
-3.0,2263.32861328125,494.4489440917969,2489.175537109375,191.90150391236224,0.038526222,0.29013428,67_3091766
0.0,4672.42333984375,321.07672119140625,0.0,0.0,0.038526222,0.29013428,67_3091766
3.0,0.0,0.0,0.0,0.0,0.038526222,0.29013428,67_3091766
6.0,0.0,0.0,0.0,0.0,0.038526222,0.29013428,67_3091766
9.0,0.0,0.0,0.0,0.0,0.038526222,0.29013428,67_3091766
12.0,0.0,0.0,0.0,0.0,0.038526222,0.29013428,67_3091766
15.0,0.0,0.0,0.0,0.0,0.038526222,0.29013428,67_3091766
18.0,1579.1768798828125,617.8883056640625,0.0,0.0,0.038526222,0.29013428,67_3091766
21.0,0.0,0.0,0.0,0.0,0.038526222,0.29013428,67_3091766
24.0,169.91639709472656,260.9796142578125,1546.1278076171875,227.41100467959967,0.038526222,0.29013428,67_3091766
27.0,0.0,0.0,0.0,0.0,0.038526222,0.29013428,67_3091766
30.0,0.0,0.0,0.0,0.0,0.038526222,0.29013428,67_3091766
33.0,0.0,0.0,0.0,0.0,0.038526222,0.29013428,67_3091766
36.0,0.0,0.0,0.0,0.0,0.038526222,0.29013428,67_3091766
39.0,0.0,0.0,0.0,0.0,0.038526222,0.29013428,67_3091766
42.0,-167.631103515625,1263.3321533203125,0.0,0.0,0.038526222,0.29013428,67_3091766
45.0,0.0,0.0,0.0,0.0,0.038526222,0.29013428,67_3091766
48.0,0.0,0.0,0.0,0.0,0.038526222,0.29013428,67_3091766
51.0,0.0,0.0,0.0,0.0,0.038526222,0.29013428,67_3091766
54.0,0.0,0.0,0.0,0.0,0.038526222,0.29013428,67_3091766
57.0,0.0,0.0,0.0,0.0,0.038526222,0.29013428,67_3091766
60.0,0.0,0.0,0.0,0.0,0.038526222,0.29013428,67_3091766
63.0,0.0,0.0,0.0,0.0,0.038526222,0.29013428,67_3091766
66.0,0.0,0.0,0.0,0.0,0.038526222,0.29013428,67_3091766
69.0,0.0,0.0,0.0,0.0,0.038526222,0.29013428,67_3091766
