relative_time,g_flux,g_uncert,r_flux,r_uncert,redshift,mwebv,id
-30.0,0.0,0.0,0.0,0.0,0.12777649,0.012122048,67_3874282
-27.0,39.410614013671875,207.78526306152344,0.0,0.0,0.12777649,0.012122048,67_3874282
-24.0,0.0,0.0,0.0,0.0,0.12777649,0.012122048,67_3874282
-21.0,0.0,0.0,0.0,0.0,0.12777649,0.012122048,67_3874282
-18.0,0.0,0.0,0.0,0.0,0.12777649,0.012122048,67_3874282
-15.0,54.66804631551107,53.28608957926432,26.740938822428387,89.63683453101088,0.12777649,0.012122048,67_3874282
-12.0,48.20529047648112,53.54469299316406,142.44238650798798,282.2706728642235,0.12777649,0.012122048,67_3874282
-9.0,68.5792179107666,72.22335942586263,228.27847798665366,189.19753984599924,0.12777649,0.012122048,67_3874282
-6.0,0.0,0.0,0.0,0.0,0.12777649,0.012122048,67_3874282
-3.0,0.0,0.0,0.0,0.0,0.12777649,0.012122048,67_3874282
0.0,59.77042715890067,11.843900953020368,436.5528826032366,50.05244968228342,0.12777649,0.012122048,67_3874282
3.0,0.0,0.0,0.0,0.0,0.12777649,0.012122048,67_3874282
6.0,0.0,0.0,0.0,0.0,0.12777649,0.012122048,67_3874282
9.0,0.0,0.0,0.0,0.0,0.12777649,0.012122048,67_3874282
12.0,0.0,0.0,0.0,0.0,0.12777649,0.012122048,67_3874282
15.0,0.0,0.0,0.0,0.0,0.12777649,0.012122048,67_3874282
18.0,0.0,0.0,0.0,0.0,0.12777649,0.012122048,67_3874282
21.0,0.0,0.0,0.0,0.0,0.12777649,0.012122048,67_3874282
24.0,0.0,0.0,0.0,0.0,0.12777649,0.012122048,67_3874282
27.0,0.0,0.0,0.0,0.0,0.12777649,0.012122048,67_3874282
30.0,0.0,0.0,0.0,0.0,0.12777649,0.012122048,67_3874282
33.0,0.0,0.0,0.0,0.0,0.12777649,0.012122048,67_3874282
36.0,0.0,0.0,0.0,0.0,0.12777649,0.012122048,67_3874282
39.0,0.0,0.0,0.0,0.0,0.12777649,0.012122048,67_3874282
42.0,0.0,0.0,0.0,0.0,0.12777649,0.012122048,67_3874282
45.0,0.0,0.0,0.0,0.0,0.12777649,0.012122048,67_3874282
48.0,0.0,0.0,0.0,0.0,0.12777649,0.012122048,67_3874282
51.0,0.0,0.0,0.0,0.0,0.12777649,0.012122048,67_3874282
54.0,0.0,0.0,0.0,0.0,0.12777649,0.012122048,67_3874282
57.0,0.0,0.0,0.0,0.0,0.12777649,0.012122048,67_3874282
60.0,0.0,0.0,0.0,0.0,0.12777649,0.012122048,67_3874282
63.0,0.0,0.0,0.0,0.0,0.12777649,0.012122048,67_3874282
66.0,0.0,0.0,0.0,0.0,0.12777649,0.012122048,67_3874282
69.0,0.0,0.0,0.0,0.0,0.12777649,0.012122048,67_3874282
