relative_time,g_flux,g_uncert,r_flux,r_uncert,redshift,mwebv,id
-30.0,0.0,0.0,0.0,0.0,0.07605998,0.04753282,67_4246959
-27.0,-8.920014381408691,36.304298400878906,2.920692205429077,78.63778686170232,0.07605998,0.04753282,67_4246959
-24.0,0.0,0.0,0.0,0.0,0.07605998,0.04753282,67_4246959
-21.0,-29.625402450561523,217.4900360107422,-9.845440864562988,61.2204594268148,0.07605998,0.04753282,67_4246959
-18.0,-346.2378520965576,239.09143829345703,0.0,0.0,0.07605998,0.04753282,67_4246959
-15.0,0.0,0.0,0.0,0.0,0.07605998,0.04753282,67_4246959
-12.0,64.04719543457031,71.2223129272461,226.6231231689453,92.47048234671502,0.07605998,0.04753282,67_4246959
-9.0,0.0,0.0,0.0,0.0,0.07605998,0.04753282,67_4246959
-6.0,1226.5189208984375,93.69750213623047,0.0,0.0,0.07605998,0.04753282,67_4246959
-3.0,0.0,0.0,0.0,0.0,0.07605998,0.04753282,67_4246959
0.0,1153.764404296875,155.91094970703125,0.0,0.0,0.07605998,0.04753282,67_4246959
3.0,0.0,0.0,2394.70947265625,140.71791076660156,0.07605998,0.04753282,67_4246959
6.0,0.0,0.0,0.0,0.0,0.07605998,0.04753282,67_4246959
9.0,0.0,0.0,0.0,0.0,0.07605998,0.04753282,67_4246959
12.0,0.0,0.0,0.0,0.0,0.07605998,0.04753282,67_4246959
15.0,0.0,0.0,0.0,0.0,0.07605998,0.04753282,67_4246959
18.0,0.0,0.0,0.0,0.0,0.07605998,0.04753282,67_4246959
21.0,0.0,0.0,0.0,0.0,0.07605998,0.04753282,67_4246959
24.0,0.0,0.0,0.0,0.0,0.07605998,0.04753282,67_4246959
27.0,0.0,0.0,0.0,0.0,0.07605998,0.04753282,67_4246959
30.0,0.0,0.0,0.0,0.0,0.07605998,0.04753282,67_4246959
33.0,0.0,0.0,0.0,0.0,0.07605998,0.04753282,67_4246959
36.0,0.0,0.0,0.0,0.0,0.07605998,0.04753282,67_4246959
39.0,0.0,0.0,0.0,0.0,0.07605998,0.04753282,67_4246959
42.0,0.0,0.0,0.0,0.0,0.07605998,0.04753282,67_4246959
45.0,0.0,0.0,0.0,0.0,0.07605998,0.04753282,67_4246959
48.0,0.0,0.0,0.0,0.0,0.07605998,0.04753282,67_4246959
51.0,0.0,0.0,0.0,0.0,0.07605998,0.04753282,67_4246959
54.0,0.0,0.0,0.0,0.0,0.07605998,0.04753282,67_4246959
57.0,0.0,0.0,0.0,0.0,0.07605998,0.04753282,67_4246959
60.0,0.0,0.0,0.0,0.0,0.07605998,0.04753282,67_4246959
63.0,0.0,0.0,0.0,0.0,0.07605998,0.04753282,67_4246959
66.0,0.0,0.0,0.0,0.0,0.07605998,0.04753282,67_4246959
69.0,0.0,0.0,0.0,0.0,0.07605998,0.04753282,67_4246959
