relative_time,g_flux,g_uncert,r_flux,r_uncert,redshift,mwebv,id
-30.0,0.0,0.0,0.0,0.0,0.034929052,0.06488015,67_4440528
-27.0,0.0,0.0,0.0,0.0,0.034929052,0.06488015,67_4440528
-24.0,0.0,0.0,0.0,0.0,0.034929052,0.06488015,67_4440528
-21.0,43.314022064208984,216.1728515625,0.0,0.0,0.034929052,0.06488015,67_4440528
-18.0,0.0,0.0,0.0,0.0,0.034929052,0.06488015,67_4440528
-15.0,-109.97040557861328,79.63385009765625,-177.3851776123047,290.63974727661747,0.034929052,0.06488015,67_4440528
-12.0,0.0,0.0,-2.853088855743408,120.35932922363281,0.034929052,0.06488015,67_4440528
-9.0,0.0,0.0,0.0,0.0,0.034929052,0.06488015,67_4440528
-6.0,0.0,0.0,0.0,0.0,0.034929052,0.06488015,67_4440528
-3.0,2260.204833984375,396.103759765625,3257.3232421875,647.1200955599114,0.034929052,0.06488015,67_4440528
0.0,1745.5584716796875,225.29994201660156,3664.534912109375,283.3655114244422,0.034929052,0.06488015,67_4440528
3.0,0.0,0.0,0.0,0.0,0.034929052,0.06488015,67_4440528
6.0,0.0,0.0,0.0,0.0,0.034929052,0.06488015,67_4440528
9.0,2403.01171875,152.4042205810547,0.0,0.0,0.034929052,0.06488015,67_4440528
12.0,767.6909790039062,80.20435333251953,2970.04443359375,198.4429321723038,0.034929052,0.06488015,67_4440528
15.0,0.0,0.0,0.0,0.0,0.034929052,0.06488015,67_4440528
18.0,0.0,0.0,0.0,0.0,0.034929052,0.06488015,67_4440528
21.0,0.0,0.0,3456.633056640625,294.8657531738281,0.034929052,0.06488015,67_4440528
24.0,0.0,0.0,2600.3798828125,249.9279022216797,0.034929052,0.06488015,67_4440528
27.0,0.0,0.0,0.0,0.0,0.034929052,0.06488015,67_4440528
30.0,0.0,0.0,0.0,0.0,0.034929052,0.06488015,67_4440528
33.0,394.1123352050781,483.4622802734375,0.0,0.0,0.034929052,0.06488015,67_4440528
36.0,0.0,0.0,0.0,0.0,0.034929052,0.06488015,67_4440528
39.0,0.0,0.0,0.0,0.0,0.034929052,0.06488015,67_4440528
42.0,0.0,0.0,0.0,0.0,0.034929052,0.06488015,67_4440528
45.0,0.0,0.0,0.0,0.0,0.034929052,0.06488015,67_4440528
48.0,0.0,0.0,0.0,0.0,0.034929052,0.06488015,67_4440528
51.0,0.0,0.0,0.0,0.0,0.034929052,0.06488015,67_4440528
54.0,0.0,0.0,0.0,0.0,0.034929052,0.06488015,67_4440528
57.0,0.0,0.0,0.0,0.0,0.034929052,0.06488015,67_4440528
60.0,0.0,0.0,0.0,0.0,0.034929052,0.06488015,67_4440528
63.0,0.0,0.0,0.0,0.0,0.034929052,0.06488015,67_4440528
66.0,0.0,0.0,0.0,0.0,0.034929052,0.06488015,67_4440528
69.0,0.0,0.0,0.0,0.0,0.034929052,0.06488015,67_4440528
