relative_time,g_flux,g_uncert,r_flux,r_uncert,redshift,mwebv,id
-30.0,0.0,0.0,0.0,0.0,0.056201883,0.049508557,67_4437127
-27.0,0.0,0.0,0.0,0.0,0.056201883,0.049508557,67_4437127
-24.0,0.0,0.0,0.0,0.0,0.056201883,0.049508557,67_4437127
-21.0,0.0,0.0,0.0,0.0,0.056201883,0.049508557,67_4437127
-18.0,0.0,0.0,0.0,0.0,0.056201883,0.049508557,67_4437127
-15.0,0.0,0.0,0.0,0.0,0.056201883,0.049508557,67_4437127
-12.0,0.0,0.0,0.0,0.0,0.056201883,0.049508557,67_4437127
-9.0,0.0,0.0,0.0,0.0,0.056201883,0.049508557,67_4437127
-6.0,517.9257202148438,149.47067260742188,1229.1649169921875,170.20886490208895,0.056201883,0.049508557,67_4437127
-3.0,0.0,0.0,0.0,0.0,0.056201883,0.049508557,67_4437127
0.0,0.0,0.0,3746.613037109375,378.50677490234375,0.056201883,0.049508557,67_4437127
3.0,0.0,0.0,0.0,0.0,0.056201883,0.049508557,67_4437127
6.0,0.0,0.0,0.0,0.0,0.056201883,0.049508557,67_4437127
9.0,105.09017181396484,180.68472290039062,0.0,0.0,0.056201883,0.049508557,67_4437127
12.0,0.0,0.0,0.0,0.0,0.056201883,0.049508557,67_4437127
15.0,0.0,0.0,0.0,0.0,0.056201883,0.049508557,67_4437127
18.0,0.0,0.0,0.0,0.0,0.056201883,0.049508557,67_4437127
21.0,-550.5172729492188,319.5357360839844,-697.0610961914062,425.1918874119986,0.056201883,0.049508557,67_4437127
24.0,-511.6709289550781,686.8748779296875,303.40130615234375,550.5586742067333,0.056201883,0.049508557,67_4437127
27.0,0.4483090043067932,273.2206115722656,275.7070007324219,297.3492989780942,0.056201883,0.049508557,67_4437127
30.0,0.0,0.0,0.0,0.0,0.056201883,0.049508557,67_4437127
33.0,0.0,0.0,0.0,0.0,0.056201883,0.049508557,67_4437127
36.0,0.0,0.0,0.0,0.0,0.056201883,0.049508557,67_4437127
39.0,0.0,0.0,0.0,0.0,0.056201883,0.049508557,67_4437127
42.0,0.0,0.0,467.8548278808594,168.0006866455078,0.056201883,0.049508557,67_4437127
45.0,0.0,0.0,0.0,0.0,0.056201883,0.049508557,67_4437127
48.0,0.0,0.0,0.0,0.0,0.056201883,0.049508557,67_4437127
51.0,0.0,0.0,0.0,0.0,0.056201883,0.049508557,67_4437127
54.0,221.11544799804688,147.56028747558594,347.8867492675781,261.4945959654149,0.056201883,0.049508557,67_4437127
57.0,0.0,0.0,0.0,0.0,0.056201883,0.049508557,67_4437127
60.0,0.0,0.0,0.0,0.0,0.056201883,0.049508557,67_4437127
63.0,0.0,0.0,0.0,0.0,0.056201883,0.049508557,67_4437127
66.0,0.0,0.0,0.0,0.0,0.056201883,0.049508557,67_4437127
69.0,0.0,0.0,0.0,0.0,0.056201883,0.049508557,67_4437127
