relative_time,g_flux,g_uncert,r_flux,r_uncert,redshift,mwebv,id
-30.0,0.0,0.0,0.0,0.0,0.073243216,0.037989732,67_4071961
-27.0,25.52663803100586,21.601898193359375,0.8223249912261963,35.528665782192306,0.073243216,0.037989732,67_4071961
-24.0,-13.962589263916016,25.867111206054688,-61.895381927490234,41.971131893131144,0.073243216,0.037989732,67_4071961
-21.0,-83.96900939941406,62.68866729736328,-59.68203353881836,55.2331684902004,0.073243216,0.037989732,67_4071961
-18.0,0.0,0.0,0.0,0.0,0.073243216,0.037989732,67_4071961
-15.0,-114.1241683959961,82.01522827148438,-26.043785095214844,101.59521975265834,0.073243216,0.037989732,67_4071961
-12.0,-76.34674835205078,112.28887939453125,64.53491973876953,134.36769203930592,0.073243216,0.037989732,67_4071961
-9.0,0.0,0.0,0.0,0.0,0.073243216,0.037989732,67_4071961
-6.0,1.889604091644287,97.71979522705078,146.88067626953125,82.3171298608517,0.073243216,0.037989732,67_4071961
-3.0,0.0,0.0,0.0,0.0,0.073243216,0.037989732,67_4071961
0.0,348.49853515625,50.39350891113281,902.855712890625,100.52979058067581,0.073243216,0.037989732,67_4071961
3.0,0.0,0.0,0.0,0.0,0.073243216,0.037989732,67_4071961
6.0,161.17138671875,86.34686279296875,756.2788696289062,137.4372342037124,0.073243216,0.037989732,67_4071961
9.0,0.0,0.0,1151.9500732421875,166.05270385742188,0.073243216,0.037989732,67_4071961
12.0,0.0,0.0,0.0,0.0,0.073243216,0.037989732,67_4071961
15.0,0.0,0.0,0.0,0.0,0.073243216,0.037989732,67_4071961
18.0,0.0,0.0,0.0,0.0,0.073243216,0.037989732,67_4071961
21.0,0.0,0.0,0.0,0.0,0.073243216,0.037989732,67_4071961
24.0,0.0,0.0,0.0,0.0,0.073243216,0.037989732,67_4071961
27.0,0.0,0.0,0.0,0.0,0.073243216,0.037989732,67_4071961
30.0,0.0,0.0,0.0,0.0,0.073243216,0.037989732,67_4071961
33.0,0.0,0.0,0.0,0.0,0.073243216,0.037989732,67_4071961
36.0,0.0,0.0,0.0,0.0,0.073243216,0.037989732,67_4071961
39.0,0.0,0.0,0.0,0.0,0.073243216,0.037989732,67_4071961
42.0,0.0,0.0,0.0,0.0,0.073243216,0.037989732,67_4071961
45.0,0.0,0.0,0.0,0.0,0.073243216,0.037989732,67_4071961
48.0,0.0,0.0,0.0,0.0,0.073243216,0.037989732,67_4071961
51.0,0.0,0.0,0.0,0.0,0.073243216,0.037989732,67_4071961
54.0,0.0,0.0,0.0,0.0,0.073243216,0.037989732,67_4071961
57.0,0.0,0.0,0.0,0.0,0.073243216,0.037989732,67_4071961
60.0,0.0,0.0,0.0,0.0,0.073243216,0.037989732,67_4071961
63.0,0.0,0.0,0.0,0.0,0.073243216,0.037989732,67_4071961
66.0,0.0,0.0,0.0,0.0,0.073243216,0.037989732,67_4071961
69.0,0.0,0.0,0.0,0.0,0.073243216,0.037989732,67_4071961
