relative_time,g_flux,g_uncert,r_flux,r_uncert,redshift,mwebv,id
-30.0,-16.357074737548828,35.33740997314453,38.11878204345703,55.74864670102465,0.05022359,0.04844147,67_4156918
-27.0,0.0,0.0,0.0,0.0,0.05022359,0.04844147,67_4156918
-24.0,123.7298812866211,73.77481842041016,27.89165496826172,76.89981537040964,0.05022359,0.04844147,67_4156918
-21.0,0.0,0.0,0.0,0.0,0.05022359,0.04844147,67_4156918
-18.0,0.0,0.0,33.512332916259766,86.29827117919922,0.05022359,0.04844147,67_4156918
-15.0,2.603839635848999,75.94923400878906,10.09273910522461,115.31848178844946,0.05022359,0.04844147,67_4156918
-12.0,-6.773016929626465,71.90697479248047,-34.41518020629883,93.11670345336795,0.05022359,0.04844147,67_4156918
-9.0,0.0,0.0,0.0,0.0,0.05022359,0.04844147,67_4156918
-6.0,39.493770599365234,239.2957305908203,594.3629150390625,175.1024633272842,0.05022359,0.04844147,67_4156918
-3.0,2035.4281005859375,140.94447326660156,0.0,0.0,0.05022359,0.04844147,67_4156918
0.0,2924.1728515625,113.79761505126953,0.0,0.0,0.05022359,0.04844147,67_4156918
3.0,0.0,0.0,0.0,0.0,0.05022359,0.04844147,67_4156918
6.0,0.0,0.0,0.0,0.0,0.05022359,0.04844147,67_4156918
9.0,777.3555908203125,47.81253433227539,2478.7607421875,93.43014113637376,0.05022359,0.04844147,67_4156918
12.0,0.0,0.0,0.0,0.0,0.05022359,0.04844147,67_4156918
15.0,0.0,0.0,0.0,0.0,0.05022359,0.04844147,67_4156918
18.0,0.0,0.0,2237.84619140625,248.0999755859375,0.05022359,0.04844147,67_4156918
21.0,0.0,0.0,0.0,0.0,0.05022359,0.04844147,67_4156918
24.0,0.0,0.0,0.0,0.0,0.05022359,0.04844147,67_4156918
27.0,0.0,0.0,0.0,0.0,0.05022359,0.04844147,67_4156918
30.0,0.0,0.0,0.0,0.0,0.05022359,0.04844147,67_4156918
33.0,0.0,0.0,0.0,0.0,0.05022359,0.04844147,67_4156918
36.0,0.0,0.0,0.0,0.0,0.05022359,0.04844147,67_4156918
39.0,0.0,0.0,0.0,0.0,0.05022359,0.04844147,67_4156918
42.0,0.0,0.0,0.0,0.0,0.05022359,0.04844147,67_4156918
45.0,0.0,0.0,0.0,0.0,0.05022359,0.04844147,67_4156918
48.0,0.0,0.0,0.0,0.0,0.05022359,0.04844147,67_4156918
51.0,0.0,0.0,0.0,0.0,0.05022359,0.04844147,67_4156918
54.0,0.0,0.0,0.0,0.0,0.05022359,0.04844147,67_4156918
57.0,0.0,0.0,0.0,0.0,0.05022359,0.04844147,67_4156918
60.0,0.0,0.0,0.0,0.0,0.05022359,0.04844147,67_4156918
63.0,0.0,0.0,0.0,0.0,0.05022359,0.04844147,67_4156918
66.0,0.0,0.0,0.0,0.0,0.05022359,0.04844147,67_4156918
69.0,0.0,0.0,0.0,0.0,0.05022359,0.04844147,67_4156918
