relative_time,g_flux,g_uncert,r_flux,r_uncert,redshift,mwebv,id
-30.0,0.0,0.0,-7.158249378204346,60.52277755737305,0.060452428,0.06086422,67_4526770
-27.0,0.0,0.0,0.0,0.0,0.060452428,0.06086422,67_4526770
-24.0,45.40629196166992,72.2847900390625,0.0,0.0,0.060452428,0.06086422,67_4526770
-21.0,0.0,0.0,0.0,0.0,0.060452428,0.06086422,67_4526770
-18.0,0.0,0.0,0.0,0.0,0.060452428,0.06086422,67_4526770
-15.0,71.27879333496094,100.96001434326172,0.0,0.0,0.060452428,0.06086422,67_4526770
-12.0,187.58889770507812,259.4274597167969,0.0,0.0,0.060452428,0.06086422,67_4526770
-9.0,51.62385559082031,192.7530517578125,0.0,0.0,0.060452428,0.06086422,67_4526770
-6.0,735.2246704101562,211.68331909179688,0.0,0.0,0.060452428,0.06086422,67_4526770
-3.0,1451.7886962890625,159.28355407714844,0.0,0.0,0.060452428,0.06086422,67_4526770
0.0,1504.2481689453125,125.29214477539062,0.0,0.0,0.060452428,0.06086422,67_4526770
3.0,1067.1192626953125,135.7147216796875,0.0,0.0,0.060452428,0.06086422,67_4526770
6.0,0.0,0.0,0.0,0.0,0.060452428,0.06086422,67_4526770
9.0,412.5563659667969,111.67504119873047,0.0,0.0,0.060452428,0.06086422,67_4526770
12.0,0.0,0.0,0.0,0.0,0.060452428,0.06086422,67_4526770
15.0,0.0,0.0,0.0,0.0,0.060452428,0.06086422,67_4526770
18.0,0.0,0.0,0.0,0.0,0.060452428,0.06086422,67_4526770
21.0,0.0,0.0,0.0,0.0,0.060452428,0.06086422,67_4526770
24.0,0.0,0.0,0.0,0.0,0.060452428,0.06086422,67_4526770
27.0,0.0,0.0,0.0,0.0,0.060452428,0.06086422,67_4526770
30.0,0.0,0.0,0.0,0.0,0.060452428,0.06086422,67_4526770
33.0,0.0,0.0,0.0,0.0,0.060452428,0.06086422,67_4526770
36.0,0.0,0.0,0.0,0.0,0.060452428,0.06086422,67_4526770
39.0,0.0,0.0,0.0,0.0,0.060452428,0.06086422,67_4526770
42.0,0.0,0.0,0.0,0.0,0.060452428,0.06086422,67_4526770
45.0,0.0,0.0,0.0,0.0,0.060452428,0.06086422,67_4526770
48.0,0.0,0.0,0.0,0.0,0.060452428,0.06086422,67_4526770
51.0,0.0,0.0,0.0,0.0,0.060452428,0.06086422,67_4526770
54.0,0.0,0.0,0.0,0.0,0.060452428,0.06086422,67_4526770
57.0,0.0,0.0,0.0,0.0,0.060452428,0.06086422,67_4526770
60.0,0.0,0.0,0.0,0.0,0.060452428,0.06086422,67_4526770
63.0,0.0,0.0,0.0,0.0,0.060452428,0.06086422,67_4526770
66.0,0.0,0.0,0.0,0.0,0.060452428,0.06086422,67_4526770
69.0,0.0,0.0,0.0,0.0,0.060452428,0.06086422,67_4526770
