relative_time,g_flux,g_uncert,r_flux,r_uncert,redshift,mwebv,id
-30.0,0.0,0.0,0.0,0.0,0.053308755,0.058205314,67_4372648
-27.0,0.0,0.0,0.0,0.0,0.053308755,0.058205314,67_4372648
-24.0,0.0,0.0,0.0,0.0,0.053308755,0.058205314,67_4372648
-21.0,0.0,0.0,0.0,0.0,0.053308755,0.058205314,67_4372648
-18.0,0.0,0.0,0.0,0.0,0.053308755,0.058205314,67_4372648
-15.0,-766.9531860351562,517.7027587890625,0.0,0.0,0.053308755,0.058205314,67_4372648
-12.0,49.20772933959961,54.97492599487305,97.54644012451172,77.04392117743978,0.053308755,0.058205314,67_4372648
-9.0,210.05941772460938,39.546409606933594,677.2532348632812,102.94493312676951,0.053308755,0.058205314,67_4372648
-6.0,0.0,0.0,0.0,0.0,0.053308755,0.058205314,67_4372648
-3.0,0.0,0.0,0.0,0.0,0.053308755,0.058205314,67_4372648
0.0,0.0,0.0,3636.766845703125,137.33287048339844,0.053308755,0.058205314,67_4372648
3.0,0.0,0.0,0.0,0.0,0.053308755,0.058205314,67_4372648
6.0,0.0,0.0,0.0,0.0,0.053308755,0.058205314,67_4372648
9.0,0.0,0.0,0.0,0.0,0.053308755,0.058205314,67_4372648
12.0,0.0,0.0,0.0,0.0,0.053308755,0.058205314,67_4372648
15.0,0.0,0.0,0.0,0.0,0.053308755,0.058205314,67_4372648
18.0,0.0,0.0,0.0,0.0,0.053308755,0.058205314,67_4372648
21.0,0.0,0.0,0.0,0.0,0.053308755,0.058205314,67_4372648
24.0,0.0,0.0,0.0,0.0,0.053308755,0.058205314,67_4372648
27.0,0.0,0.0,0.0,0.0,0.053308755,0.058205314,67_4372648
30.0,0.0,0.0,0.0,0.0,0.053308755,0.058205314,67_4372648
33.0,0.0,0.0,0.0,0.0,0.053308755,0.058205314,67_4372648
36.0,0.0,0.0,0.0,0.0,0.053308755,0.058205314,67_4372648
39.0,0.0,0.0,0.0,0.0,0.053308755,0.058205314,67_4372648
42.0,0.0,0.0,0.0,0.0,0.053308755,0.058205314,67_4372648
45.0,0.0,0.0,0.0,0.0,0.053308755,0.058205314,67_4372648
48.0,0.0,0.0,0.0,0.0,0.053308755,0.058205314,67_4372648
51.0,0.0,0.0,0.0,0.0,0.053308755,0.058205314,67_4372648
54.0,0.0,0.0,0.0,0.0,0.053308755,0.058205314,67_4372648
57.0,0.0,0.0,0.0,0.0,0.053308755,0.058205314,67_4372648
60.0,0.0,0.0,0.0,0.0,0.053308755,0.058205314,67_4372648
63.0,0.0,0.0,0.0,0.0,0.053308755,0.058205314,67_4372648
66.0,0.0,0.0,0.0,0.0,0.053308755,0.058205314,67_4372648
69.0,0.0,0.0,0.0,0.0,0.053308755,0.058205314,67_4372648
