relative_time,g_flux,g_uncert,r_flux,r_uncert,redshift,mwebv,id
-30.0,-11.072620391845703,27.86913299560547,-67.1366958618164,83.86351054535834,0.08439584,0.0435882,67_4417416
-27.0,15.611284255981445,102.16493225097656,0.0,0.0,0.08439584,0.0435882,67_4417416
-24.0,0.0,0.0,-16.796918869018555,125.51810455322266,0.08439584,0.0435882,67_4417416
-21.0,0.0,0.0,0.0,0.0,0.08439584,0.0435882,67_4417416
-18.0,-0.613222599029541,59.41388130187988,-54.426259994506836,63.8041529513466,0.08439584,0.0435882,67_4417416
-15.0,0.0,0.0,0.0,0.0,0.08439584,0.0435882,67_4417416
-12.0,0.0,0.0,0.0,0.0,0.08439584,0.0435882,67_4417416
-9.0,0.0,0.0,0.0,0.0,0.08439584,0.0435882,67_4417416
-6.0,0.0,0.0,1011.8455810546875,217.5260772705078,0.08439584,0.0435882,67_4417416
-3.0,0.0,0.0,1557.68115234375,104.90454864501953,0.08439584,0.0435882,67_4417416
0.0,377.7269287109375,45.348487854003906,1158.34130859375,138.30679988999427,0.08439584,0.0435882,67_4417416
3.0,241.33694458007812,79.23532104492188,780.9149780273438,80.29080109599026,0.08439584,0.0435882,67_4417416
6.0,0.0,0.0,0.0,0.0,0.08439584,0.0435882,67_4417416
9.0,0.0,0.0,0.0,0.0,0.08439584,0.0435882,67_4417416
12.0,0.0,0.0,0.0,0.0,0.08439584,0.0435882,67_4417416
15.0,0.0,0.0,0.0,0.0,0.08439584,0.0435882,67_4417416
18.0,0.0,0.0,0.0,0.0,0.08439584,0.0435882,67_4417416
21.0,0.0,0.0,0.0,0.0,0.08439584,0.0435882,67_4417416
24.0,0.0,0.0,0.0,0.0,0.08439584,0.0435882,67_4417416
27.0,0.0,0.0,0.0,0.0,0.08439584,0.0435882,67_4417416
30.0,0.0,0.0,0.0,0.0,0.08439584,0.0435882,67_4417416
33.0,0.0,0.0,0.0,0.0,0.08439584,0.0435882,67_4417416
36.0,0.0,0.0,0.0,0.0,0.08439584,0.0435882,67_4417416
39.0,0.0,0.0,0.0,0.0,0.08439584,0.0435882,67_4417416
42.0,0.0,0.0,0.0,0.0,0.08439584,0.0435882,67_4417416
45.0,0.0,0.0,0.0,0.0,0.08439584,0.0435882,67_4417416
48.0,0.0,0.0,0.0,0.0,0.08439584,0.0435882,67_4417416
51.0,0.0,0.0,0.0,0.0,0.08439584,0.0435882,67_4417416
54.0,0.0,0.0,0.0,0.0,0.08439584,0.0435882,67_4417416
57.0,0.0,0.0,0.0,0.0,0.08439584,0.0435882,67_4417416
60.0,0.0,0.0,0.0,0.0,0.08439584,0.0435882,67_4417416
63.0,0.0,0.0,0.0,0.0,0.08439584,0.0435882,67_4417416
66.0,0.0,0.0,0.0,0.0,0.08439584,0.0435882,67_4417416
69.0,0.0,0.0,0.0,0.0,0.08439584,0.0435882,67_4417416
