relative_time,g_flux,g_uncert,r_flux,r_uncert,redshift,mwebv,id
-30.0,0.0,0.0,0.0,0.0,0.13030672,0.032252014,67_419005
-27.0,0.0,0.0,0.0,0.0,0.13030672,0.032252014,67_419005
-24.0,0.0,0.0,0.0,0.0,0.13030672,0.032252014,67_419005
-21.0,0.0,0.0,0.0,0.0,0.13030672,0.032252014,67_419005
-18.0,0.0,0.0,0.0,0.0,0.13030672,0.032252014,67_419005
-15.0,0.0,0.0,0.0,0.0,0.13030672,0.032252014,67_419005
-12.0,88.90674082438152,119.82063293457031,308.11018498738605,202.84287297189022,0.13030672,0.032252014,67_419005
-9.0,125.51841227213542,23.94457753499349,387.74339803059894,67.71200120818045,0.13030672,0.032252014,67_419005
-6.0,0.0,0.0,0.0,0.0,0.13030672,0.032252014,67_419005
-3.0,0.0,0.0,0.0,0.0,0.13030672,0.032252014,67_419005
0.0,101.91107177734375,30.429268836975098,325.40770721435547,66.9917562471106,0.13030672,0.032252014,67_419005
3.0,0.0,0.0,0.0,0.0,0.13030672,0.032252014,67_419005
6.0,0.0,0.0,0.0,0.0,0.13030672,0.032252014,67_419005
9.0,0.0,0.0,0.0,0.0,0.13030672,0.032252014,67_419005
12.0,0.0,0.0,0.0,0.0,0.13030672,0.032252014,67_419005
15.0,0.0,0.0,0.0,0.0,0.13030672,0.032252014,67_419005
18.0,0.0,0.0,0.0,0.0,0.13030672,0.032252014,67_419005
21.0,0.0,0.0,0.0,0.0,0.13030672,0.032252014,67_419005
24.0,0.0,0.0,0.0,0.0,0.13030672,0.032252014,67_419005
27.0,0.0,0.0,0.0,0.0,0.13030672,0.032252014,67_419005
30.0,0.0,0.0,0.0,0.0,0.13030672,0.032252014,67_419005
33.0,0.0,0.0,0.0,0.0,0.13030672,0.032252014,67_419005
36.0,0.0,0.0,0.0,0.0,0.13030672,0.032252014,67_419005
39.0,0.0,0.0,0.0,0.0,0.13030672,0.032252014,67_419005
42.0,0.0,0.0,0.0,0.0,0.13030672,0.032252014,67_419005
45.0,0.0,0.0,0.0,0.0,0.13030672,0.032252014,67_419005
48.0,0.0,0.0,0.0,0.0,0.13030672,0.032252014,67_419005
51.0,0.0,0.0,0.0,0.0,0.13030672,0.032252014,67_419005
54.0,0.0,0.0,0.0,0.0,0.13030672,0.032252014,67_419005
57.0,0.0,0.0,0.0,0.0,0.13030672,0.032252014,67_419005
60.0,0.0,0.0,0.0,0.0,0.13030672,0.032252014,67_419005
63.0,0.0,0.0,0.0,0.0,0.13030672,0.032252014,67_419005
66.0,0.0,0.0,0.0,0.0,0.13030672,0.032252014,67_419005
69.0,0.0,0.0,0.0,0.0,0.13030672,0.032252014,67_419005
