relative_time,g_flux,g_uncert,r_flux,r_uncert,redshift,mwebv,id
-30.0,0.0,0.0,0.0,0.0,0.045719724,0.028152656,67_5248113
-27.0,0.0,0.0,0.0,0.0,0.045719724,0.028152656,67_5248113
-24.0,0.0,0.0,0.0,0.0,0.045719724,0.028152656,67_5248113
-21.0,0.0,0.0,0.0,0.0,0.045719724,0.028152656,67_5248113
-18.0,0.0,0.0,0.0,0.0,0.045719724,0.028152656,67_5248113
-15.0,0.0,0.0,0.0,0.0,0.045719724,0.028152656,67_5248113
-12.0,0.0,0.0,0.0,0.0,0.045719724,0.028152656,67_5248113
-9.0,0.0,0.0,0.0,0.0,0.045719724,0.028152656,67_5248113
-6.0,0.0,0.0,3509.979736328125,290.2470703125,0.045719724,0.028152656,67_5248113
-3.0,0.0,0.0,0.0,0.0,0.045719724,0.028152656,67_5248113
0.0,3008.046142578125,190.05120849609375,0.0,0.0,0.045719724,0.028152656,67_5248113
3.0,0.0,0.0,0.0,0.0,0.045719724,0.028152656,67_5248113
6.0,0.0,0.0,0.0,0.0,0.045719724,0.028152656,67_5248113
9.0,0.0,0.0,0.0,0.0,0.045719724,0.028152656,67_5248113
12.0,0.0,0.0,0.0,0.0,0.045719724,0.028152656,67_5248113
15.0,0.0,0.0,0.0,0.0,0.045719724,0.028152656,67_5248113
18.0,0.0,0.0,0.0,0.0,0.045719724,0.028152656,67_5248113
21.0,697.0507202148438,228.4108123779297,1049.30029296875,85.17931762277948,0.045719724,0.028152656,67_5248113
24.0,0.0,0.0,0.0,0.0,0.045719724,0.028152656,67_5248113
27.0,344.7126770019531,207.8663330078125,574.6398315429688,319.3333109532409,0.045719724,0.028152656,67_5248113
30.0,0.0,0.0,0.0,0.0,0.045719724,0.028152656,67_5248113
33.0,0.0,0.0,0.0,0.0,0.045719724,0.028152656,67_5248113
36.0,0.0,0.0,0.0,0.0,0.045719724,0.028152656,67_5248113
39.0,127.9366683959961,25.52838134765625,503.6712646484375,59.34158663767795,0.045719724,0.028152656,67_5248113
42.0,0.0,0.0,0.0,0.0,0.045719724,0.028152656,67_5248113
45.0,0.0,0.0,0.0,0.0,0.045719724,0.028152656,67_5248113
48.0,0.0,0.0,0.0,0.0,0.045719724,0.028152656,67_5248113
51.0,0.0,0.0,0.0,0.0,0.045719724,0.028152656,67_5248113
54.0,0.0,0.0,0.0,0.0,0.045719724,0.028152656,67_5248113
57.0,0.0,0.0,0.0,0.0,0.045719724,0.028152656,67_5248113
60.0,0.0,0.0,0.0,0.0,0.045719724,0.028152656,67_5248113
63.0,0.0,0.0,0.0,0.0,0.045719724,0.028152656,67_5248113
66.0,0.0,0.0,0.0,0.0,0.045719724,0.028152656,67_5248113
69.0,0.0,0.0,0.0,0.0,0.045719724,0.028152656,67_5248113
