relative_time,g_flux,g_uncert,r_flux,r_uncert,redshift,mwebv,id
-30.0,0.0,0.0,2625.47607421875,151.7262420654297,0.067344464,0.028359566,67_513112
-27.0,0.0,0.0,0.0,0.0,0.067344464,0.028359566,67_513112
-24.0,0.0,0.0,0.0,0.0,0.067344464,0.028359566,67_513112
-21.0,0.0,0.0,1986.9686279296875,320.265380859375,0.067344464,0.028359566,67_513112
-18.0,0.0,0.0,0.0,0.0,0.067344464,0.028359566,67_513112
-15.0,0.0,0.0,1093.8546142578125,285.6567687988281,0.067344464,0.028359566,67_513112
-12.0,74.53379821777344,77.404541015625,477.5289611816406,96.73358010257714,0.067344464,0.028359566,67_513112
-9.0,0.0,0.0,0.0,0.0,0.067344464,0.028359566,67_513112
-6.0,78.02790069580078,84.02589416503906,303.3157653808594,143.51251966782263,0.067344464,0.028359566,67_513112
-3.0,0.0,0.0,0.0,0.0,0.067344464,0.028359566,67_513112
0.0,17.221681594848633,39.32151412963867,229.09747314453125,52.871687985980344,0.067344464,0.028359566,67_513112
3.0,177.0081787109375,83.18932342529297,0.0,0.0,0.067344464,0.028359566,67_513112
6.0,-94.90785217285156,117.87401580810547,0.0,0.0,0.067344464,0.028359566,67_513112
9.0,0.0,0.0,0.0,0.0,0.067344464,0.028359566,67_513112
12.0,0.0,0.0,0.0,0.0,0.067344464,0.028359566,67_513112
15.0,77.57347106933594,423.0034484863281,0.0,0.0,0.067344464,0.028359566,67_513112
18.0,0.0,0.0,0.0,0.0,0.067344464,0.028359566,67_513112
21.0,515.4570922851562,448.0735778808594,0.0,0.0,0.067344464,0.028359566,67_513112
24.0,0.0,0.0,0.0,0.0,0.067344464,0.028359566,67_513112
27.0,0.0,0.0,0.0,0.0,0.067344464,0.028359566,67_513112
30.0,0.0,0.0,0.0,0.0,0.067344464,0.028359566,67_513112
33.0,0.0,0.0,0.0,0.0,0.067344464,0.028359566,67_513112
36.0,0.0,0.0,0.0,0.0,0.067344464,0.028359566,67_513112
39.0,0.0,0.0,0.0,0.0,0.067344464,0.028359566,67_513112
42.0,0.0,0.0,0.0,0.0,0.067344464,0.028359566,67_513112
45.0,0.0,0.0,0.0,0.0,0.067344464,0.028359566,67_513112
48.0,0.0,0.0,0.0,0.0,0.067344464,0.028359566,67_513112
51.0,0.0,0.0,0.0,0.0,0.067344464,0.028359566,67_513112
54.0,0.0,0.0,0.0,0.0,0.067344464,0.028359566,67_513112
57.0,0.0,0.0,0.0,0.0,0.067344464,0.028359566,67_513112
60.0,0.0,0.0,0.0,0.0,0.067344464,0.028359566,67_513112
63.0,0.0,0.0,0.0,0.0,0.067344464,0.028359566,67_513112
66.0,0.0,0.0,0.0,0.0,0.067344464,0.028359566,67_513112
69.0,0.0,0.0,0.0,0.0,0.067344464,0.028359566,67_513112
