relative_time,g_flux,g_uncert,r_flux,r_uncert,redshift,mwebv,id
-30.0,-984.3251342773438,890.2676391601562,0.0,0.0,0.05785903,0.3582452,67_5281152
-27.0,-11.73540210723877,152.0609130859375,-81.13393974304199,330.9415400010093,0.05785903,0.3582452,67_5281152
-24.0,0.0,0.0,0.0,0.0,0.05785903,0.3582452,67_5281152
-21.0,132.19155883789062,93.16837565104167,-216.52845255533853,193.52597587144962,0.05785903,0.3582452,67_5281152
-18.0,0.0,0.0,66.16663360595703,294.8457336425781,0.05785903,0.3582452,67_5281152
-15.0,0.0,0.0,0.0,0.0,0.05785903,0.3582452,67_5281152
-12.0,0.0,0.0,85.25669860839844,261.4928894042969,0.05785903,0.3582452,67_5281152
-9.0,0.0,0.0,0.0,0.0,0.05785903,0.3582452,67_5281152
-6.0,0.0,0.0,1713.5078531901042,1213.7902023479662,0.05785903,0.3582452,67_5281152
-3.0,1116.1654052734375,570.7715657552084,1006.974609375,235.89795863399428,0.05785903,0.3582452,67_5281152
0.0,349.0293502807617,396.2893829345703,1534.874267578125,269.6198757058385,0.05785903,0.3582452,67_5281152
3.0,230.21392211914062,133.21889953613282,1623.091650390625,326.39183497366463,0.05785903,0.3582452,67_5281152
6.0,61.02764129638672,366.2057189941406,996.7657470703125,498.4847741381468,0.05785903,0.3582452,67_5281152
9.0,0.0,0.0,0.0,0.0,0.05785903,0.3582452,67_5281152
12.0,-134.97708129882812,139.7935333251953,706.8841552734375,139.35532176940293,0.05785903,0.3582452,67_5281152
15.0,0.0,0.0,0.0,0.0,0.05785903,0.3582452,67_5281152
18.0,0.0,0.0,0.0,0.0,0.05785903,0.3582452,67_5281152
21.0,0.0,0.0,0.0,0.0,0.05785903,0.3582452,67_5281152
24.0,0.0,0.0,0.0,0.0,0.05785903,0.3582452,67_5281152
27.0,0.0,0.0,0.0,0.0,0.05785903,0.3582452,67_5281152
30.0,0.0,0.0,0.0,0.0,0.05785903,0.3582452,67_5281152
33.0,0.0,0.0,0.0,0.0,0.05785903,0.3582452,67_5281152
36.0,0.0,0.0,0.0,0.0,0.05785903,0.3582452,67_5281152
39.0,0.0,0.0,0.0,0.0,0.05785903,0.3582452,67_5281152
42.0,0.0,0.0,0.0,0.0,0.05785903,0.3582452,67_5281152
45.0,0.0,0.0,0.0,0.0,0.05785903,0.3582452,67_5281152
48.0,0.0,0.0,0.0,0.0,0.05785903,0.3582452,67_5281152
51.0,0.0,0.0,0.0,0.0,0.05785903,0.3582452,67_5281152
54.0,0.0,0.0,0.0,0.0,0.05785903,0.3582452,67_5281152
57.0,0.0,0.0,0.0,0.0,0.05785903,0.3582452,67_5281152
60.0,0.0,0.0,0.0,0.0,0.05785903,0.3582452,67_5281152
63.0,0.0,0.0,0.0,0.0,0.05785903,0.3582452,67_5281152
66.0,0.0,0.0,0.0,0.0,0.05785903,0.3582452,67_5281152
69.0,0.0,0.0,0.0,0.0,0.05785903,0.3582452,67_5281152
