relative_time,g_flux,g_uncert,r_flux,r_uncert,redshift,mwebv,id
-30.0,0.0,0.0,0.0,0.0,0.045318805,0.019617481,67_5213738
-27.0,0.0,0.0,0.0,0.0,0.045318805,0.019617481,67_5213738
-24.0,0.0,0.0,0.0,0.0,0.045318805,0.019617481,67_5213738
-21.0,0.0,0.0,0.0,0.0,0.045318805,0.019617481,67_5213738
-18.0,0.0,0.0,0.0,0.0,0.045318805,0.019617481,67_5213738
-15.0,0.0,0.0,0.0,0.0,0.045318805,0.019617481,67_5213738
-12.0,0.0,0.0,0.0,0.0,0.045318805,0.019617481,67_5213738
-9.0,0.0,0.0,0.0,0.0,0.045318805,0.019617481,67_5213738
-6.0,0.0,0.0,0.0,0.0,0.045318805,0.019617481,67_5213738
-3.0,0.0,0.0,6479.55517578125,132.9122772216797,0.045318805,0.019617481,67_5213738
0.0,775.6071166992188,105.60247802734375,2923.04833984375,161.88132738070905,0.045318805,0.019617481,67_5213738
3.0,550.7879028320312,48.19866180419922,2174.26513671875,76.65711426054621,0.045318805,0.019617481,67_5213738
6.0,0.0,0.0,3472.432373046875,140.37818908691406,0.045318805,0.019617481,67_5213738
9.0,-20.81290626525879,475.8506164550781,0.0,0.0,0.045318805,0.019617481,67_5213738
12.0,0.0,0.0,0.0,0.0,0.045318805,0.019617481,67_5213738
15.0,0.0,0.0,0.0,0.0,0.045318805,0.019617481,67_5213738
18.0,0.0,0.0,0.0,0.0,0.045318805,0.019617481,67_5213738
21.0,0.0,0.0,0.0,0.0,0.045318805,0.019617481,67_5213738
24.0,0.0,0.0,0.0,0.0,0.045318805,0.019617481,67_5213738
27.0,0.0,0.0,0.0,0.0,0.045318805,0.019617481,67_5213738
30.0,0.0,0.0,0.0,0.0,0.045318805,0.019617481,67_5213738
33.0,0.0,0.0,0.0,0.0,0.045318805,0.019617481,67_5213738
36.0,0.0,0.0,0.0,0.0,0.045318805,0.019617481,67_5213738
39.0,0.0,0.0,0.0,0.0,0.045318805,0.019617481,67_5213738
42.0,0.0,0.0,0.0,0.0,0.045318805,0.019617481,67_5213738
45.0,0.0,0.0,0.0,0.0,0.045318805,0.019617481,67_5213738
48.0,0.0,0.0,0.0,0.0,0.045318805,0.019617481,67_5213738
51.0,0.0,0.0,679.328857421875,250.15553283691406,0.045318805,0.019617481,67_5213738
54.0,0.0,0.0,0.0,0.0,0.045318805,0.019617481,67_5213738
57.0,0.0,0.0,0.0,0.0,0.045318805,0.019617481,67_5213738
60.0,0.0,0.0,0.0,0.0,0.045318805,0.019617481,67_5213738
63.0,126.6054458618164,77.54679107666016,0.0,0.0,0.045318805,0.019617481,67_5213738
66.0,0.0,0.0,0.0,0.0,0.045318805,0.019617481,67_5213738
69.0,0.0,0.0,0.0,0.0,0.045318805,0.019617481,67_5213738
