relative_time,g_flux,g_uncert,r_flux,r_uncert,redshift,mwebv,id
-30.0,0.0,0.0,0.0,0.0,0.031613816,0.025887411,67_5154137
-27.0,64.47440338134766,88.02162170410156,0.0,0.0,0.031613816,0.025887411,67_5154137
-24.0,0.0,0.0,0.0,0.0,0.031613816,0.025887411,67_5154137
-21.0,0.0,0.0,0.0,0.0,0.031613816,0.025887411,67_5154137
-18.0,-305.7676696777344,182.70611572265625,0.0,0.0,0.031613816,0.025887411,67_5154137
-15.0,195.18426513671875,178.20962524414062,0.0,0.0,0.031613816,0.025887411,67_5154137
-12.0,178.54458618164062,94.32552337646484,415.2210998535156,109.41329426143344,0.031613816,0.025887411,67_5154137
-9.0,937.4085083007812,247.38870239257812,0.0,0.0,0.031613816,0.025887411,67_5154137
-6.0,0.0,0.0,0.0,0.0,0.031613816,0.025887411,67_5154137
-3.0,3328.7041015625,106.84856414794922,0.0,0.0,0.031613816,0.025887411,67_5154137
0.0,4683.1181640625,219.0489044189453,0.0,0.0,0.031613816,0.025887411,67_5154137
3.0,0.0,0.0,0.0,0.0,0.031613816,0.025887411,67_5154137
6.0,1682.3416748046875,61.37789535522461,5626.62744140625,125.15559129707009,0.031613816,0.025887411,67_5154137
9.0,0.0,0.0,0.0,0.0,0.031613816,0.025887411,67_5154137
12.0,0.0,0.0,0.0,0.0,0.031613816,0.025887411,67_5154137
15.0,0.0,0.0,0.0,0.0,0.031613816,0.025887411,67_5154137
18.0,0.0,0.0,0.0,0.0,0.031613816,0.025887411,67_5154137
21.0,0.0,0.0,0.0,0.0,0.031613816,0.025887411,67_5154137
24.0,0.0,0.0,0.0,0.0,0.031613816,0.025887411,67_5154137
27.0,0.0,0.0,0.0,0.0,0.031613816,0.025887411,67_5154137
30.0,0.0,0.0,0.0,0.0,0.031613816,0.025887411,67_5154137
33.0,0.0,0.0,0.0,0.0,0.031613816,0.025887411,67_5154137
36.0,0.0,0.0,0.0,0.0,0.031613816,0.025887411,67_5154137
39.0,0.0,0.0,0.0,0.0,0.031613816,0.025887411,67_5154137
42.0,0.0,0.0,0.0,0.0,0.031613816,0.025887411,67_5154137
45.0,0.0,0.0,0.0,0.0,0.031613816,0.025887411,67_5154137
48.0,0.0,0.0,0.0,0.0,0.031613816,0.025887411,67_5154137
51.0,0.0,0.0,0.0,0.0,0.031613816,0.025887411,67_5154137
54.0,0.0,0.0,0.0,0.0,0.031613816,0.025887411,67_5154137
57.0,0.0,0.0,0.0,0.0,0.031613816,0.025887411,67_5154137
60.0,0.0,0.0,0.0,0.0,0.031613816,0.025887411,67_5154137
63.0,0.0,0.0,0.0,0.0,0.031613816,0.025887411,67_5154137
66.0,0.0,0.0,0.0,0.0,0.031613816,0.025887411,67_5154137
69.0,0.0,0.0,0.0,0.0,0.031613816,0.025887411,67_5154137
