relative_time,g_flux,g_uncert,r_flux,r_uncert,redshift,mwebv,id
-30.0,0.0,0.0,0.0,0.0,0.09553227,0.0077803615,67_750246
-27.0,41.483280181884766,32.13541793823242,-25.285093307495117,51.78693465254297,0.09553227,0.0077803615,67_750246
-24.0,-16.863061904907227,70.37747192382812,0.0,0.0,0.09553227,0.0077803615,67_750246
-21.0,-11.732872009277344,85.84909057617188,53.83781433105469,59.41274939975247,0.09553227,0.0077803615,67_750246
-18.0,0.0,0.0,0.0,0.0,0.09553227,0.0077803615,67_750246
-15.0,0.0,0.0,0.0,0.0,0.09553227,0.0077803615,67_750246
-12.0,0.0,0.0,485.7695007324219,116.29468536376953,0.09553227,0.0077803615,67_750246
-9.0,0.0,0.0,0.0,0.0,0.09553227,0.0077803615,67_750246
-6.0,185.5281219482422,45.502532958984375,521.820068359375,64.37658268200543,0.09553227,0.0077803615,67_750246
-3.0,0.0,0.0,0.0,0.0,0.09553227,0.0077803615,67_750246
0.0,0.0,0.0,1159.3060302734375,99.56350708007812,0.09553227,0.0077803615,67_750246
3.0,0.0,0.0,1197.9638671875,92.08211517333984,0.09553227,0.0077803615,67_750246
6.0,0.0,0.0,722.1058349609375,153.44993591308594,0.09553227,0.0077803615,67_750246
9.0,0.0,0.0,0.0,0.0,0.09553227,0.0077803615,67_750246
12.0,0.0,0.0,0.0,0.0,0.09553227,0.0077803615,67_750246
15.0,0.0,0.0,0.0,0.0,0.09553227,0.0077803615,67_750246
18.0,0.0,0.0,0.0,0.0,0.09553227,0.0077803615,67_750246
21.0,0.0,0.0,0.0,0.0,0.09553227,0.0077803615,67_750246
24.0,0.0,0.0,0.0,0.0,0.09553227,0.0077803615,67_750246
27.0,0.0,0.0,0.0,0.0,0.09553227,0.0077803615,67_750246
30.0,0.0,0.0,0.0,0.0,0.09553227,0.0077803615,67_750246
33.0,0.0,0.0,0.0,0.0,0.09553227,0.0077803615,67_750246
36.0,0.0,0.0,0.0,0.0,0.09553227,0.0077803615,67_750246
39.0,0.0,0.0,0.0,0.0,0.09553227,0.0077803615,67_750246
42.0,0.0,0.0,0.0,0.0,0.09553227,0.0077803615,67_750246
45.0,0.0,0.0,0.0,0.0,0.09553227,0.0077803615,67_750246
48.0,0.0,0.0,0.0,0.0,0.09553227,0.0077803615,67_750246
51.0,0.0,0.0,0.0,0.0,0.09553227,0.0077803615,67_750246
54.0,0.0,0.0,0.0,0.0,0.09553227,0.0077803615,67_750246
57.0,0.0,0.0,0.0,0.0,0.09553227,0.0077803615,67_750246
60.0,0.0,0.0,0.0,0.0,0.09553227,0.0077803615,67_750246
63.0,0.0,0.0,0.0,0.0,0.09553227,0.0077803615,67_750246
66.0,0.0,0.0,0.0,0.0,0.09553227,0.0077803615,67_750246
69.0,0.0,0.0,-5.408334016799927,174.69456537470495,0.09553227,0.0077803615,67_750246
