relative_time,g_flux,g_uncert,r_flux,r_uncert,redshift,mwebv,id
-30.0,0.0,0.0,0.0,0.0,0.045405127,0.02435988,67_820138
-27.0,0.0,0.0,0.0,0.0,0.045405127,0.02435988,67_820138
-24.0,0.0,0.0,0.0,0.0,0.045405127,0.02435988,67_820138
-21.0,0.0,0.0,0.0,0.0,0.045405127,0.02435988,67_820138
-18.0,0.0,0.0,0.0,0.0,0.045405127,0.02435988,67_820138
-15.0,0.0,0.0,0.0,0.0,0.045405127,0.02435988,67_820138
-12.0,0.0,0.0,0.0,0.0,0.045405127,0.02435988,67_820138
-9.0,0.0,0.0,0.0,0.0,0.045405127,0.02435988,67_820138
-6.0,-55.4458122253418,576.4716186523438,0.0,0.0,0.045405127,0.02435988,67_820138
-3.0,0.0,0.0,0.0,0.0,0.045405127,0.02435988,67_820138
0.0,1074.889404296875,65.23025512695312,1594.5986328125,110.24435188951743,0.045405127,0.02435988,67_820138
3.0,0.0,0.0,0.0,0.0,0.045405127,0.02435988,67_820138
6.0,0.0,0.0,0.0,0.0,0.045405127,0.02435988,67_820138
9.0,0.0,0.0,0.0,0.0,0.045405127,0.02435988,67_820138
12.0,0.0,0.0,0.0,0.0,0.045405127,0.02435988,67_820138
15.0,0.0,0.0,0.0,0.0,0.045405127,0.02435988,67_820138
18.0,0.0,0.0,0.0,0.0,0.045405127,0.02435988,67_820138
21.0,0.0,0.0,0.0,0.0,0.045405127,0.02435988,67_820138
24.0,0.0,0.0,0.0,0.0,0.045405127,0.02435988,67_820138
27.0,0.0,0.0,0.0,0.0,0.045405127,0.02435988,67_820138
30.0,0.0,0.0,0.0,0.0,0.045405127,0.02435988,67_820138
33.0,0.0,0.0,0.0,0.0,0.045405127,0.02435988,67_820138
36.0,0.0,0.0,0.0,0.0,0.045405127,0.02435988,67_820138
39.0,0.0,0.0,0.0,0.0,0.045405127,0.02435988,67_820138
42.0,0.0,0.0,0.0,0.0,0.045405127,0.02435988,67_820138
45.0,0.0,0.0,0.0,0.0,0.045405127,0.02435988,67_820138
48.0,0.0,0.0,0.0,0.0,0.045405127,0.02435988,67_820138
51.0,0.0,0.0,0.0,0.0,0.045405127,0.02435988,67_820138
54.0,0.0,0.0,0.0,0.0,0.045405127,0.02435988,67_820138
57.0,0.0,0.0,0.0,0.0,0.045405127,0.02435988,67_820138
60.0,0.0,0.0,0.0,0.0,0.045405127,0.02435988,67_820138
63.0,0.0,0.0,0.0,0.0,0.045405127,0.02435988,67_820138
66.0,0.0,0.0,0.0,0.0,0.045405127,0.02435988,67_820138
69.0,0.0,0.0,0.0,0.0,0.045405127,0.02435988,67_820138
