relative_time,g_flux,g_uncert,r_flux,r_uncert,redshift,mwebv,id
-30.0,0.0,0.0,0.0,0.0,0.03165243,0.0126172155,67_988531
-27.0,0.0,0.0,-230.9244842529297,209.1773681640625,0.03165243,0.0126172155,67_988531
-24.0,854.893798828125,141.4693603515625,0.0,0.0,0.03165243,0.0126172155,67_988531
-21.0,2481.129638671875,142.85353088378906,0.0,0.0,0.03165243,0.0126172155,67_988531
-18.0,0.0,0.0,0.0,0.0,0.03165243,0.0126172155,67_988531
-15.0,0.0,0.0,0.0,0.0,0.03165243,0.0126172155,67_988531
-12.0,0.0,0.0,0.0,0.0,0.03165243,0.0126172155,67_988531
-9.0,0.0,0.0,0.0,0.0,0.03165243,0.0126172155,67_988531
-6.0,0.0,0.0,0.0,0.0,0.03165243,0.0126172155,67_988531
-3.0,0.0,0.0,0.0,0.0,0.03165243,0.0126172155,67_988531
0.0,1736.0245361328125,167.56515502929688,0.0,0.0,0.03165243,0.0126172155,67_988531
3.0,1782.6834716796875,176.56434631347656,0.0,0.0,0.03165243,0.0126172155,67_988531
6.0,597.5625305175781,153.20623970031738,2282.8920288085938,172.3318571988644,0.03165243,0.0126172155,67_988531
9.0,0.0,0.0,0.0,0.0,0.03165243,0.0126172155,67_988531
12.0,0.0,0.0,0.0,0.0,0.03165243,0.0126172155,67_988531
15.0,0.0,0.0,0.0,0.0,0.03165243,0.0126172155,67_988531
18.0,648.004150390625,42.78996276855469,0.0,0.0,0.03165243,0.0126172155,67_988531
21.0,0.0,0.0,0.0,0.0,0.03165243,0.0126172155,67_988531
24.0,0.0,0.0,0.0,0.0,0.03165243,0.0126172155,67_988531
27.0,0.0,0.0,0.0,0.0,0.03165243,0.0126172155,67_988531
30.0,0.0,0.0,0.0,0.0,0.03165243,0.0126172155,67_988531
33.0,0.0,0.0,0.0,0.0,0.03165243,0.0126172155,67_988531
36.0,0.0,0.0,0.0,0.0,0.03165243,0.0126172155,67_988531
39.0,0.0,0.0,0.0,0.0,0.03165243,0.0126172155,67_988531
42.0,0.0,0.0,0.0,0.0,0.03165243,0.0126172155,67_988531
45.0,0.0,0.0,0.0,0.0,0.03165243,0.0126172155,67_988531
48.0,0.0,0.0,0.0,0.0,0.03165243,0.0126172155,67_988531
51.0,0.0,0.0,0.0,0.0,0.03165243,0.0126172155,67_988531
54.0,0.0,0.0,0.0,0.0,0.03165243,0.0126172155,67_988531
57.0,0.0,0.0,0.0,0.0,0.03165243,0.0126172155,67_988531
60.0,0.0,0.0,0.0,0.0,0.03165243,0.0126172155,67_988531
63.0,0.0,0.0,0.0,0.0,0.03165243,0.0126172155,67_988531
66.0,0.0,0.0,0.0,0.0,0.03165243,0.0126172155,67_988531
69.0,0.0,0.0,0.0,0.0,0.03165243,0.0126172155,67_988531
