relative_time,g_flux,g_uncert,r_flux,r_uncert,redshift,mwebv,id
-30.0,0.0,0.0,0.0,0.0,0.11821116,0.034627277,90_18285451
-27.0,0.0,0.0,0.0,0.0,0.11821116,0.034627277,90_18285451
-24.0,0.0,0.0,0.0,0.0,0.11821116,0.034627277,90_18285451
-21.0,0.0,0.0,0.0,0.0,0.11821116,0.034627277,90_18285451
-18.0,0.0,0.0,0.0,0.0,0.11821116,0.034627277,90_18285451
-15.0,345.4768371582031,135.65907287597656,463.5101318359375,112.86682725890338,0.11821116,0.034627277,90_18285451
-12.0,0.0,0.0,1131.509765625,160.29264742989187,0.11821116,0.034627277,90_18285451
-9.0,384.81072998046875,59.86132049560547,546.0111694335938,87.24206665955091,0.11821116,0.034627277,90_18285451
-6.0,0.0,0.0,0.0,0.0,0.11821116,0.034627277,90_18285451
-3.0,0.0,0.0,0.0,0.0,0.11821116,0.034627277,90_18285451
0.0,220.9315948486328,40.511451721191406,295.1262512207031,55.69185567711755,0.11821116,0.034627277,90_18285451
3.0,0.0,0.0,0.0,0.0,0.11821116,0.034627277,90_18285451
6.0,0.0,0.0,0.0,0.0,0.11821116,0.034627277,90_18285451
9.0,0.0,0.0,0.0,0.0,0.11821116,0.034627277,90_18285451
12.0,0.0,0.0,0.0,0.0,0.11821116,0.034627277,90_18285451
15.0,0.0,0.0,0.0,0.0,0.11821116,0.034627277,90_18285451
18.0,0.0,0.0,0.0,0.0,0.11821116,0.034627277,90_18285451
21.0,0.0,0.0,0.0,0.0,0.11821116,0.034627277,90_18285451
24.0,0.0,0.0,0.0,0.0,0.11821116,0.034627277,90_18285451
27.0,0.0,0.0,0.0,0.0,0.11821116,0.034627277,90_18285451
30.0,0.0,0.0,0.0,0.0,0.11821116,0.034627277,90_18285451
33.0,0.0,0.0,0.0,0.0,0.11821116,0.034627277,90_18285451
36.0,0.0,0.0,0.0,0.0,0.11821116,0.034627277,90_18285451
39.0,0.0,0.0,0.0,0.0,0.11821116,0.034627277,90_18285451
42.0,0.0,0.0,0.0,0.0,0.11821116,0.034627277,90_18285451
45.0,0.0,0.0,0.0,0.0,0.11821116,0.034627277,90_18285451
48.0,0.0,0.0,0.0,0.0,0.11821116,0.034627277,90_18285451
51.0,0.0,0.0,0.0,0.0,0.11821116,0.034627277,90_18285451
54.0,0.0,0.0,0.0,0.0,0.11821116,0.034627277,90_18285451
57.0,0.0,0.0,0.0,0.0,0.11821116,0.034627277,90_18285451
60.0,0.0,0.0,0.0,0.0,0.11821116,0.034627277,90_18285451
63.0,0.0,0.0,0.0,0.0,0.11821116,0.034627277,90_18285451
66.0,0.0,0.0,0.0,0.0,0.11821116,0.034627277,90_18285451
69.0,0.0,0.0,0.0,0.0,0.11821116,0.034627277,90_18285451
