relative_time,g_flux,g_uncert,r_flux,r_uncert,redshift,mwebv,id
-30.0,0.0,0.0,0.0,0.0,0.07038498,0.011795425,90_10925278
-27.0,0.0,0.0,0.0,0.0,0.07038498,0.011795425,90_10925278
-24.0,0.0,0.0,0.0,0.0,0.07038498,0.011795425,90_10925278
-21.0,0.0,0.0,0.0,0.0,0.07038498,0.011795425,90_10925278
-18.0,0.0,0.0,0.0,0.0,0.07038498,0.011795425,90_10925278
-15.0,0.0,0.0,0.0,0.0,0.07038498,0.011795425,90_10925278
-12.0,0.0,0.0,0.0,0.0,0.07038498,0.011795425,90_10925278
-9.0,0.0,0.0,0.0,0.0,0.07038498,0.011795425,90_10925278
-6.0,0.0,0.0,1425.13720703125,236.48666381835938,0.07038498,0.011795425,90_10925278
-3.0,0.0,0.0,0.0,0.0,0.07038498,0.011795425,90_10925278
0.0,178.6969451904297,177.5281524658203,841.1521606445312,170.7062004119158,0.07038498,0.011795425,90_10925278
3.0,0.0,0.0,0.0,0.0,0.07038498,0.011795425,90_10925278
6.0,0.0,0.0,0.0,0.0,0.07038498,0.011795425,90_10925278
9.0,350.2962341308594,79.32511901855469,0.0,0.0,0.07038498,0.011795425,90_10925278
12.0,0.0,0.0,0.0,0.0,0.07038498,0.011795425,90_10925278
15.0,0.0,0.0,0.0,0.0,0.07038498,0.011795425,90_10925278
18.0,0.0,0.0,0.0,0.0,0.07038498,0.011795425,90_10925278
21.0,877.9245052337646,782.2171478271484,0.0,0.0,0.07038498,0.011795425,90_10925278
24.0,1.9478729565938313,73.09701029459636,419.17429606119794,172.8011974833836,0.07038498,0.011795425,90_10925278
27.0,111.44973373413086,61.752052307128906,343.66795349121094,68.9033968394799,0.07038498,0.011795425,90_10925278
30.0,0.0,0.0,0.0,0.0,0.07038498,0.011795425,90_10925278
33.0,0.0,0.0,0.0,0.0,0.07038498,0.011795425,90_10925278
36.0,0.0,0.0,0.0,0.0,0.07038498,0.011795425,90_10925278
39.0,96.25910949707031,53.049842834472656,0.0,0.0,0.07038498,0.011795425,90_10925278
42.0,0.0,0.0,251.72413635253906,93.94689810573445,0.07038498,0.011795425,90_10925278
45.0,0.0,0.0,0.0,0.0,0.07038498,0.011795425,90_10925278
48.0,0.0,0.0,-203.50108337402344,370.29034423828125,0.07038498,0.011795425,90_10925278
51.0,0.0,0.0,0.0,0.0,0.07038498,0.011795425,90_10925278
54.0,120.98243204752605,84.58549245198567,184.6142374674479,86.05024479928072,0.07038498,0.011795425,90_10925278
57.0,60.797279357910156,33.92974344889323,91.47501627604167,38.705879723027486,0.07038498,0.011795425,90_10925278
60.0,0.0,0.0,0.0,0.0,0.07038498,0.011795425,90_10925278
63.0,187.97528076171875,79.48946380615234,0.0,0.0,0.07038498,0.011795425,90_10925278
66.0,0.0,0.0,0.0,0.0,0.07038498,0.011795425,90_10925278
69.0,0.0,0.0,0.0,0.0,0.07038498,0.011795425,90_10925278
