relative_time,g_flux,g_uncert,r_flux,r_uncert,redshift,mwebv,id
-30.0,0.0,0.0,0.0,0.0,0.1068818,0.022977749,90_13278689
-27.0,0.0,0.0,62.255638122558594,125.59412384033203,0.1068818,0.022977749,90_13278689
-24.0,0.0,0.0,0.0,0.0,0.1068818,0.022977749,90_13278689
-21.0,0.0,0.0,0.0,0.0,0.1068818,0.022977749,90_13278689
-18.0,0.0,0.0,0.0,0.0,0.1068818,0.022977749,90_13278689
-15.0,0.0,0.0,724.5272827148438,274.0777282714844,0.1068818,0.022977749,90_13278689
-12.0,483.02178955078125,82.57380676269531,574.1773681640625,86.63666258404467,0.1068818,0.022977749,90_13278689
-9.0,0.0,0.0,0.0,0.0,0.1068818,0.022977749,90_13278689
-6.0,0.0,0.0,0.0,0.0,0.1068818,0.022977749,90_13278689
-3.0,1046.9400634765625,230.2697296142578,0.0,0.0,0.1068818,0.022977749,90_13278689
0.0,342.4487609863281,36.98566818237305,555.6349487304688,54.55597585621294,0.1068818,0.022977749,90_13278689
3.0,750.0504760742188,83.47927856445312,0.0,0.0,0.1068818,0.022977749,90_13278689
6.0,0.0,0.0,0.0,0.0,0.1068818,0.022977749,90_13278689
9.0,0.0,0.0,0.0,0.0,0.1068818,0.022977749,90_13278689
12.0,0.0,0.0,0.0,0.0,0.1068818,0.022977749,90_13278689
15.0,1376.212646484375,757.5120849609375,0.0,0.0,0.1068818,0.022977749,90_13278689
18.0,0.0,0.0,0.0,0.0,0.1068818,0.022977749,90_13278689
21.0,-389.46197509765625,378.4275817871094,0.0,0.0,0.1068818,0.022977749,90_13278689
24.0,0.0,0.0,0.0,0.0,0.1068818,0.022977749,90_13278689
27.0,0.0,0.0,0.0,0.0,0.1068818,0.022977749,90_13278689
30.0,0.0,0.0,0.0,0.0,0.1068818,0.022977749,90_13278689
33.0,0.0,0.0,0.0,0.0,0.1068818,0.022977749,90_13278689
36.0,0.0,0.0,0.0,0.0,0.1068818,0.022977749,90_13278689
39.0,0.0,0.0,0.0,0.0,0.1068818,0.022977749,90_13278689
42.0,0.0,0.0,0.0,0.0,0.1068818,0.022977749,90_13278689
45.0,0.0,0.0,0.0,0.0,0.1068818,0.022977749,90_13278689
48.0,0.0,0.0,0.0,0.0,0.1068818,0.022977749,90_13278689
51.0,0.0,0.0,0.0,0.0,0.1068818,0.022977749,90_13278689
54.0,0.0,0.0,0.0,0.0,0.1068818,0.022977749,90_13278689
57.0,0.0,0.0,0.0,0.0,0.1068818,0.022977749,90_13278689
60.0,0.0,0.0,0.0,0.0,0.1068818,0.022977749,90_13278689
63.0,0.0,0.0,0.0,0.0,0.1068818,0.022977749,90_13278689
66.0,0.0,0.0,0.0,0.0,0.1068818,0.022977749,90_13278689
69.0,0.0,0.0,0.0,0.0,0.1068818,0.022977749,90_13278689
