relative_time,g_flux,g_uncert,r_flux,r_uncert,redshift,mwebv,id
-30.0,0.0,0.0,0.0,0.0,0.06824793,0.018444853,90_10402357
-27.0,0.0,0.0,0.0,0.0,0.06824793,0.018444853,90_10402357
-24.0,0.0,0.0,0.0,0.0,0.06824793,0.018444853,90_10402357
-21.0,0.0,0.0,0.0,0.0,0.06824793,0.018444853,90_10402357
-18.0,0.0,0.0,0.0,0.0,0.06824793,0.018444853,90_10402357
-15.0,0.0,0.0,0.0,0.0,0.06824793,0.018444853,90_10402357
-12.0,0.0,0.0,0.0,0.0,0.06824793,0.018444853,90_10402357
-9.0,0.0,0.0,0.0,0.0,0.06824793,0.018444853,90_10402357
-6.0,0.0,0.0,123.09931945800781,125.68338012695312,0.06824793,0.018444853,90_10402357
-3.0,0.0,0.0,0.0,0.0,0.06824793,0.018444853,90_10402357
0.0,578.5179443359375,82.34220123291016,819.588623046875,78.0052361696576,0.06824793,0.018444853,90_10402357
3.0,0.0,0.0,0.0,0.0,0.06824793,0.018444853,90_10402357
6.0,0.0,0.0,2100.885009765625,197.09503173828125,0.06824793,0.018444853,90_10402357
9.0,1700.6395263671875,210.7727813720703,0.0,0.0,0.06824793,0.018444853,90_10402357
12.0,1547.936279296875,162.989501953125,0.0,0.0,0.06824793,0.018444853,90_10402357
15.0,0.0,0.0,0.0,0.0,0.06824793,0.018444853,90_10402357
18.0,0.0,0.0,1518.6500244140625,108.77850341796875,0.06824793,0.018444853,90_10402357
21.0,0.0,0.0,0.0,0.0,0.06824793,0.018444853,90_10402357
24.0,0.0,0.0,0.0,0.0,0.06824793,0.018444853,90_10402357
27.0,0.0,0.0,0.0,0.0,0.06824793,0.018444853,90_10402357
30.0,0.0,0.0,0.0,0.0,0.06824793,0.018444853,90_10402357
33.0,129.65634155273438,122.18559265136719,401.72869873046875,72.52901589503759,0.06824793,0.018444853,90_10402357
36.0,0.0,0.0,850.131103515625,466.3182373046875,0.06824793,0.018444853,90_10402357
39.0,0.0,0.0,429.0746154785156,249.20388793945312,0.06824793,0.018444853,90_10402357
42.0,81.07762908935547,79.84883880615234,396.8780212402344,223.90837903298424,0.06824793,0.018444853,90_10402357
45.0,0.0,0.0,0.0,0.0,0.06824793,0.018444853,90_10402357
48.0,0.0,0.0,0.0,0.0,0.06824793,0.018444853,90_10402357
51.0,0.0,0.0,307.0052490234375,77.77637481689453,0.06824793,0.018444853,90_10402357
54.0,0.0,0.0,0.0,0.0,0.06824793,0.018444853,90_10402357
57.0,0.0,0.0,0.0,0.0,0.06824793,0.018444853,90_10402357
60.0,0.0,0.0,0.0,0.0,0.06824793,0.018444853,90_10402357
63.0,0.0,0.0,0.0,0.0,0.06824793,0.018444853,90_10402357
66.0,0.0,0.0,0.0,0.0,0.06824793,0.018444853,90_10402357
69.0,0.0,0.0,0.0,0.0,0.06824793,0.018444853,90_10402357
