relative_time,g_flux,g_uncert,r_flux,r_uncert,redshift,mwebv,id
-30.0,0.0,0.0,0.0,0.0,0.12728898,0.02001467,90_14305472
-27.0,-84.0506591796875,78.4325942993164,0.0,0.0,0.12728898,0.02001467,90_14305472
-24.0,0.0,0.0,-31.35799217224121,162.79263305664062,0.12728898,0.02001467,90_14305472
-21.0,0.0,0.0,0.0,0.0,0.12728898,0.02001467,90_14305472
-18.0,0.0,0.0,0.0,0.0,0.12728898,0.02001467,90_14305472
-15.0,151.77458699544272,18.811322530110676,306.31052652994794,47.56252133822837,0.12728898,0.02001467,90_14305472
-12.0,244.7793426513672,42.25286865234375,416.5187072753906,80.24921800372505,0.12728898,0.02001467,90_14305472
-9.0,0.0,0.0,0.0,0.0,0.12728898,0.02001467,90_14305472
-6.0,0.0,0.0,884.3866271972656,138.01132086561776,0.12728898,0.02001467,90_14305472
-3.0,0.0,0.0,0.0,0.0,0.12728898,0.02001467,90_14305472
0.0,0.0,0.0,1005.0314331054688,65.68833923339844,0.12728898,0.02001467,90_14305472
3.0,0.0,0.0,0.0,0.0,0.12728898,0.02001467,90_14305472
6.0,387.4500427246094,71.22442626953125,0.0,0.0,0.12728898,0.02001467,90_14305472
9.0,165.20614624023438,32.734458923339844,252.13648986816406,55.20064326144236,0.12728898,0.02001467,90_14305472
12.0,0.0,0.0,0.0,0.0,0.12728898,0.02001467,90_14305472
15.0,0.0,0.0,573.49658203125,157.42701721191406,0.12728898,0.02001467,90_14305472
18.0,0.0,0.0,482.2664794921875,192.02442932128906,0.12728898,0.02001467,90_14305472
21.0,0.0,0.0,0.0,0.0,0.12728898,0.02001467,90_14305472
24.0,0.0,0.0,0.0,0.0,0.12728898,0.02001467,90_14305472
27.0,0.0,0.0,0.0,0.0,0.12728898,0.02001467,90_14305472
30.0,0.0,0.0,0.0,0.0,0.12728898,0.02001467,90_14305472
33.0,0.0,0.0,0.0,0.0,0.12728898,0.02001467,90_14305472
36.0,0.0,0.0,0.0,0.0,0.12728898,0.02001467,90_14305472
39.0,0.0,0.0,0.0,0.0,0.12728898,0.02001467,90_14305472
42.0,166.58506774902344,202.53897094726562,0.0,0.0,0.12728898,0.02001467,90_14305472
45.0,0.0,0.0,0.0,0.0,0.12728898,0.02001467,90_14305472
48.0,0.0,0.0,0.0,0.0,0.12728898,0.02001467,90_14305472
51.0,0.0,0.0,0.0,0.0,0.12728898,0.02001467,90_14305472
54.0,0.0,0.0,0.0,0.0,0.12728898,0.02001467,90_14305472
57.0,0.0,0.0,0.0,0.0,0.12728898,0.02001467,90_14305472
60.0,0.0,0.0,0.0,0.0,0.12728898,0.02001467,90_14305472
63.0,0.0,0.0,0.0,0.0,0.12728898,0.02001467,90_14305472
66.0,0.0,0.0,0.0,0.0,0.12728898,0.02001467,90_14305472
69.0,0.0,0.0,0.0,0.0,0.12728898,0.02001467,90_14305472
