relative_time,g_flux,g_uncert,r_flux,r_uncert,redshift,mwebv,id
-30.0,0.0,0.0,0.0,0.0,0.0,0.023498215,90_119244777
-27.0,0.0,0.0,0.0,0.0,0.0,0.023498215,90_119244777
-24.0,0.0,0.0,0.0,0.0,0.0,0.023498215,90_119244777
-21.0,0.0,0.0,0.0,0.0,0.0,0.023498215,90_119244777
-18.0,0.0,0.0,0.0,0.0,0.0,0.023498215,90_119244777
-15.0,0.0,0.0,0.0,0.0,0.0,0.023498215,90_119244777
-12.0,0.0,0.0,0.0,0.0,0.0,0.023498215,90_119244777
-9.0,0.0,0.0,0.0,0.0,0.0,0.023498215,90_119244777
-6.0,0.0,0.0,0.0,0.0,0.0,0.023498215,90_119244777
-3.0,0.0,0.0,0.0,0.0,0.0,0.023498215,90_119244777
0.0,-371.0621337890625,45.77734375,-767.4342651367188,93.78748167418684,0.0,0.023498215,90_119244777
3.0,-918.781982421875,141.10218811035156,0.0,0.0,0.0,0.023498215,90_119244777
6.0,0.0,0.0,0.0,0.0,0.0,0.023498215,90_119244777
9.0,-1023.6281127929688,79.26720428466797,0.0,0.0,0.0,0.023498215,90_119244777
12.0,0.0,0.0,0.0,0.0,0.0,0.023498215,90_119244777
15.0,0.0,0.0,0.0,0.0,0.0,0.023498215,90_119244777
18.0,-852.0201416015625,79.99824523925781,0.0,0.0,0.0,0.023498215,90_119244777
21.0,-965.56396484375,79.7917251586914,0.0,0.0,0.0,0.023498215,90_119244777
24.0,0.0,0.0,0.0,0.0,0.0,0.023498215,90_119244777
27.0,-966.05517578125,91.59920501708984,0.0,0.0,0.0,0.023498215,90_119244777
30.0,-493.8868103027344,49.8848991394043,-1136.3731689453125,99.94313881818383,0.0,0.023498215,90_119244777
33.0,-554.60888671875,61.11825942993164,-1152.6658935546875,105.77449315880368,0.0,0.023498215,90_119244777
36.0,0.0,0.0,-2463.275146484375,176.14015197753906,0.0,0.023498215,90_119244777
39.0,0.0,0.0,0.0,0.0,0.0,0.023498215,90_119244777
42.0,0.0,0.0,0.0,0.0,0.0,0.023498215,90_119244777
45.0,0.0,0.0,0.0,0.0,0.0,0.023498215,90_119244777
48.0,0.0,0.0,0.0,0.0,0.0,0.023498215,90_119244777
51.0,0.0,0.0,0.0,0.0,0.0,0.023498215,90_119244777
54.0,0.0,0.0,0.0,0.0,0.0,0.023498215,90_119244777
57.0,0.0,0.0,0.0,0.0,0.0,0.023498215,90_119244777
60.0,0.0,0.0,0.0,0.0,0.0,0.023498215,90_119244777
63.0,0.0,0.0,0.0,0.0,0.0,0.023498215,90_119244777
66.0,0.0,0.0,0.0,0.0,0.0,0.023498215,90_119244777
69.0,0.0,0.0,0.0,0.0,0.0,0.023498215,90_119244777
