relative_time,g_flux,g_uncert,r_flux,r_uncert,redshift,mwebv,id
-30.0,179.23562622070312,100.843017578125,0.0,0.0,0.0,0.019520873,90_133605667
-27.0,103.22551727294922,115.90924072265625,0.0,0.0,0.0,0.019520873,90_133605667
-24.0,44.64462661743164,72.38253784179688,283.2499084472656,119.57214943983836,0.0,0.019520873,90_133605667
-21.0,126.04100799560547,71.08216857910156,548.6937866210938,137.43364126917055,0.0,0.019520873,90_133605667
-18.0,266.8033142089844,116.99630737304688,0.0,0.0,0.0,0.019520873,90_133605667
-15.0,0.0,0.0,0.0,0.0,0.0,0.019520873,90_133605667
-12.0,0.0,0.0,0.0,0.0,0.0,0.019520873,90_133605667
-9.0,0.0,0.0,0.0,0.0,0.0,0.019520873,90_133605667
-6.0,306.18939208984375,48.84236145019531,1118.4713134765625,100.98547826067814,0.0,0.019520873,90_133605667
-3.0,0.0,0.0,0.0,0.0,0.0,0.019520873,90_133605667
0.0,398.6707458496094,53.35092544555664,1336.574951171875,109.47001515298462,0.0,0.019520873,90_133605667
3.0,578.9992065429688,63.31018829345703,1409.0684814453125,117.38198070194962,0.0,0.019520873,90_133605667
6.0,0.0,0.0,0.0,0.0,0.0,0.019520873,90_133605667
9.0,0.0,0.0,0.0,0.0,0.0,0.019520873,90_133605667
12.0,0.0,0.0,0.0,0.0,0.0,0.019520873,90_133605667
15.0,1437.1363525390625,103.07097625732422,0.0,0.0,0.0,0.019520873,90_133605667
18.0,0.0,0.0,0.0,0.0,0.0,0.019520873,90_133605667
21.0,0.0,0.0,0.0,0.0,0.0,0.019520873,90_133605667
24.0,0.0,0.0,0.0,0.0,0.0,0.019520873,90_133605667
27.0,0.0,0.0,0.0,0.0,0.0,0.019520873,90_133605667
30.0,0.0,0.0,0.0,0.0,0.0,0.019520873,90_133605667
33.0,0.0,0.0,0.0,0.0,0.0,0.019520873,90_133605667
36.0,0.0,0.0,0.0,0.0,0.0,0.019520873,90_133605667
39.0,0.0,0.0,0.0,0.0,0.0,0.019520873,90_133605667
42.0,0.0,0.0,0.0,0.0,0.0,0.019520873,90_133605667
45.0,0.0,0.0,0.0,0.0,0.0,0.019520873,90_133605667
48.0,0.0,0.0,0.0,0.0,0.0,0.019520873,90_133605667
51.0,0.0,0.0,0.0,0.0,0.0,0.019520873,90_133605667
54.0,0.0,0.0,0.0,0.0,0.0,0.019520873,90_133605667
57.0,0.0,0.0,0.0,0.0,0.0,0.019520873,90_133605667
60.0,0.0,0.0,0.0,0.0,0.0,0.019520873,90_133605667
63.0,0.0,0.0,0.0,0.0,0.0,0.019520873,90_133605667
66.0,0.0,0.0,0.0,0.0,0.0,0.019520873,90_133605667
69.0,0.0,0.0,0.0,0.0,0.0,0.019520873,90_133605667
