relative_time,g_flux,g_uncert,r_flux,r_uncert,redshift,mwebv,id
-30.0,26.732975006103516,25.309968948364258,116.88054656982422,42.37138264317533,0.0,0.021383744,90_18213288
-27.0,0.0,0.0,0.0,0.0,0.0,0.021383744,90_18213288
-24.0,0.0,0.0,0.0,0.0,0.0,0.021383744,90_18213288
-21.0,12.265680313110352,25.51770782470703,176.8428955078125,46.967325862845556,0.0,0.021383744,90_18213288
-18.0,0.0,0.0,357.92816162109375,74.41386413574219,0.0,0.021383744,90_18213288
-15.0,0.0,0.0,0.0,0.0,0.0,0.021383744,90_18213288
-12.0,0.0,0.0,0.0,0.0,0.0,0.021383744,90_18213288
-9.0,0.0,0.0,0.0,0.0,0.0,0.021383744,90_18213288
-6.0,56.58193588256836,85.65814208984375,0.0,0.0,0.0,0.021383744,90_18213288
-3.0,57.56106185913086,26.079357147216797,242.8577880859375,43.99617130160292,0.0,0.021383744,90_18213288
0.0,2.4842920303344727,26.147403717041016,276.42669677734375,46.32684481978503,0.0,0.021383744,90_18213288
3.0,0.0,0.0,654.481201171875,62.265342712402344,0.0,0.021383744,90_18213288
6.0,35.805511474609375,26.820207595825195,379.6649169921875,47.495546583261195,0.0,0.021383744,90_18213288
9.0,0.0,0.0,0.0,0.0,0.0,0.021383744,90_18213288
12.0,0.0,0.0,0.0,0.0,0.0,0.021383744,90_18213288
15.0,143.39398193359375,40.74294662475586,465.9438171386719,80.97321049829901,0.0,0.021383744,90_18213288
18.0,120.27247619628906,55.61137390136719,400.7915954589844,104.12149510890556,0.0,0.021383744,90_18213288
21.0,117.37594604492188,54.090660095214844,535.6278076171875,108.80545173785976,0.0,0.021383744,90_18213288
24.0,0.0,0.0,838.1539916992188,77.44770050048828,0.0,0.021383744,90_18213288
27.0,0.0,0.0,0.0,0.0,0.0,0.021383744,90_18213288
30.0,0.0,0.0,0.0,0.0,0.0,0.021383744,90_18213288
33.0,0.0,0.0,0.0,0.0,0.0,0.021383744,90_18213288
36.0,0.0,0.0,0.0,0.0,0.0,0.021383744,90_18213288
39.0,0.0,0.0,0.0,0.0,0.0,0.021383744,90_18213288
42.0,0.0,0.0,0.0,0.0,0.0,0.021383744,90_18213288
45.0,0.0,0.0,0.0,0.0,0.0,0.021383744,90_18213288
48.0,0.0,0.0,774.9833984375,134.08413696289062,0.0,0.021383744,90_18213288
51.0,0.0,0.0,0.0,0.0,0.0,0.021383744,90_18213288
54.0,0.0,0.0,0.0,0.0,0.0,0.021383744,90_18213288
57.0,0.0,0.0,0.0,0.0,0.0,0.021383744,90_18213288
60.0,0.0,0.0,0.0,0.0,0.0,0.021383744,90_18213288
63.0,0.0,0.0,0.0,0.0,0.0,0.021383744,90_18213288
66.0,0.0,0.0,0.0,0.0,0.0,0.021383744,90_18213288
69.0,0.0,0.0,0.0,0.0,0.0,0.021383744,90_18213288
