relative_time,g_flux,g_uncert,r_flux,r_uncert,redshift,mwebv,id
-30.0,0.0,0.0,0.0,0.0,0.0,0.023840077,90_100886925
-27.0,10.34360122680664,24.861591339111328,-90.50465393066406,36.203908197205465,0.0,0.023840077,90_100886925
-24.0,0.0,0.0,0.0,0.0,0.0,0.023840077,90_100886925
-21.0,11.467164993286133,46.11699295043945,0.0,0.0,0.0,0.023840077,90_100886925
-18.0,-0.7562353610992432,22.674192428588867,-82.06026458740234,37.864005799441536,0.0,0.023840077,90_100886925
-15.0,0.0,0.0,0.0,0.0,0.0,0.023840077,90_100886925
-12.0,0.0,0.0,0.0,0.0,0.0,0.023840077,90_100886925
-9.0,0.0,0.0,-119.00825500488281,105.83187103271484,0.0,0.023840077,90_100886925
-6.0,0.0,0.0,-255.197021484375,59.59639358520508,0.0,0.023840077,90_100886925
-3.0,-23.5573673248291,22.39862823486328,-97.61544036865234,37.99897282101537,0.0,0.023840077,90_100886925
0.0,-29.278305053710938,23.11992645263672,-65.85858917236328,40.2856140092716,0.0,0.023840077,90_100886925
3.0,-23.274898529052734,23.884593963623047,-69.8353271484375,40.34942905836412,0.0,0.023840077,90_100886925
6.0,-34.67954635620117,22.839305877685547,-130.46080017089844,38.72912617331725,0.0,0.023840077,90_100886925
9.0,8.500587463378906,24.24488067626953,-116.23096466064453,38.35739231815032,0.0,0.023840077,90_100886925
12.0,8.131810188293457,38.31222152709961,-70.75086975097656,68.35306568360363,0.0,0.023840077,90_100886925
15.0,0.0,0.0,0.0,0.0,0.0,0.023840077,90_100886925
18.0,0.0,0.0,0.0,0.0,0.0,0.023840077,90_100886925
21.0,0.0,0.0,0.0,0.0,0.0,0.023840077,90_100886925
24.0,0.0,0.0,0.0,0.0,0.0,0.023840077,90_100886925
27.0,0.0,0.0,0.0,0.0,0.0,0.023840077,90_100886925
30.0,0.0,0.0,0.0,0.0,0.0,0.023840077,90_100886925
33.0,0.0,0.0,0.0,0.0,0.0,0.023840077,90_100886925
36.0,0.0,0.0,0.0,0.0,0.0,0.023840077,90_100886925
39.0,0.0,0.0,0.0,0.0,0.0,0.023840077,90_100886925
42.0,0.0,0.0,0.0,0.0,0.0,0.023840077,90_100886925
45.0,0.0,0.0,0.0,0.0,0.0,0.023840077,90_100886925
48.0,0.0,0.0,0.0,0.0,0.0,0.023840077,90_100886925
51.0,0.0,0.0,0.0,0.0,0.0,0.023840077,90_100886925
54.0,0.0,0.0,0.0,0.0,0.0,0.023840077,90_100886925
57.0,0.0,0.0,0.0,0.0,0.0,0.023840077,90_100886925
60.0,0.0,0.0,0.0,0.0,0.0,0.023840077,90_100886925
63.0,0.0,0.0,0.0,0.0,0.0,0.023840077,90_100886925
66.0,0.0,0.0,0.0,0.0,0.0,0.023840077,90_100886925
69.0,0.0,0.0,0.0,0.0,0.0,0.023840077,90_100886925
