relative_time,g_flux,g_uncert,r_flux,r_uncert,redshift,mwebv,id
-30.0,-77.93219820658366,207.02141316731772,-22.046785990397137,109.39842323984533,0.10067895,0.029598927,90_10761278
-27.0,0.0,0.0,82.11495208740234,96.94181060791016,0.10067895,0.029598927,90_10761278
-24.0,-136.3636474609375,75.82066345214844,0.0,0.0,0.10067895,0.029598927,90_10761278
-21.0,0.0,0.0,0.0,0.0,0.10067895,0.029598927,90_10761278
-18.0,0.0,0.0,0.0,0.0,0.10067895,0.029598927,90_10761278
-15.0,0.0,0.0,0.0,0.0,0.10067895,0.029598927,90_10761278
-12.0,0.0,0.0,0.0,0.0,0.10067895,0.029598927,90_10761278
-9.0,0.0,0.0,840.2239379882812,175.79870541572723,0.10067895,0.029598927,90_10761278
-6.0,498.0303649902344,246.5561065673828,549.7128295898438,85.72924700475131,0.10067895,0.029598927,90_10761278
-3.0,321.49131266276044,162.99310302734375,658.6825561523438,203.47859015621208,0.10067895,0.029598927,90_10761278
0.0,0.0,0.0,1216.818603515625,78.47150421142578,0.10067895,0.029598927,90_10761278
3.0,0.0,0.0,0.0,0.0,0.10067895,0.029598927,90_10761278
6.0,0.0,0.0,0.0,0.0,0.10067895,0.029598927,90_10761278
9.0,248.6313018798828,32.24092483520508,462.87957763671875,49.27085546188749,0.10067895,0.029598927,90_10761278
12.0,0.0,0.0,0.0,0.0,0.10067895,0.029598927,90_10761278
15.0,0.0,0.0,0.0,0.0,0.10067895,0.029598927,90_10761278
18.0,0.0,0.0,0.0,0.0,0.10067895,0.029598927,90_10761278
21.0,0.0,0.0,0.0,0.0,0.10067895,0.029598927,90_10761278
24.0,0.0,0.0,0.0,0.0,0.10067895,0.029598927,90_10761278
27.0,0.0,0.0,0.0,0.0,0.10067895,0.029598927,90_10761278
30.0,0.0,0.0,0.0,0.0,0.10067895,0.029598927,90_10761278
33.0,0.0,0.0,0.0,0.0,0.10067895,0.029598927,90_10761278
36.0,0.0,0.0,0.0,0.0,0.10067895,0.029598927,90_10761278
39.0,0.0,0.0,0.0,0.0,0.10067895,0.029598927,90_10761278
42.0,0.0,0.0,0.0,0.0,0.10067895,0.029598927,90_10761278
45.0,0.0,0.0,0.0,0.0,0.10067895,0.029598927,90_10761278
48.0,0.0,0.0,0.0,0.0,0.10067895,0.029598927,90_10761278
51.0,0.0,0.0,0.0,0.0,0.10067895,0.029598927,90_10761278
54.0,0.0,0.0,0.0,0.0,0.10067895,0.029598927,90_10761278
57.0,0.0,0.0,0.0,0.0,0.10067895,0.029598927,90_10761278
60.0,0.0,0.0,0.0,0.0,0.10067895,0.029598927,90_10761278
63.0,0.0,0.0,0.0,0.0,0.10067895,0.029598927,90_10761278
66.0,0.0,0.0,0.0,0.0,0.10067895,0.029598927,90_10761278
69.0,0.0,0.0,0.0,0.0,0.10067895,0.029598927,90_10761278
