relative_time,g_flux,g_uncert,r_flux,r_uncert,redshift,mwebv,id
-30.0,0.0,0.0,0.0,0.0,0.0955491,0.031231541,90_10332472
-27.0,115.878662109375,64.9570083618164,0.0,0.0,0.0955491,0.031231541,90_10332472
-24.0,0.0,0.0,0.0,0.0,0.0955491,0.031231541,90_10332472
-21.0,-33.61746597290039,97.21698760986328,0.0,0.0,0.0955491,0.031231541,90_10332472
-18.0,0.0,0.0,0.0,0.0,0.0955491,0.031231541,90_10332472
-15.0,77.98391723632812,95.7703628540039,0.0,0.0,0.0955491,0.031231541,90_10332472
-12.0,85.70579528808594,61.523372650146484,199.21469116210938,87.32749865865729,0.0955491,0.031231541,90_10332472
-9.0,536.7389526367188,190.85899353027344,0.0,0.0,0.0955491,0.031231541,90_10332472
-6.0,487.45733642578125,84.88760375976562,427.00457763671875,104.26228851081754,0.0955491,0.031231541,90_10332472
-3.0,1254.0946044921875,186.42308044433594,0.0,0.0,0.0955491,0.031231541,90_10332472
0.0,521.1929931640625,37.34172821044922,626.0609130859375,53.64473536612352,0.0955491,0.031231541,90_10332472
3.0,711.1898193359375,109.456787109375,0.0,0.0,0.0955491,0.031231541,90_10332472
6.0,0.0,0.0,0.0,0.0,0.0955491,0.031231541,90_10332472
9.0,342.1490173339844,50.370018005371094,536.7361450195312,95.22547550001414,0.0955491,0.031231541,90_10332472
12.0,0.0,0.0,0.0,0.0,0.0955491,0.031231541,90_10332472
15.0,0.0,0.0,0.0,0.0,0.0955491,0.031231541,90_10332472
18.0,0.0,0.0,0.0,0.0,0.0955491,0.031231541,90_10332472
21.0,0.0,0.0,0.0,0.0,0.0955491,0.031231541,90_10332472
24.0,0.0,0.0,0.0,0.0,0.0955491,0.031231541,90_10332472
27.0,0.0,0.0,0.0,0.0,0.0955491,0.031231541,90_10332472
30.0,0.0,0.0,0.0,0.0,0.0955491,0.031231541,90_10332472
33.0,0.0,0.0,0.0,0.0,0.0955491,0.031231541,90_10332472
36.0,0.0,0.0,0.0,0.0,0.0955491,0.031231541,90_10332472
39.0,0.0,0.0,0.0,0.0,0.0955491,0.031231541,90_10332472
42.0,0.0,0.0,0.0,0.0,0.0955491,0.031231541,90_10332472
45.0,0.0,0.0,0.0,0.0,0.0955491,0.031231541,90_10332472
48.0,0.0,0.0,0.0,0.0,0.0955491,0.031231541,90_10332472
51.0,0.0,0.0,0.0,0.0,0.0955491,0.031231541,90_10332472
54.0,0.0,0.0,0.0,0.0,0.0955491,0.031231541,90_10332472
57.0,0.0,0.0,0.0,0.0,0.0955491,0.031231541,90_10332472
60.0,0.0,0.0,0.0,0.0,0.0955491,0.031231541,90_10332472
63.0,0.0,0.0,0.0,0.0,0.0955491,0.031231541,90_10332472
66.0,0.0,0.0,0.0,0.0,0.0955491,0.031231541,90_10332472
69.0,0.0,0.0,0.0,0.0,0.0955491,0.031231541,90_10332472
