relative_time,g_flux,g_uncert,r_flux,r_uncert,redshift,mwebv,id
-30.0,0.0,0.0,0.0,0.0,0.08932084,0.02578006,90_1590024
-27.0,0.0,0.0,115.8396224975586,83.19898986816406,0.08932084,0.02578006,90_1590024
-24.0,98.89862060546875,76.9087142944336,-69.60865783691406,95.15549419839707,0.08932084,0.02578006,90_1590024
-21.0,0.0,0.0,671.854248046875,231.59512329101562,0.08932084,0.02578006,90_1590024
-18.0,0.0,0.0,0.0,0.0,0.08932084,0.02578006,90_1590024
-15.0,1155.8466796875,88.18759155273438,0.0,0.0,0.08932084,0.02578006,90_1590024
-12.0,0.0,0.0,0.0,0.0,0.08932084,0.02578006,90_1590024
-9.0,0.0,0.0,0.0,0.0,0.08932084,0.02578006,90_1590024
-6.0,0.0,0.0,0.0,0.0,0.08932084,0.02578006,90_1590024
-3.0,0.0,0.0,0.0,0.0,0.08932084,0.02578006,90_1590024
0.0,0.0,0.0,1299.2615356445312,200.62518792926755,0.08932084,0.02578006,90_1590024
3.0,0.0,0.0,1175.7244873046875,160.1166534423828,0.08932084,0.02578006,90_1590024
6.0,253.83200073242188,88.67189025878906,468.57672119140625,134.83072743229027,0.08932084,0.02578006,90_1590024
9.0,0.0,0.0,0.0,0.0,0.08932084,0.02578006,90_1590024
12.0,0.0,0.0,0.0,0.0,0.08932084,0.02578006,90_1590024
15.0,0.0,0.0,0.0,0.0,0.08932084,0.02578006,90_1590024
18.0,43.031046549479164,25.527450561523438,396.43316650390625,56.349925216080415,0.08932084,0.02578006,90_1590024
21.0,0.0,0.0,0.0,0.0,0.08932084,0.02578006,90_1590024
24.0,0.0,0.0,0.0,0.0,0.08932084,0.02578006,90_1590024
27.0,0.0,0.0,0.0,0.0,0.08932084,0.02578006,90_1590024
30.0,0.0,0.0,0.0,0.0,0.08932084,0.02578006,90_1590024
33.0,0.0,0.0,0.0,0.0,0.08932084,0.02578006,90_1590024
36.0,0.0,0.0,0.0,0.0,0.08932084,0.02578006,90_1590024
39.0,0.0,0.0,0.0,0.0,0.08932084,0.02578006,90_1590024
42.0,0.0,0.0,0.0,0.0,0.08932084,0.02578006,90_1590024
45.0,0.0,0.0,0.0,0.0,0.08932084,0.02578006,90_1590024
48.0,0.0,0.0,0.0,0.0,0.08932084,0.02578006,90_1590024
51.0,0.0,0.0,0.0,0.0,0.08932084,0.02578006,90_1590024
54.0,0.0,0.0,0.0,0.0,0.08932084,0.02578006,90_1590024
57.0,0.0,0.0,0.0,0.0,0.08932084,0.02578006,90_1590024
60.0,0.0,0.0,0.0,0.0,0.08932084,0.02578006,90_1590024
63.0,0.0,0.0,0.0,0.0,0.08932084,0.02578006,90_1590024
66.0,0.0,0.0,0.0,0.0,0.08932084,0.02578006,90_1590024
69.0,0.0,0.0,0.0,0.0,0.08932084,0.02578006,90_1590024
