relative_time,g_flux,g_uncert,r_flux,r_uncert,redshift,mwebv,id
-30.0,0.0,0.0,0.0,0.0,0.0798909,0.048629284,90_1522723
-27.0,0.0,0.0,339.1698303222656,210.23489379882812,0.0798909,0.048629284,90_1522723
-24.0,-119.76436614990234,127.62261962890625,0.0,0.0,0.0798909,0.048629284,90_1522723
-21.0,0.0,0.0,0.0,0.0,0.0798909,0.048629284,90_1522723
-18.0,556.8093872070312,319.8169860839844,0.0,0.0,0.0798909,0.048629284,90_1522723
-15.0,461.31829833984375,88.67229461669922,0.0,0.0,0.0798909,0.048629284,90_1522723
-12.0,445.69305419921875,44.40333938598633,595.1181640625,89.68580702247102,0.0798909,0.048629284,90_1522723
-9.0,0.0,0.0,0.0,0.0,0.0798909,0.048629284,90_1522723
-6.0,0.0,0.0,1312.134765625,230.87423706054688,0.0798909,0.048629284,90_1522723
-3.0,0.0,0.0,1297.015380859375,222.7057342529297,0.0798909,0.048629284,90_1522723
0.0,406.54986572265625,110.30014038085938,748.7783813476562,120.16543680215989,0.0798909,0.048629284,90_1522723
3.0,0.0,0.0,0.0,0.0,0.0798909,0.048629284,90_1522723
6.0,333.54241943359375,59.4071159362793,468.7103576660156,98.59032883081885,0.0798909,0.048629284,90_1522723
9.0,0.0,0.0,0.0,0.0,0.0798909,0.048629284,90_1522723
12.0,0.0,0.0,0.0,0.0,0.0798909,0.048629284,90_1522723
15.0,0.0,0.0,0.0,0.0,0.0798909,0.048629284,90_1522723
18.0,0.0,0.0,0.0,0.0,0.0798909,0.048629284,90_1522723
21.0,0.0,0.0,568.150390625,196.28208923339844,0.0798909,0.048629284,90_1522723
24.0,0.0,0.0,-273.6097412109375,354.5924072265625,0.0798909,0.048629284,90_1522723
27.0,103.9322738647461,170.07298278808594,139.1943359375,246.41922526581797,0.0798909,0.048629284,90_1522723
30.0,0.0,0.0,0.0,0.0,0.0798909,0.048629284,90_1522723
33.0,0.0,0.0,0.0,0.0,0.0798909,0.048629284,90_1522723
36.0,0.0,0.0,0.0,0.0,0.0798909,0.048629284,90_1522723
39.0,0.0,0.0,0.0,0.0,0.0798909,0.048629284,90_1522723
42.0,0.0,0.0,0.0,0.0,0.0798909,0.048629284,90_1522723
45.0,0.0,0.0,0.0,0.0,0.0798909,0.048629284,90_1522723
48.0,0.0,0.0,0.0,0.0,0.0798909,0.048629284,90_1522723
51.0,0.0,0.0,0.0,0.0,0.0798909,0.048629284,90_1522723
54.0,0.0,0.0,0.0,0.0,0.0798909,0.048629284,90_1522723
57.0,0.0,0.0,0.0,0.0,0.0798909,0.048629284,90_1522723
60.0,0.0,0.0,0.0,0.0,0.0798909,0.048629284,90_1522723
63.0,0.0,0.0,0.0,0.0,0.0798909,0.048629284,90_1522723
66.0,0.0,0.0,0.0,0.0,0.0798909,0.048629284,90_1522723
69.0,0.0,0.0,0.0,0.0,0.0798909,0.048629284,90_1522723
