relative_time,g_flux,g_uncert,r_flux,r_uncert,redshift,mwebv,id
-30.0,0.0,0.0,0.0,0.0,0.0,0.033960674,90_104561123
-27.0,0.0,0.0,0.0,0.0,0.0,0.033960674,90_104561123
-24.0,0.0,0.0,0.0,0.0,0.0,0.033960674,90_104561123
-21.0,0.0,0.0,0.0,0.0,0.0,0.033960674,90_104561123
-18.0,0.0,0.0,0.0,0.0,0.0,0.033960674,90_104561123
-15.0,0.0,0.0,0.0,0.0,0.0,0.033960674,90_104561123
-12.0,0.0,0.0,0.0,0.0,0.0,0.033960674,90_104561123
-9.0,0.0,0.0,0.0,0.0,0.0,0.033960674,90_104561123
-6.0,0.0,0.0,0.0,0.0,0.0,0.033960674,90_104561123
-3.0,176.71441650390625,50.81137466430664,528.8834838867188,145.9147794396131,0.0,0.033960674,90_104561123
0.0,142.8957977294922,45.60400390625,494.45855712890625,108.07326994203274,0.0,0.033960674,90_104561123
3.0,0.0,0.0,0.0,0.0,0.0,0.033960674,90_104561123
6.0,150.65679931640625,43.10514831542969,477.252197265625,87.55369169089597,0.0,0.033960674,90_104561123
9.0,139.2745819091797,40.52136993408203,469.2457275390625,77.93138679887161,0.0,0.033960674,90_104561123
12.0,0.0,0.0,0.0,0.0,0.0,0.033960674,90_104561123
15.0,0.0,0.0,0.0,0.0,0.0,0.033960674,90_104561123
18.0,119.41082763671875,55.15669250488281,493.0754089355469,96.22130100614226,0.0,0.033960674,90_104561123
21.0,0.0,0.0,0.0,0.0,0.0,0.033960674,90_104561123
24.0,336.5931701660156,78.3798599243164,0.0,0.0,0.0,0.033960674,90_104561123
27.0,174.5457763671875,34.2323112487793,608.86572265625,68.71704721604287,0.0,0.033960674,90_104561123
30.0,0.0,0.0,0.0,0.0,0.0,0.033960674,90_104561123
33.0,370.857666015625,68.8936538696289,0.0,0.0,0.0,0.033960674,90_104561123
36.0,192.36239624023438,34.47883987426758,790.0654907226562,66.74465023288556,0.0,0.033960674,90_104561123
39.0,474.20697021484375,69.37183380126953,0.0,0.0,0.0,0.033960674,90_104561123
42.0,0.0,0.0,0.0,0.0,0.0,0.033960674,90_104561123
45.0,0.0,0.0,0.0,0.0,0.0,0.033960674,90_104561123
48.0,0.0,0.0,0.0,0.0,0.0,0.033960674,90_104561123
51.0,0.0,0.0,0.0,0.0,0.0,0.033960674,90_104561123
54.0,0.0,0.0,0.0,0.0,0.0,0.033960674,90_104561123
57.0,0.0,0.0,0.0,0.0,0.0,0.033960674,90_104561123
60.0,0.0,0.0,0.0,0.0,0.0,0.033960674,90_104561123
63.0,0.0,0.0,0.0,0.0,0.0,0.033960674,90_104561123
66.0,0.0,0.0,0.0,0.0,0.0,0.033960674,90_104561123
69.0,0.0,0.0,0.0,0.0,0.0,0.033960674,90_104561123
