relative_time,g_flux,g_uncert,r_flux,r_uncert,redshift,mwebv,id
-30.0,0.0,0.0,0.0,0.0,0.051812056,0.007392382,90_11016586
-27.0,9.670263290405273,36.387542724609375,0.0,0.0,0.051812056,0.007392382,90_11016586
-24.0,0.0,0.0,0.0,0.0,0.051812056,0.007392382,90_11016586
-21.0,0.0,0.0,32.26893615722656,55.13172149658203,0.051812056,0.007392382,90_11016586
-18.0,0.0,0.0,49.91457748413086,78.57720184326172,0.051812056,0.007392382,90_11016586
-15.0,0.0,0.0,10.201937675476074,86.60791778564453,0.051812056,0.007392382,90_11016586
-12.0,0.0,0.0,0.0,0.0,0.051812056,0.007392382,90_11016586
-9.0,518.6077880859375,141.0556640625,-40.93838882446289,155.9564812148484,0.051812056,0.007392382,90_11016586
-6.0,1839.8212890625,74.66027069091797,0.0,0.0,0.051812056,0.007392382,90_11016586
-3.0,0.0,0.0,0.0,0.0,0.051812056,0.007392382,90_11016586
0.0,4152.48828125,92.79316711425781,0.0,0.0,0.051812056,0.007392382,90_11016586
3.0,2456.973876953125,53.120059967041016,2901.118408203125,98.6884386019573,0.051812056,0.007392382,90_11016586
6.0,2559.595947265625,55.27251052856445,2971.04345703125,86.34933032183172,0.051812056,0.007392382,90_11016586
9.0,5099.78369140625,123.71522521972656,0.0,0.0,0.051812056,0.007392382,90_11016586
12.0,0.0,0.0,0.0,0.0,0.051812056,0.007392382,90_11016586
15.0,4222.8046875,138.61976623535156,0.0,0.0,0.051812056,0.007392382,90_11016586
18.0,0.0,0.0,0.0,0.0,0.051812056,0.007392382,90_11016586
21.0,2636.39208984375,408.35980224609375,0.0,0.0,0.051812056,0.007392382,90_11016586
24.0,0.0,0.0,0.0,0.0,0.051812056,0.007392382,90_11016586
27.0,0.0,0.0,0.0,0.0,0.051812056,0.007392382,90_11016586
30.0,0.0,0.0,0.0,0.0,0.051812056,0.007392382,90_11016586
33.0,0.0,0.0,0.0,0.0,0.051812056,0.007392382,90_11016586
36.0,0.0,0.0,0.0,0.0,0.051812056,0.007392382,90_11016586
39.0,0.0,0.0,0.0,0.0,0.051812056,0.007392382,90_11016586
42.0,0.0,0.0,0.0,0.0,0.051812056,0.007392382,90_11016586
45.0,0.0,0.0,0.0,0.0,0.051812056,0.007392382,90_11016586
48.0,0.0,0.0,0.0,0.0,0.051812056,0.007392382,90_11016586
51.0,0.0,0.0,0.0,0.0,0.051812056,0.007392382,90_11016586
54.0,0.0,0.0,0.0,0.0,0.051812056,0.007392382,90_11016586
57.0,0.0,0.0,0.0,0.0,0.051812056,0.007392382,90_11016586
60.0,0.0,0.0,0.0,0.0,0.051812056,0.007392382,90_11016586
63.0,0.0,0.0,0.0,0.0,0.051812056,0.007392382,90_11016586
66.0,0.0,0.0,0.0,0.0,0.051812056,0.007392382,90_11016586
69.0,0.0,0.0,0.0,0.0,0.051812056,0.007392382,90_11016586
