relative_time,g_flux,g_uncert,r_flux,r_uncert,redshift,mwebv,id
-30.0,7.946454811096191,30.449720764160155,-57.14808883666992,79.96960887064395,0.18364601,0.008717173,90_28356528
-27.0,0.0,0.0,0.0,0.0,0.18364601,0.008717173,90_28356528
-24.0,0.0,0.0,0.0,0.0,0.18364601,0.008717173,90_28356528
-21.0,0.0,0.0,0.0,0.0,0.18364601,0.008717173,90_28356528
-18.0,174.96627807617188,189.58065795898438,0.0,0.0,0.18364601,0.008717173,90_28356528
-15.0,0.0,0.0,-95.07798058646065,182.23297004858904,0.18364601,0.008717173,90_28356528
-12.0,-25.117917324815476,78.07504435947963,1.5155774525233678,192.47601512439036,0.18364601,0.008717173,90_28356528
-9.0,0.0,0.0,141.42206954956055,202.3697602293467,0.18364601,0.008717173,90_28356528
-6.0,0.0,0.0,0.0,0.0,0.18364601,0.008717173,90_28356528
-3.0,0.0,0.0,0.0,0.0,0.18364601,0.008717173,90_28356528
0.0,121.46061706542969,22.090042659214564,197.8330078125,43.31658974844956,0.18364601,0.008717173,90_28356528
3.0,0.0,0.0,0.0,0.0,0.18364601,0.008717173,90_28356528
6.0,0.0,0.0,0.0,0.0,0.18364601,0.008717173,90_28356528
9.0,0.0,0.0,0.0,0.0,0.18364601,0.008717173,90_28356528
12.0,0.0,0.0,0.0,0.0,0.18364601,0.008717173,90_28356528
15.0,0.0,0.0,0.0,0.0,0.18364601,0.008717173,90_28356528
18.0,0.0,0.0,0.0,0.0,0.18364601,0.008717173,90_28356528
21.0,0.0,0.0,0.0,0.0,0.18364601,0.008717173,90_28356528
24.0,0.0,0.0,0.0,0.0,0.18364601,0.008717173,90_28356528
27.0,0.0,0.0,0.0,0.0,0.18364601,0.008717173,90_28356528
30.0,0.0,0.0,0.0,0.0,0.18364601,0.008717173,90_28356528
33.0,0.0,0.0,0.0,0.0,0.18364601,0.008717173,90_28356528
36.0,0.0,0.0,0.0,0.0,0.18364601,0.008717173,90_28356528
39.0,0.0,0.0,0.0,0.0,0.18364601,0.008717173,90_28356528
42.0,0.0,0.0,0.0,0.0,0.18364601,0.008717173,90_28356528
45.0,0.0,0.0,0.0,0.0,0.18364601,0.008717173,90_28356528
48.0,0.0,0.0,0.0,0.0,0.18364601,0.008717173,90_28356528
51.0,0.0,0.0,0.0,0.0,0.18364601,0.008717173,90_28356528
54.0,0.0,0.0,0.0,0.0,0.18364601,0.008717173,90_28356528
57.0,0.0,0.0,0.0,0.0,0.18364601,0.008717173,90_28356528
60.0,0.0,0.0,0.0,0.0,0.18364601,0.008717173,90_28356528
63.0,0.0,0.0,0.0,0.0,0.18364601,0.008717173,90_28356528
66.0,0.0,0.0,0.0,0.0,0.18364601,0.008717173,90_28356528
69.0,0.0,0.0,0.0,0.0,0.18364601,0.008717173,90_28356528
