relative_time,g_flux,g_uncert,r_flux,r_uncert,redshift,mwebv,id
-30.0,0.0,0.0,0.0,0.0,0.02472336,0.05837279,90_29994491
-27.0,0.0,0.0,0.0,0.0,0.02472336,0.05837279,90_29994491
-24.0,0.0,0.0,-124.14996337890625,179.63143920898438,0.02472336,0.05837279,90_29994491
-21.0,0.0,0.0,58.627132415771484,77.0660400390625,0.02472336,0.05837279,90_29994491
-18.0,0.0,0.0,2045.0081787109375,208.60906982421875,0.02472336,0.05837279,90_29994491
-15.0,0.0,0.0,0.0,0.0,0.02472336,0.05837279,90_29994491
-12.0,0.0,0.0,0.0,0.0,0.02472336,0.05837279,90_29994491
-9.0,0.0,0.0,0.0,0.0,0.02472336,0.05837279,90_29994491
-6.0,0.0,0.0,0.0,0.0,0.02472336,0.05837279,90_29994491
-3.0,0.0,0.0,0.0,0.0,0.02472336,0.05837279,90_29994491
0.0,13386.669921875,343.5988464355469,0.0,0.0,0.02472336,0.05837279,90_29994491
3.0,0.0,0.0,0.0,0.0,0.02472336,0.05837279,90_29994491
6.0,8327.3662109375,137.3261260986328,0.0,0.0,0.02472336,0.05837279,90_29994491
9.0,3015.51171875,65.8011245727539,5524.85546875,119.80938022593986,0.02472336,0.05837279,90_29994491
12.0,2277.781005859375,57.13079833984375,5169.23095703125,148.925658585689,0.02472336,0.05837279,90_29994491
15.0,2546.29296875,132.55950927734375,0.0,0.0,0.02472336,0.05837279,90_29994491
18.0,0.0,0.0,0.0,0.0,0.02472336,0.05837279,90_29994491
21.0,1792.36181640625,137.28770446777344,0.0,0.0,0.02472336,0.05837279,90_29994491
24.0,507.9290771484375,138.19593811035156,2451.319580078125,262.7746948840784,0.02472336,0.05837279,90_29994491
27.0,0.0,0.0,0.0,0.0,0.02472336,0.05837279,90_29994491
30.0,0.0,0.0,0.0,0.0,0.02472336,0.05837279,90_29994491
33.0,0.0,0.0,0.0,0.0,0.02472336,0.05837279,90_29994491
36.0,0.0,0.0,0.0,0.0,0.02472336,0.05837279,90_29994491
39.0,0.0,0.0,0.0,0.0,0.02472336,0.05837279,90_29994491
42.0,0.0,0.0,0.0,0.0,0.02472336,0.05837279,90_29994491
45.0,0.0,0.0,0.0,0.0,0.02472336,0.05837279,90_29994491
48.0,0.0,0.0,0.0,0.0,0.02472336,0.05837279,90_29994491
51.0,0.0,0.0,0.0,0.0,0.02472336,0.05837279,90_29994491
54.0,0.0,0.0,0.0,0.0,0.02472336,0.05837279,90_29994491
57.0,0.0,0.0,0.0,0.0,0.02472336,0.05837279,90_29994491
60.0,0.0,0.0,0.0,0.0,0.02472336,0.05837279,90_29994491
63.0,0.0,0.0,0.0,0.0,0.02472336,0.05837279,90_29994491
66.0,0.0,0.0,0.0,0.0,0.02472336,0.05837279,90_29994491
69.0,0.0,0.0,0.0,0.0,0.02472336,0.05837279,90_29994491
