relative_time,g_flux,g_uncert,r_flux,r_uncert,redshift,mwebv,id
-30.0,0.0,0.0,0.0,0.0,0.113659196,0.052239943,90_27451912
-27.0,-135.01956176757812,75.04941813151042,-94.76568857828777,111.78059620521037,0.113659196,0.052239943,90_27451912
-24.0,0.0,0.0,0.0,0.0,0.113659196,0.052239943,90_27451912
-21.0,233.89552307128906,93.92378234863281,0.0,0.0,0.113659196,0.052239943,90_27451912
-18.0,0.0,0.0,0.0,0.0,0.113659196,0.052239943,90_27451912
-15.0,0.0,0.0,0.0,0.0,0.113659196,0.052239943,90_27451912
-12.0,0.0,0.0,0.0,0.0,0.113659196,0.052239943,90_27451912
-9.0,0.0,0.0,1324.134765625,209.2376251220703,0.113659196,0.052239943,90_27451912
-6.0,455.03240966796875,102.20081329345703,657.712646484375,115.53225599889333,0.113659196,0.052239943,90_27451912
-3.0,87.6024881998698,296.88144938151044,530.2835388183594,303.6205360153457,0.113659196,0.052239943,90_27451912
0.0,321.1836853027344,36.12640380859375,514.1761474609375,62.02699770430909,0.113659196,0.052239943,90_27451912
3.0,0.0,0.0,0.0,0.0,0.113659196,0.052239943,90_27451912
6.0,0.0,0.0,0.0,0.0,0.113659196,0.052239943,90_27451912
9.0,171.7195587158203,44.045005798339844,293.36065673828125,76.14321133033191,0.113659196,0.052239943,90_27451912
12.0,0.0,0.0,0.0,0.0,0.113659196,0.052239943,90_27451912
15.0,0.0,0.0,0.0,0.0,0.113659196,0.052239943,90_27451912
18.0,0.0,0.0,0.0,0.0,0.113659196,0.052239943,90_27451912
21.0,0.0,0.0,0.0,0.0,0.113659196,0.052239943,90_27451912
24.0,0.0,0.0,0.0,0.0,0.113659196,0.052239943,90_27451912
27.0,0.0,0.0,0.0,0.0,0.113659196,0.052239943,90_27451912
30.0,0.0,0.0,0.0,0.0,0.113659196,0.052239943,90_27451912
33.0,0.0,0.0,0.0,0.0,0.113659196,0.052239943,90_27451912
36.0,0.0,0.0,0.0,0.0,0.113659196,0.052239943,90_27451912
39.0,0.0,0.0,0.0,0.0,0.113659196,0.052239943,90_27451912
42.0,0.0,0.0,0.0,0.0,0.113659196,0.052239943,90_27451912
45.0,0.0,0.0,0.0,0.0,0.113659196,0.052239943,90_27451912
48.0,0.0,0.0,0.0,0.0,0.113659196,0.052239943,90_27451912
51.0,0.0,0.0,0.0,0.0,0.113659196,0.052239943,90_27451912
54.0,0.0,0.0,0.0,0.0,0.113659196,0.052239943,90_27451912
57.0,0.0,0.0,0.0,0.0,0.113659196,0.052239943,90_27451912
60.0,0.0,0.0,0.0,0.0,0.113659196,0.052239943,90_27451912
63.0,0.0,0.0,0.0,0.0,0.113659196,0.052239943,90_27451912
66.0,0.0,0.0,0.0,0.0,0.113659196,0.052239943,90_27451912
69.0,0.0,0.0,0.0,0.0,0.113659196,0.052239943,90_27451912
