relative_time,g_flux,g_uncert,r_flux,r_uncert,redshift,mwebv,id
-30.0,0.0,0.0,0.0,0.0,0.12065324,0.053253673,90_26052110
-27.0,0.0,0.0,0.0,0.0,0.12065324,0.053253673,90_26052110
-24.0,0.0,0.0,0.0,0.0,0.12065324,0.053253673,90_26052110
-21.0,0.0,0.0,0.0,0.0,0.12065324,0.053253673,90_26052110
-18.0,0.0,0.0,0.0,0.0,0.12065324,0.053253673,90_26052110
-15.0,0.0,0.0,0.0,0.0,0.12065324,0.053253673,90_26052110
-12.0,0.0,0.0,0.0,0.0,0.12065324,0.053253673,90_26052110
-9.0,0.0,0.0,0.0,0.0,0.12065324,0.053253673,90_26052110
-6.0,0.0,0.0,927.781005859375,116.39347076416016,0.12065324,0.053253673,90_26052110
-3.0,317.1278381347656,116.87885284423828,602.9992065429688,166.3574224963033,0.12065324,0.053253673,90_26052110
0.0,264.96812947591144,62.08014170328776,197.60626220703125,54.734146350337575,0.12065324,0.053253673,90_26052110
3.0,192.42600708007814,121.51459350585938,355.9455261230469,136.31152511244778,0.12065324,0.053253673,90_26052110
6.0,275.09344482421875,533.3125610351562,0.0,0.0,0.12065324,0.053253673,90_26052110
9.0,0.0,0.0,0.0,0.0,0.12065324,0.053253673,90_26052110
12.0,0.0,0.0,0.0,0.0,0.12065324,0.053253673,90_26052110
15.0,0.0,0.0,0.0,0.0,0.12065324,0.053253673,90_26052110
18.0,0.0,0.0,0.0,0.0,0.12065324,0.053253673,90_26052110
21.0,0.0,0.0,0.0,0.0,0.12065324,0.053253673,90_26052110
24.0,197.789794921875,460.313720703125,0.0,0.0,0.12065324,0.053253673,90_26052110
27.0,0.0,0.0,0.0,0.0,0.12065324,0.053253673,90_26052110
30.0,0.0,0.0,0.0,0.0,0.12065324,0.053253673,90_26052110
33.0,0.0,0.0,0.0,0.0,0.12065324,0.053253673,90_26052110
36.0,0.0,0.0,0.0,0.0,0.12065324,0.053253673,90_26052110
39.0,0.0,0.0,0.0,0.0,0.12065324,0.053253673,90_26052110
42.0,0.0,0.0,0.0,0.0,0.12065324,0.053253673,90_26052110
45.0,0.0,0.0,-83.6744155883789,268.9976806640625,0.12065324,0.053253673,90_26052110
48.0,0.0,0.0,0.0,0.0,0.12065324,0.053253673,90_26052110
51.0,0.0,0.0,0.0,0.0,0.12065324,0.053253673,90_26052110
54.0,0.0,0.0,0.0,0.0,0.12065324,0.053253673,90_26052110
57.0,35.24716281890869,78.31770324707031,0.0,0.0,0.12065324,0.053253673,90_26052110
60.0,0.0,0.0,0.0,0.0,0.12065324,0.053253673,90_26052110
63.0,0.0,0.0,0.0,0.0,0.12065324,0.053253673,90_26052110
66.0,0.0,0.0,0.0,0.0,0.12065324,0.053253673,90_26052110
69.0,-99.81698608398438,584.7982025146484,0.0,0.0,0.12065324,0.053253673,90_26052110
