relative_time,g_flux,g_uncert,r_flux,r_uncert,redshift,mwebv,id
-30.0,0.0,0.0,0.0,0.0,0.038867645,0.010269003,90_21962245
-27.0,-52.2286491394043,29.643598556518555,11.860747337341309,102.63750524718655,0.038867645,0.010269003,90_21962245
-24.0,0.0,0.0,0.0,0.0,0.038867645,0.010269003,90_21962245
-21.0,0.0,0.0,0.0,0.0,0.038867645,0.010269003,90_21962245
-18.0,0.0,0.0,0.0,0.0,0.038867645,0.010269003,90_21962245
-15.0,0.0,0.0,0.0,0.0,0.038867645,0.010269003,90_21962245
-12.0,0.0,0.0,0.0,0.0,0.038867645,0.010269003,90_21962245
-9.0,0.0,0.0,0.0,0.0,0.038867645,0.010269003,90_21962245
-6.0,0.0,0.0,0.0,0.0,0.038867645,0.010269003,90_21962245
-3.0,8846.771484375,121.66519927978516,0.0,0.0,0.038867645,0.010269003,90_21962245
0.0,9130.1767578125,128.9129638671875,0.0,0.0,0.038867645,0.010269003,90_21962245
3.0,0.0,0.0,0.0,0.0,0.038867645,0.010269003,90_21962245
6.0,3710.7900390625,71.78626251220703,4360.1845703125,108.50346181325907,0.038867645,0.010269003,90_21962245
9.0,0.0,0.0,0.0,0.0,0.038867645,0.010269003,90_21962245
12.0,0.0,0.0,0.0,0.0,0.038867645,0.010269003,90_21962245
15.0,0.0,0.0,0.0,0.0,0.038867645,0.010269003,90_21962245
18.0,0.0,0.0,0.0,0.0,0.038867645,0.010269003,90_21962245
21.0,0.0,0.0,0.0,0.0,0.038867645,0.010269003,90_21962245
24.0,0.0,0.0,0.0,0.0,0.038867645,0.010269003,90_21962245
27.0,0.0,0.0,0.0,0.0,0.038867645,0.010269003,90_21962245
30.0,0.0,0.0,0.0,0.0,0.038867645,0.010269003,90_21962245
33.0,0.0,0.0,0.0,0.0,0.038867645,0.010269003,90_21962245
36.0,0.0,0.0,0.0,0.0,0.038867645,0.010269003,90_21962245
39.0,0.0,0.0,0.0,0.0,0.038867645,0.010269003,90_21962245
42.0,0.0,0.0,0.0,0.0,0.038867645,0.010269003,90_21962245
45.0,0.0,0.0,0.0,0.0,0.038867645,0.010269003,90_21962245
48.0,0.0,0.0,0.0,0.0,0.038867645,0.010269003,90_21962245
51.0,0.0,0.0,0.0,0.0,0.038867645,0.010269003,90_21962245
54.0,0.0,0.0,0.0,0.0,0.038867645,0.010269003,90_21962245
57.0,0.0,0.0,0.0,0.0,0.038867645,0.010269003,90_21962245
60.0,0.0,0.0,0.0,0.0,0.038867645,0.010269003,90_21962245
63.0,546.2920532226562,576.0805053710938,0.0,0.0,0.038867645,0.010269003,90_21962245
66.0,0.0,0.0,0.0,0.0,0.038867645,0.010269003,90_21962245
69.0,0.0,0.0,982.4833374023438,99.71414184570312,0.038867645,0.010269003,90_21962245
