relative_time,g_flux,g_uncert,r_flux,r_uncert,redshift,mwebv,id
-30.0,-21.906217575073242,35.831905364990234,-0.24339990317821503,45.197784021794696,0.13310394,0.05431194,90_24433511
-27.0,0.0,0.0,0.0,0.0,0.13310394,0.05431194,90_24433511
-24.0,0.0,0.0,0.0,0.0,0.13310394,0.05431194,90_24433511
-21.0,0.0,0.0,0.0,0.0,0.13310394,0.05431194,90_24433511
-18.0,0.0,0.0,0.0,0.0,0.13310394,0.05431194,90_24433511
-15.0,0.0,0.0,0.0,0.0,0.13310394,0.05431194,90_24433511
-12.0,0.24741363525390625,114.43151664733887,0.0,0.0,0.13310394,0.05431194,90_24433511
-9.0,131.67156982421875,28.91830062866211,112.05929565429688,52.95431469084983,0.13310394,0.05431194,90_24433511
-6.0,0.0,0.0,0.0,0.0,0.13310394,0.05431194,90_24433511
-3.0,254.70010375976562,42.07637023925781,255.08010864257812,80.38130959870608,0.13310394,0.05431194,90_24433511
0.0,531.8589477539062,184.13636779785156,346.11431884765625,76.83038973284334,0.13310394,0.05431194,90_24433511
3.0,0.0,0.0,0.0,0.0,0.13310394,0.05431194,90_24433511
6.0,0.0,0.0,0.0,0.0,0.13310394,0.05431194,90_24433511
9.0,0.0,0.0,0.0,0.0,0.13310394,0.05431194,90_24433511
12.0,0.0,0.0,0.0,0.0,0.13310394,0.05431194,90_24433511
15.0,0.0,0.0,831.7161865234375,135.8480987548828,0.13310394,0.05431194,90_24433511
18.0,452.5204772949219,161.322021484375,0.0,0.0,0.13310394,0.05431194,90_24433511
21.0,0.0,0.0,0.0,0.0,0.13310394,0.05431194,90_24433511
24.0,0.0,0.0,0.0,0.0,0.13310394,0.05431194,90_24433511
27.0,0.0,0.0,0.0,0.0,0.13310394,0.05431194,90_24433511
30.0,0.0,0.0,0.0,0.0,0.13310394,0.05431194,90_24433511
33.0,0.0,0.0,0.0,0.0,0.13310394,0.05431194,90_24433511
36.0,0.0,0.0,0.0,0.0,0.13310394,0.05431194,90_24433511
39.0,0.0,0.0,0.0,0.0,0.13310394,0.05431194,90_24433511
42.0,0.0,0.0,0.0,0.0,0.13310394,0.05431194,90_24433511
45.0,0.0,0.0,0.0,0.0,0.13310394,0.05431194,90_24433511
48.0,0.0,0.0,0.0,0.0,0.13310394,0.05431194,90_24433511
51.0,0.0,0.0,0.0,0.0,0.13310394,0.05431194,90_24433511
54.0,0.0,0.0,0.0,0.0,0.13310394,0.05431194,90_24433511
57.0,0.0,0.0,0.0,0.0,0.13310394,0.05431194,90_24433511
60.0,0.0,0.0,0.0,0.0,0.13310394,0.05431194,90_24433511
63.0,0.0,0.0,0.0,0.0,0.13310394,0.05431194,90_24433511
66.0,0.0,0.0,0.0,0.0,0.13310394,0.05431194,90_24433511
69.0,0.0,0.0,0.0,0.0,0.13310394,0.05431194,90_24433511
