relative_time,g_flux,g_uncert,r_flux,r_uncert,redshift,mwebv,id
-30.0,0.0,0.0,0.0,0.0,0.061755396,0.029114356,90_21331754
-27.0,0.0,0.0,0.0,0.0,0.061755396,0.029114356,90_21331754
-24.0,0.0,0.0,0.0,0.0,0.061755396,0.029114356,90_21331754
-21.0,0.0,0.0,0.0,0.0,0.061755396,0.029114356,90_21331754
-18.0,172.23037719726562,210.78257751464844,0.0,0.0,0.061755396,0.029114356,90_21331754
-15.0,452.9978942871094,263.3839111328125,0.0,0.0,0.061755396,0.029114356,90_21331754
-12.0,0.0,0.0,2054.536865234375,285.72283935546875,0.061755396,0.029114356,90_21331754
-9.0,0.0,0.0,0.0,0.0,0.061755396,0.029114356,90_21331754
-6.0,0.0,0.0,4478.328125,264.2807922363281,0.061755396,0.029114356,90_21331754
-3.0,0.0,0.0,0.0,0.0,0.061755396,0.029114356,90_21331754
0.0,4344.89453125,121.41139221191406,0.0,0.0,0.061755396,0.029114356,90_21331754
3.0,0.0,0.0,0.0,0.0,0.061755396,0.029114356,90_21331754
6.0,0.0,0.0,0.0,0.0,0.061755396,0.029114356,90_21331754
9.0,0.0,0.0,0.0,0.0,0.061755396,0.029114356,90_21331754
12.0,0.0,0.0,0.0,0.0,0.061755396,0.029114356,90_21331754
15.0,0.0,0.0,0.0,0.0,0.061755396,0.029114356,90_21331754
18.0,0.0,0.0,0.0,0.0,0.061755396,0.029114356,90_21331754
21.0,0.0,0.0,0.0,0.0,0.061755396,0.029114356,90_21331754
24.0,0.0,0.0,0.0,0.0,0.061755396,0.029114356,90_21331754
27.0,0.0,0.0,0.0,0.0,0.061755396,0.029114356,90_21331754
30.0,0.0,0.0,0.0,0.0,0.061755396,0.029114356,90_21331754
33.0,0.0,0.0,0.0,0.0,0.061755396,0.029114356,90_21331754
36.0,0.0,0.0,0.0,0.0,0.061755396,0.029114356,90_21331754
39.0,0.0,0.0,0.0,0.0,0.061755396,0.029114356,90_21331754
42.0,0.0,0.0,0.0,0.0,0.061755396,0.029114356,90_21331754
45.0,0.0,0.0,0.0,0.0,0.061755396,0.029114356,90_21331754
48.0,0.0,0.0,0.0,0.0,0.061755396,0.029114356,90_21331754
51.0,0.0,0.0,0.0,0.0,0.061755396,0.029114356,90_21331754
54.0,0.0,0.0,0.0,0.0,0.061755396,0.029114356,90_21331754
57.0,0.0,0.0,0.0,0.0,0.061755396,0.029114356,90_21331754
60.0,0.0,0.0,0.0,0.0,0.061755396,0.029114356,90_21331754
63.0,0.0,0.0,0.0,0.0,0.061755396,0.029114356,90_21331754
66.0,0.0,0.0,0.0,0.0,0.061755396,0.029114356,90_21331754
69.0,0.0,0.0,0.0,0.0,0.061755396,0.029114356,90_21331754
