relative_time,g_flux,g_uncert,r_flux,r_uncert,redshift,mwebv,id
-30.0,90.91331990559895,59.88629150390625,-86.68835703531902,138.19850629477173,0.090067565,0.044384394,90_20582076
-27.0,0.0,0.0,58.76140594482422,215.225535539759,0.090067565,0.044384394,90_20582076
-24.0,203.64666748046875,154.65097045898438,-97.3912353515625,262.2085217695157,0.090067565,0.044384394,90_20582076
-21.0,0.0,0.0,50.79498291015625,114.87657165527344,0.090067565,0.044384394,90_20582076
-18.0,-1.3407689332962036,84.08585357666016,0.0,0.0,0.090067565,0.044384394,90_20582076
-15.0,0.0,0.0,0.0,0.0,0.090067565,0.044384394,90_20582076
-12.0,0.0,0.0,0.0,0.0,0.090067565,0.044384394,90_20582076
-9.0,0.0,0.0,0.0,0.0,0.090067565,0.044384394,90_20582076
-6.0,0.0,0.0,0.0,0.0,0.090067565,0.044384394,90_20582076
-3.0,305.02329508463544,92.62374877929688,664.1343587239584,326.27610792858866,0.090067565,0.044384394,90_20582076
0.0,0.0,0.0,1627.2899169921875,362.8855831279141,0.090067565,0.044384394,90_20582076
3.0,354.0594075520833,95.39515177408855,1098.1726481119792,208.7410825755363,0.090067565,0.044384394,90_20582076
6.0,0.0,0.0,1579.859375,101.25495910644531,0.090067565,0.044384394,90_20582076
9.0,0.0,0.0,0.0,0.0,0.090067565,0.044384394,90_20582076
12.0,0.0,0.0,0.0,0.0,0.090067565,0.044384394,90_20582076
15.0,263.3498229980469,41.73978805541992,491.7677917480469,62.033239483986165,0.090067565,0.044384394,90_20582076
18.0,0.0,0.0,0.0,0.0,0.090067565,0.044384394,90_20582076
21.0,0.0,0.0,0.0,0.0,0.090067565,0.044384394,90_20582076
24.0,0.0,0.0,0.0,0.0,0.090067565,0.044384394,90_20582076
27.0,0.0,0.0,0.0,0.0,0.090067565,0.044384394,90_20582076
30.0,0.0,0.0,0.0,0.0,0.090067565,0.044384394,90_20582076
33.0,0.0,0.0,0.0,0.0,0.090067565,0.044384394,90_20582076
36.0,0.0,0.0,0.0,0.0,0.090067565,0.044384394,90_20582076
39.0,0.0,0.0,0.0,0.0,0.090067565,0.044384394,90_20582076
42.0,0.0,0.0,0.0,0.0,0.090067565,0.044384394,90_20582076
45.0,0.0,0.0,0.0,0.0,0.090067565,0.044384394,90_20582076
48.0,0.0,0.0,0.0,0.0,0.090067565,0.044384394,90_20582076
51.0,0.0,0.0,0.0,0.0,0.090067565,0.044384394,90_20582076
54.0,0.0,0.0,0.0,0.0,0.090067565,0.044384394,90_20582076
57.0,0.0,0.0,0.0,0.0,0.090067565,0.044384394,90_20582076
60.0,0.0,0.0,0.0,0.0,0.090067565,0.044384394,90_20582076
63.0,0.0,0.0,0.0,0.0,0.090067565,0.044384394,90_20582076
66.0,0.0,0.0,0.0,0.0,0.090067565,0.044384394,90_20582076
69.0,0.0,0.0,0.0,0.0,0.090067565,0.044384394,90_20582076
