relative_time,g_flux,g_uncert,r_flux,r_uncert,redshift,mwebv,id
-30.0,0.0,0.0,0.0,0.0,0.0,0.041280232,90_20881
-27.0,0.0,0.0,0.0,0.0,0.0,0.041280232,90_20881
-24.0,0.0,0.0,0.0,0.0,0.0,0.041280232,90_20881
-21.0,0.0,0.0,0.0,0.0,0.0,0.041280232,90_20881
-18.0,0.0,0.0,0.0,0.0,0.0,0.041280232,90_20881
-15.0,0.0,0.0,0.0,0.0,0.0,0.041280232,90_20881
-12.0,0.0,0.0,0.0,0.0,0.0,0.041280232,90_20881
-9.0,0.0,0.0,0.0,0.0,0.0,0.041280232,90_20881
-6.0,0.0,0.0,0.0,0.0,0.0,0.041280232,90_20881
-3.0,-476.9547424316406,46.706077575683594,-852.12744140625,83.98225541352772,0.0,0.041280232,90_20881
0.0,-526.0811767578125,54.64030838012695,-882.9111328125,82.05184073758473,0.0,0.041280232,90_20881
3.0,-531.5359497070312,30.14419937133789,-1040.6492919921875,49.11618124829955,0.0,0.041280232,90_20881
6.0,0.0,0.0,0.0,0.0,0.0,0.041280232,90_20881
9.0,0.0,0.0,0.0,0.0,0.0,0.041280232,90_20881
12.0,-565.4389038085938,28.218738555908203,-1026.8231201171875,46.003642554916205,0.0,0.041280232,90_20881
15.0,-601.2705688476562,28.275924682617188,-1088.5015869140625,46.28062220243574,0.0,0.041280232,90_20881
18.0,0.0,0.0,0.0,0.0,0.0,0.041280232,90_20881
21.0,-598.0635375976562,35.065826416015625,-1075.4683837890625,59.45833003630524,0.0,0.041280232,90_20881
24.0,-549.728759765625,42.065940856933594,-1080.2939453125,75.1902906416383,0.0,0.041280232,90_20881
27.0,-594.1736450195312,46.215240478515625,-1094.512939453125,75.85940187030488,0.0,0.041280232,90_20881
30.0,0.0,0.0,-2292.07568359375,118.63362121582031,0.0,0.041280232,90_20881
33.0,-1230.0311279296875,67.52084350585938,0.0,0.0,0.0,0.041280232,90_20881
36.0,-1221.6806640625,68.60930633544922,0.0,0.0,0.0,0.041280232,90_20881
39.0,-597.0186767578125,35.059478759765625,-1136.615478515625,57.917915996848585,0.0,0.041280232,90_20881
42.0,-662.0651245117188,37.69260787963867,-1174.0169677734375,57.04786477887189,0.0,0.041280232,90_20881
45.0,0.0,0.0,0.0,0.0,0.0,0.041280232,90_20881
48.0,0.0,0.0,0.0,0.0,0.0,0.041280232,90_20881
51.0,-1235.155517578125,112.4639663696289,0.0,0.0,0.0,0.041280232,90_20881
54.0,-1258.100830078125,123.58942413330078,0.0,0.0,0.0,0.041280232,90_20881
57.0,0.0,0.0,0.0,0.0,0.0,0.041280232,90_20881
60.0,0.0,0.0,0.0,0.0,0.0,0.041280232,90_20881
63.0,0.0,0.0,0.0,0.0,0.0,0.041280232,90_20881
66.0,0.0,0.0,0.0,0.0,0.0,0.041280232,90_20881
69.0,0.0,0.0,0.0,0.0,0.0,0.041280232,90_20881
