relative_time,g_flux,g_uncert,r_flux,r_uncert,redshift,mwebv,id
-30.0,-230.45181274414062,93.02339935302734,0.0,0.0,0.0,0.02732686,90_21836775
-27.0,0.0,0.0,0.0,0.0,0.0,0.02732686,90_21836775
-24.0,0.0,0.0,0.0,0.0,0.0,0.02732686,90_21836775
-21.0,-14.379459381103516,40.28496170043945,-264.19390869140625,72.81099651901403,0.0,0.02732686,90_21836775
-18.0,-90.87238311767578,36.86882400512695,-168.4312286376953,61.935474979830715,0.0,0.02732686,90_21836775
-15.0,0.0,0.0,0.0,0.0,0.0,0.02732686,90_21836775
-12.0,0.0,0.0,0.0,0.0,0.0,0.02732686,90_21836775
-9.0,-2.09684157371521,53.36101531982422,-193.83694458007812,78.70054453065941,0.0,0.02732686,90_21836775
-6.0,0.0,0.0,0.0,0.0,0.0,0.02732686,90_21836775
-3.0,-76.11729431152344,35.364681243896484,-179.54977416992188,64.17944602430494,0.0,0.02732686,90_21836775
0.0,-43.152687072753906,30.89057159423828,-143.50088500976562,45.83128419804267,0.0,0.02732686,90_21836775
3.0,-89.48187255859375,29.8303279876709,-218.2057342529297,43.5473242237013,0.0,0.02732686,90_21836775
6.0,-222.85633850097656,55.662750244140625,0.0,0.0,0.0,0.02732686,90_21836775
9.0,-66.6585922241211,28.145540237426758,-222.26797485351562,60.559100520875916,0.0,0.02732686,90_21836775
12.0,0.0,0.0,0.0,0.0,0.0,0.02732686,90_21836775
15.0,-81.6333999633789,42.90523910522461,-194.3415985107422,43.075109584286096,0.0,0.02732686,90_21836775
18.0,0.0,0.0,0.0,0.0,0.0,0.02732686,90_21836775
21.0,0.0,0.0,0.0,0.0,0.0,0.02732686,90_21836775
24.0,0.0,0.0,0.0,0.0,0.0,0.02732686,90_21836775
27.0,0.0,0.0,0.0,0.0,0.0,0.02732686,90_21836775
30.0,0.0,0.0,0.0,0.0,0.0,0.02732686,90_21836775
33.0,0.0,0.0,0.0,0.0,0.0,0.02732686,90_21836775
36.0,0.0,0.0,0.0,0.0,0.0,0.02732686,90_21836775
39.0,0.0,0.0,0.0,0.0,0.0,0.02732686,90_21836775
42.0,0.0,0.0,0.0,0.0,0.0,0.02732686,90_21836775
45.0,0.0,0.0,0.0,0.0,0.0,0.02732686,90_21836775
48.0,0.0,0.0,0.0,0.0,0.0,0.02732686,90_21836775
51.0,0.0,0.0,0.0,0.0,0.0,0.02732686,90_21836775
54.0,0.0,0.0,0.0,0.0,0.0,0.02732686,90_21836775
57.0,0.0,0.0,0.0,0.0,0.0,0.02732686,90_21836775
60.0,0.0,0.0,0.0,0.0,0.0,0.02732686,90_21836775
63.0,0.0,0.0,0.0,0.0,0.0,0.02732686,90_21836775
66.0,0.0,0.0,0.0,0.0,0.0,0.02732686,90_21836775
69.0,0.0,0.0,0.0,0.0,0.0,0.02732686,90_21836775
