relative_time,g_flux,g_uncert,r_flux,r_uncert,redshift,mwebv,id
-30.0,-16.144956588745117,40.767208099365234,29.17972755432129,83.69003546558666,0.05294099,0.15597793,90_2085625
-27.0,1.6420923471450806,116.41189575195312,-34.87685775756836,373.30123779464003,0.05294099,0.15597793,90_2085625
-24.0,0.0,0.0,63.5238151550293,59.51412582397461,0.05294099,0.15597793,90_2085625
-21.0,0.0,0.0,0.0,0.0,0.05294099,0.15597793,90_2085625
-18.0,0.0,0.0,0.0,0.0,0.05294099,0.15597793,90_2085625
-15.0,580.3043823242188,121.2325668334961,0.0,0.0,0.05294099,0.15597793,90_2085625
-12.0,0.0,0.0,0.0,0.0,0.05294099,0.15597793,90_2085625
-9.0,0.0,0.0,0.0,0.0,0.05294099,0.15597793,90_2085625
-6.0,0.0,0.0,0.0,0.0,0.05294099,0.15597793,90_2085625
-3.0,4125.43798828125,452.94342041015625,0.0,0.0,0.05294099,0.15597793,90_2085625
0.0,1555.6602783203125,155.1685791015625,2093.026123046875,135.69079827653957,0.05294099,0.15597793,90_2085625
3.0,0.0,0.0,0.0,0.0,0.05294099,0.15597793,90_2085625
6.0,0.0,0.0,0.0,0.0,0.05294099,0.15597793,90_2085625
9.0,0.0,0.0,2534.119140625,116.20319366455078,0.05294099,0.15597793,90_2085625
12.0,0.0,0.0,0.0,0.0,0.05294099,0.15597793,90_2085625
15.0,0.0,0.0,0.0,0.0,0.05294099,0.15597793,90_2085625
18.0,195.13125610351562,294.2384948730469,97.86470794677734,888.2555922889292,0.05294099,0.15597793,90_2085625
21.0,300.9027099609375,237.96719360351562,848.1868896484375,182.97827294937304,0.05294099,0.15597793,90_2085625
24.0,0.0,0.0,0.0,0.0,0.05294099,0.15597793,90_2085625
27.0,0.0,0.0,0.0,0.0,0.05294099,0.15597793,90_2085625
30.0,745.8308715820312,472.2147216796875,0.0,0.0,0.05294099,0.15597793,90_2085625
33.0,0.0,0.0,0.0,0.0,0.05294099,0.15597793,90_2085625
36.0,0.0,0.0,0.0,0.0,0.05294099,0.15597793,90_2085625
39.0,0.0,0.0,0.0,0.0,0.05294099,0.15597793,90_2085625
42.0,0.0,0.0,0.0,0.0,0.05294099,0.15597793,90_2085625
45.0,0.0,0.0,0.0,0.0,0.05294099,0.15597793,90_2085625
48.0,0.0,0.0,0.0,0.0,0.05294099,0.15597793,90_2085625
51.0,0.0,0.0,0.0,0.0,0.05294099,0.15597793,90_2085625
54.0,0.0,0.0,0.0,0.0,0.05294099,0.15597793,90_2085625
57.0,0.0,0.0,0.0,0.0,0.05294099,0.15597793,90_2085625
60.0,0.0,0.0,0.0,0.0,0.05294099,0.15597793,90_2085625
63.0,0.0,0.0,0.0,0.0,0.05294099,0.15597793,90_2085625
66.0,0.0,0.0,0.0,0.0,0.05294099,0.15597793,90_2085625
69.0,0.0,0.0,0.0,0.0,0.05294099,0.15597793,90_2085625
