relative_time,g_flux,g_uncert,r_flux,r_uncert,redshift,mwebv,id
-30.0,0.0,0.0,0.0,0.0,0.08763316,0.06978992,90_26127717
-27.0,0.0,0.0,0.0,0.0,0.08763316,0.06978992,90_26127717
-24.0,0.0,0.0,0.0,0.0,0.08763316,0.06978992,90_26127717
-21.0,0.0,0.0,0.0,0.0,0.08763316,0.06978992,90_26127717
-18.0,0.0,0.0,0.0,0.0,0.08763316,0.06978992,90_26127717
-15.0,0.0,0.0,0.0,0.0,0.08763316,0.06978992,90_26127717
-12.0,0.0,0.0,0.0,0.0,0.08763316,0.06978992,90_26127717
-9.0,0.0,0.0,0.0,0.0,0.08763316,0.06978992,90_26127717
-6.0,0.0,0.0,0.0,0.0,0.08763316,0.06978992,90_26127717
-3.0,0.0,0.0,0.0,0.0,0.08763316,0.06978992,90_26127717
0.0,558.9795532226562,61.60972213745117,891.4012451171875,98.56743331400858,0.08763316,0.06978992,90_26127717
3.0,204.1930694580078,163.7478790283203,1085.2406005859375,307.5143473830067,0.08763316,0.06978992,90_26127717
6.0,0.0,0.0,409.20379638671875,515.4050903320312,0.08763316,0.06978992,90_26127717
9.0,601.6342163085938,241.72250366210938,653.0673828125,184.27252781433964,0.08763316,0.06978992,90_26127717
12.0,0.0,0.0,0.0,0.0,0.08763316,0.06978992,90_26127717
15.0,0.0,0.0,0.0,0.0,0.08763316,0.06978992,90_26127717
18.0,453.08111572265625,199.79917907714844,0.0,0.0,0.08763316,0.06978992,90_26127717
21.0,0.0,0.0,0.0,0.0,0.08763316,0.06978992,90_26127717
24.0,475.1336669921875,166.69305419921875,0.0,0.0,0.08763316,0.06978992,90_26127717
27.0,-264.5968322753906,219.71498107910156,405.6021423339844,111.73491261350668,0.08763316,0.06978992,90_26127717
30.0,0.0,0.0,0.0,0.0,0.08763316,0.06978992,90_26127717
33.0,275.5655212402344,447.1497802734375,41.28828048706055,217.03506288563273,0.08763316,0.06978992,90_26127717
36.0,0.0,0.0,0.0,0.0,0.08763316,0.06978992,90_26127717
39.0,0.0,0.0,0.0,0.0,0.08763316,0.06978992,90_26127717
42.0,0.0,0.0,0.0,0.0,0.08763316,0.06978992,90_26127717
45.0,0.0,0.0,0.0,0.0,0.08763316,0.06978992,90_26127717
48.0,0.0,0.0,0.0,0.0,0.08763316,0.06978992,90_26127717
51.0,0.0,0.0,0.0,0.0,0.08763316,0.06978992,90_26127717
54.0,0.0,0.0,0.0,0.0,0.08763316,0.06978992,90_26127717
57.0,0.0,0.0,0.0,0.0,0.08763316,0.06978992,90_26127717
60.0,0.0,0.0,0.0,0.0,0.08763316,0.06978992,90_26127717
63.0,0.0,0.0,0.0,0.0,0.08763316,0.06978992,90_26127717
66.0,0.0,0.0,0.0,0.0,0.08763316,0.06978992,90_26127717
69.0,0.0,0.0,0.0,0.0,0.08763316,0.06978992,90_26127717
