relative_time,g_flux,g_uncert,r_flux,r_uncert,redshift,mwebv,id
-30.0,0.0,0.0,0.0,0.0,0.07653354,0.05681567,90_3602344
-27.0,-82.55355072021484,55.818199157714844,-57.175079345703125,89.79236504509979,0.07653354,0.05681567,90_3602344
-24.0,-2.2930235862731934,156.34439086914062,-308.5989074707031,296.11076157250943,0.07653354,0.05681567,90_3602344
-21.0,0.0,0.0,163.53912353515625,499.7857360839844,0.07653354,0.05681567,90_3602344
-18.0,-137.54249572753906,230.5273895263672,240.19285583496094,177.39366581607368,0.07653354,0.05681567,90_3602344
-15.0,0.0,0.0,0.0,0.0,0.07653354,0.05681567,90_3602344
-12.0,0.0,0.0,0.0,0.0,0.07653354,0.05681567,90_3602344
-9.0,596.3682861328125,191.7708740234375,0.0,0.0,0.07653354,0.05681567,90_3602344
-6.0,0.0,0.0,0.0,0.0,0.07653354,0.05681567,90_3602344
-3.0,1469.7132568359375,163.8169708251953,0.0,0.0,0.07653354,0.05681567,90_3602344
0.0,855.1396484375,211.65830993652344,1277.7689208984375,113.43933386468554,0.07653354,0.05681567,90_3602344
3.0,0.0,0.0,0.0,0.0,0.07653354,0.05681567,90_3602344
6.0,650.4268188476562,428.31298828125,928.4961547851562,213.12474166965214,0.07653354,0.05681567,90_3602344
9.0,0.0,0.0,0.0,0.0,0.07653354,0.05681567,90_3602344
12.0,0.0,0.0,0.0,0.0,0.07653354,0.05681567,90_3602344
15.0,0.0,0.0,0.0,0.0,0.07653354,0.05681567,90_3602344
18.0,0.0,0.0,0.0,0.0,0.07653354,0.05681567,90_3602344
21.0,0.0,0.0,0.0,0.0,0.07653354,0.05681567,90_3602344
24.0,0.0,0.0,0.0,0.0,0.07653354,0.05681567,90_3602344
27.0,0.0,0.0,0.0,0.0,0.07653354,0.05681567,90_3602344
30.0,0.0,0.0,0.0,0.0,0.07653354,0.05681567,90_3602344
33.0,0.0,0.0,0.0,0.0,0.07653354,0.05681567,90_3602344
36.0,0.0,0.0,0.0,0.0,0.07653354,0.05681567,90_3602344
39.0,0.0,0.0,0.0,0.0,0.07653354,0.05681567,90_3602344
42.0,0.0,0.0,0.0,0.0,0.07653354,0.05681567,90_3602344
45.0,0.0,0.0,0.0,0.0,0.07653354,0.05681567,90_3602344
48.0,0.0,0.0,0.0,0.0,0.07653354,0.05681567,90_3602344
51.0,0.0,0.0,0.0,0.0,0.07653354,0.05681567,90_3602344
54.0,0.0,0.0,0.0,0.0,0.07653354,0.05681567,90_3602344
57.0,0.0,0.0,0.0,0.0,0.07653354,0.05681567,90_3602344
60.0,0.0,0.0,0.0,0.0,0.07653354,0.05681567,90_3602344
63.0,0.0,0.0,0.0,0.0,0.07653354,0.05681567,90_3602344
66.0,0.0,0.0,0.0,0.0,0.07653354,0.05681567,90_3602344
69.0,0.0,0.0,0.0,0.0,0.07653354,0.05681567,90_3602344
