relative_time,g_flux,g_uncert,r_flux,r_uncert,redshift,mwebv,id
-30.0,0.0,0.0,0.0,0.0,0.12041455,0.029673738,90_36497267
-27.0,0.0,0.0,0.0,0.0,0.12041455,0.029673738,90_36497267
-24.0,7.223185857137044,17.95185724894206,30.38116200764974,47.809239369261114,0.12041455,0.029673738,90_36497267
-21.0,40.38874816894531,42.27614974975586,64.66026306152344,79.66854367587628,0.12041455,0.029673738,90_36497267
-18.0,0.0,0.0,0.0,0.0,0.12041455,0.029673738,90_36497267
-15.0,0.0,0.0,-292.4322204589844,150.3965606689453,0.12041455,0.029673738,90_36497267
-12.0,0.0,0.0,0.0,0.0,0.12041455,0.029673738,90_36497267
-9.0,0.0,0.0,278.9888610839844,60.87399673461914,0.12041455,0.029673738,90_36497267
-6.0,0.0,0.0,0.0,0.0,0.12041455,0.029673738,90_36497267
-3.0,549.8048706054688,74.73417663574219,0.0,0.0,0.12041455,0.029673738,90_36497267
0.0,215.0338592529297,34.19025802612305,360.15228271484375,57.43926806247667,0.12041455,0.029673738,90_36497267
3.0,0.0,0.0,0.0,0.0,0.12041455,0.029673738,90_36497267
6.0,0.0,0.0,540.7445068359375,160.86123657226562,0.12041455,0.029673738,90_36497267
9.0,0.0,0.0,0.0,0.0,0.12041455,0.029673738,90_36497267
12.0,0.0,0.0,0.0,0.0,0.12041455,0.029673738,90_36497267
15.0,0.0,0.0,0.0,0.0,0.12041455,0.029673738,90_36497267
18.0,0.0,0.0,0.0,0.0,0.12041455,0.029673738,90_36497267
21.0,0.0,0.0,0.0,0.0,0.12041455,0.029673738,90_36497267
24.0,0.0,0.0,0.0,0.0,0.12041455,0.029673738,90_36497267
27.0,0.0,0.0,0.0,0.0,0.12041455,0.029673738,90_36497267
30.0,0.0,0.0,0.0,0.0,0.12041455,0.029673738,90_36497267
33.0,226.49220275878906,209.38970947265625,0.0,0.0,0.12041455,0.029673738,90_36497267
36.0,0.0,0.0,0.0,0.0,0.12041455,0.029673738,90_36497267
39.0,0.0,0.0,0.0,0.0,0.12041455,0.029673738,90_36497267
42.0,0.0,0.0,0.0,0.0,0.12041455,0.029673738,90_36497267
45.0,0.0,0.0,0.0,0.0,0.12041455,0.029673738,90_36497267
48.0,0.0,0.0,0.0,0.0,0.12041455,0.029673738,90_36497267
51.0,0.0,0.0,0.0,0.0,0.12041455,0.029673738,90_36497267
54.0,0.0,0.0,0.0,0.0,0.12041455,0.029673738,90_36497267
57.0,0.0,0.0,0.0,0.0,0.12041455,0.029673738,90_36497267
60.0,0.0,0.0,0.0,0.0,0.12041455,0.029673738,90_36497267
63.0,0.0,0.0,0.0,0.0,0.12041455,0.029673738,90_36497267
66.0,0.0,0.0,0.0,0.0,0.12041455,0.029673738,90_36497267
69.0,0.0,0.0,0.0,0.0,0.12041455,0.029673738,90_36497267
