relative_time,g_flux,g_uncert,r_flux,r_uncert,redshift,mwebv,id
-30.0,0.0,0.0,0.0,0.0,0.07524846,0.45587757,90_34242592
-27.0,-227.45973205566406,250.3596954345703,56.272850036621094,154.70049703702884,0.07524846,0.45587757,90_34242592
-24.0,-174.787841796875,354.1636047363281,0.0,0.0,0.07524846,0.45587757,90_34242592
-21.0,-26.483928680419922,133.59365844726562,80.70938110351562,127.22111865409538,0.07524846,0.45587757,90_34242592
-18.0,0.0,0.0,0.0,0.0,0.07524846,0.45587757,90_34242592
-15.0,924.5177612304688,228.00242614746094,604.5897216796875,146.78559671870832,0.07524846,0.45587757,90_34242592
-12.0,2181.822021484375,484.100341796875,0.0,0.0,0.07524846,0.45587757,90_34242592
-9.0,0.0,0.0,0.0,0.0,0.07524846,0.45587757,90_34242592
-6.0,0.0,0.0,0.0,0.0,0.07524846,0.45587757,90_34242592
-3.0,0.0,0.0,0.0,0.0,0.07524846,0.45587757,90_34242592
0.0,700.0916137695312,202.18955993652344,1000.2360229492188,249.9351005329061,0.07524846,0.45587757,90_34242592
3.0,1021.97998046875,181.38206481933594,1226.42138671875,516.6199224202871,0.07524846,0.45587757,90_34242592
6.0,265.4418640136719,214.46798706054688,940.2237548828125,278.3049116754065,0.07524846,0.45587757,90_34242592
9.0,0.0,0.0,0.0,0.0,0.07524846,0.45587757,90_34242592
12.0,0.0,0.0,0.0,0.0,0.07524846,0.45587757,90_34242592
15.0,0.0,0.0,0.0,0.0,0.07524846,0.45587757,90_34242592
18.0,0.0,0.0,0.0,0.0,0.07524846,0.45587757,90_34242592
21.0,0.0,0.0,0.0,0.0,0.07524846,0.45587757,90_34242592
24.0,0.0,0.0,0.0,0.0,0.07524846,0.45587757,90_34242592
27.0,0.0,0.0,0.0,0.0,0.07524846,0.45587757,90_34242592
30.0,0.0,0.0,0.0,0.0,0.07524846,0.45587757,90_34242592
33.0,0.0,0.0,0.0,0.0,0.07524846,0.45587757,90_34242592
36.0,0.0,0.0,0.0,0.0,0.07524846,0.45587757,90_34242592
39.0,0.0,0.0,0.0,0.0,0.07524846,0.45587757,90_34242592
42.0,0.0,0.0,0.0,0.0,0.07524846,0.45587757,90_34242592
45.0,0.0,0.0,0.0,0.0,0.07524846,0.45587757,90_34242592
48.0,0.0,0.0,0.0,0.0,0.07524846,0.45587757,90_34242592
51.0,0.0,0.0,0.0,0.0,0.07524846,0.45587757,90_34242592
54.0,0.0,0.0,0.0,0.0,0.07524846,0.45587757,90_34242592
57.0,0.0,0.0,0.0,0.0,0.07524846,0.45587757,90_34242592
60.0,0.0,0.0,0.0,0.0,0.07524846,0.45587757,90_34242592
63.0,0.0,0.0,0.0,0.0,0.07524846,0.45587757,90_34242592
66.0,0.0,0.0,0.0,0.0,0.07524846,0.45587757,90_34242592
69.0,0.0,0.0,0.0,0.0,0.07524846,0.45587757,90_34242592
