relative_time,g_flux,g_uncert,r_flux,r_uncert,redshift,mwebv,id
-30.0,0.0,0.0,0.0,0.0,0.0,0.020347135,90_35056306
-27.0,0.0,0.0,0.0,0.0,0.0,0.020347135,90_35056306
-24.0,0.0,0.0,0.0,0.0,0.0,0.020347135,90_35056306
-21.0,67.16831970214844,53.12894821166992,172.36904907226562,81.83861679639502,0.0,0.020347135,90_35056306
-18.0,73.78271484375,104.95860290527344,0.0,0.0,0.0,0.020347135,90_35056306
-15.0,149.7082061767578,52.5313720703125,78.41621398925781,82.2125031754091,0.0,0.020347135,90_35056306
-12.0,192.86697387695312,52.335487365722656,255.53001403808594,81.46175248965255,0.0,0.020347135,90_35056306
-9.0,0.0,0.0,0.0,0.0,0.0,0.020347135,90_35056306
-6.0,168.4420928955078,52.833168029785156,342.747802734375,82.52606493873692,0.0,0.020347135,90_35056306
-3.0,239.699462890625,51.96822738647461,267.3954162597656,84.02138926813227,0.0,0.020347135,90_35056306
0.0,0.0,0.0,608.1095581054688,155.6432342529297,0.0,0.020347135,90_35056306
3.0,0.0,0.0,0.0,0.0,0.0,0.020347135,90_35056306
6.0,0.0,0.0,0.0,0.0,0.0,0.020347135,90_35056306
9.0,0.0,0.0,0.0,0.0,0.0,0.020347135,90_35056306
12.0,0.0,0.0,0.0,0.0,0.0,0.020347135,90_35056306
15.0,0.0,0.0,0.0,0.0,0.0,0.020347135,90_35056306
18.0,0.0,0.0,0.0,0.0,0.0,0.020347135,90_35056306
21.0,0.0,0.0,0.0,0.0,0.0,0.020347135,90_35056306
24.0,0.0,0.0,0.0,0.0,0.0,0.020347135,90_35056306
27.0,0.0,0.0,0.0,0.0,0.0,0.020347135,90_35056306
30.0,0.0,0.0,0.0,0.0,0.0,0.020347135,90_35056306
33.0,0.0,0.0,0.0,0.0,0.0,0.020347135,90_35056306
36.0,0.0,0.0,0.0,0.0,0.0,0.020347135,90_35056306
39.0,0.0,0.0,0.0,0.0,0.0,0.020347135,90_35056306
42.0,0.0,0.0,0.0,0.0,0.0,0.020347135,90_35056306
45.0,0.0,0.0,0.0,0.0,0.0,0.020347135,90_35056306
48.0,0.0,0.0,0.0,0.0,0.0,0.020347135,90_35056306
51.0,0.0,0.0,0.0,0.0,0.0,0.020347135,90_35056306
54.0,0.0,0.0,0.0,0.0,0.0,0.020347135,90_35056306
57.0,0.0,0.0,0.0,0.0,0.0,0.020347135,90_35056306
60.0,0.0,0.0,0.0,0.0,0.0,0.020347135,90_35056306
63.0,0.0,0.0,0.0,0.0,0.0,0.020347135,90_35056306
66.0,0.0,0.0,0.0,0.0,0.0,0.020347135,90_35056306
69.0,0.0,0.0,0.0,0.0,0.0,0.020347135,90_35056306
