relative_time,g_flux,g_uncert,r_flux,r_uncert,redshift,mwebv,id
-30.0,0.0,0.0,0.0,0.0,0.0,0.02117939,90_35352733
-27.0,0.0,0.0,0.0,0.0,0.0,0.02117939,90_35352733
-24.0,0.0,0.0,0.0,0.0,0.0,0.02117939,90_35352733
-21.0,0.0,0.0,0.0,0.0,0.0,0.02117939,90_35352733
-18.0,0.0,0.0,0.0,0.0,0.0,0.02117939,90_35352733
-15.0,0.0,0.0,0.0,0.0,0.0,0.02117939,90_35352733
-12.0,0.0,0.0,0.0,0.0,0.0,0.02117939,90_35352733
-9.0,0.0,0.0,0.0,0.0,0.0,0.02117939,90_35352733
-6.0,0.0,0.0,0.0,0.0,0.0,0.02117939,90_35352733
-3.0,1298.3433837890625,101.70769500732422,0.0,0.0,0.0,0.02117939,90_35352733
0.0,908.2422485351562,37.13706970214844,1350.2491455078125,57.92362369166133,0.0,0.02117939,90_35352733
3.0,0.0,0.0,0.0,0.0,0.0,0.02117939,90_35352733
6.0,0.0,0.0,0.0,0.0,0.0,0.02117939,90_35352733
9.0,0.0,0.0,0.0,0.0,0.0,0.02117939,90_35352733
12.0,114.1239242553711,42.59382629394531,201.79653930664062,83.04702965771293,0.0,0.02117939,90_35352733
15.0,105.10749816894531,47.30154800415039,242.017333984375,88.06078638778924,0.0,0.02117939,90_35352733
18.0,0.0,0.0,0.0,0.0,0.0,0.02117939,90_35352733
21.0,0.0,0.0,0.0,0.0,0.0,0.02117939,90_35352733
24.0,0.0,0.0,0.0,0.0,0.0,0.02117939,90_35352733
27.0,0.0,0.0,0.0,0.0,0.0,0.02117939,90_35352733
30.0,0.0,0.0,118.25656127929688,74.92359161376953,0.0,0.02117939,90_35352733
33.0,0.0,0.0,0.0,0.0,0.0,0.02117939,90_35352733
36.0,0.0,0.0,0.0,0.0,0.0,0.02117939,90_35352733
39.0,-37.5274543762207,76.98746490478516,0.0,0.0,0.0,0.02117939,90_35352733
42.0,0.0,0.0,0.0,0.0,0.0,0.02117939,90_35352733
45.0,0.0,0.0,0.0,0.0,0.0,0.02117939,90_35352733
48.0,0.0,0.0,0.0,0.0,0.0,0.02117939,90_35352733
51.0,0.0,0.0,0.0,0.0,0.0,0.02117939,90_35352733
54.0,0.0,0.0,0.0,0.0,0.0,0.02117939,90_35352733
57.0,0.0,0.0,0.0,0.0,0.0,0.02117939,90_35352733
60.0,0.0,0.0,0.0,0.0,0.0,0.02117939,90_35352733
63.0,-81.60365295410156,33.25758743286133,-14.587766647338867,54.17403504586103,0.0,0.02117939,90_35352733
66.0,-28.75505256652832,65.8175277709961,0.0,0.0,0.0,0.02117939,90_35352733
69.0,0.0,0.0,0.0,0.0,0.0,0.02117939,90_35352733
