relative_time,g_flux,g_uncert,r_flux,r_uncert,redshift,mwebv,id
-30.0,0.0,0.0,0.0,0.0,0.10950829,0.066733435,90_36824425
-27.0,0.0,0.0,0.0,0.0,0.10950829,0.066733435,90_36824425
-24.0,0.0,0.0,0.0,0.0,0.10950829,0.066733435,90_36824425
-21.0,0.0,0.0,0.0,0.0,0.10950829,0.066733435,90_36824425
-18.0,0.0,0.0,0.0,0.0,0.10950829,0.066733435,90_36824425
-15.0,0.0,0.0,0.0,0.0,0.10950829,0.066733435,90_36824425
-12.0,0.0,0.0,0.0,0.0,0.10950829,0.066733435,90_36824425
-9.0,0.0,0.0,0.0,0.0,0.10950829,0.066733435,90_36824425
-6.0,0.0,0.0,567.2183227539062,240.7808074951172,0.10950829,0.066733435,90_36824425
-3.0,430.9537048339844,185.4791717529297,0.0,0.0,0.10950829,0.066733435,90_36824425
0.0,287.2276916503906,38.40180587768555,421.9206237792969,79.60565653180056,0.10950829,0.066733435,90_36824425
3.0,316.10760498046875,123.9170633951823,190.5090128580729,111.68380035749617,0.10950829,0.066733435,90_36824425
6.0,324.6388244628906,140.18154907226562,522.6578979492188,265.4086288014627,0.10950829,0.066733435,90_36824425
9.0,0.0,0.0,0.0,0.0,0.10950829,0.066733435,90_36824425
12.0,0.0,0.0,0.0,0.0,0.10950829,0.066733435,90_36824425
15.0,0.0,0.0,0.0,0.0,0.10950829,0.066733435,90_36824425
18.0,0.0,0.0,0.0,0.0,0.10950829,0.066733435,90_36824425
21.0,0.0,0.0,0.0,0.0,0.10950829,0.066733435,90_36824425
24.0,79.4142837524414,292.4291076660156,0.0,0.0,0.10950829,0.066733435,90_36824425
27.0,0.0,0.0,0.0,0.0,0.10950829,0.066733435,90_36824425
30.0,0.0,0.0,0.0,0.0,0.10950829,0.066733435,90_36824425
33.0,0.0,0.0,0.0,0.0,0.10950829,0.066733435,90_36824425
36.0,0.0,0.0,0.0,0.0,0.10950829,0.066733435,90_36824425
39.0,0.0,0.0,0.0,0.0,0.10950829,0.066733435,90_36824425
42.0,-154.29849243164062,98.94867706298828,11.96416187286377,120.36828115467313,0.10950829,0.066733435,90_36824425
45.0,547.0947875976562,310.09881591796875,0.0,0.0,0.10950829,0.066733435,90_36824425
48.0,0.0,0.0,0.0,0.0,0.10950829,0.066733435,90_36824425
51.0,0.0,0.0,0.0,0.0,0.10950829,0.066733435,90_36824425
54.0,34.0820198059082,42.83022689819336,77.17742156982422,66.57709324499437,0.10950829,0.066733435,90_36824425
57.0,-17.614696502685547,76.02597427368164,0.0,0.0,0.10950829,0.066733435,90_36824425
60.0,0.0,0.0,0.0,0.0,0.10950829,0.066733435,90_36824425
63.0,0.0,0.0,0.0,0.0,0.10950829,0.066733435,90_36824425
66.0,-248.5913543701172,234.16290283203125,0.0,0.0,0.10950829,0.066733435,90_36824425
69.0,590.4935455322266,620.4146423339844,0.0,0.0,0.10950829,0.066733435,90_36824425
