relative_time,g_flux,g_uncert,r_flux,r_uncert,redshift,mwebv,id
-30.0,0.0,0.0,0.0,0.0,0.0,0.026548397,90_37241214
-27.0,0.0,0.0,0.0,0.0,0.0,0.026548397,90_37241214
-24.0,0.0,0.0,0.0,0.0,0.0,0.026548397,90_37241214
-21.0,0.0,0.0,0.0,0.0,0.0,0.026548397,90_37241214
-18.0,0.0,0.0,0.0,0.0,0.0,0.026548397,90_37241214
-15.0,0.0,0.0,0.0,0.0,0.0,0.026548397,90_37241214
-12.0,0.0,0.0,0.0,0.0,0.0,0.026548397,90_37241214
-9.0,0.0,0.0,0.0,0.0,0.0,0.026548397,90_37241214
-6.0,0.0,0.0,0.0,0.0,0.0,0.026548397,90_37241214
-3.0,0.0,0.0,0.0,0.0,0.0,0.026548397,90_37241214
0.0,835.7227783203125,50.82582092285156,1782.8687744140625,88.78405597961752,0.0,0.026548397,90_37241214
3.0,828.2052001953125,143.5891876220703,0.0,0.0,0.0,0.026548397,90_37241214
6.0,0.0,0.0,0.0,0.0,0.0,0.026548397,90_37241214
9.0,1077.600341796875,61.425601959228516,0.0,0.0,0.0,0.026548397,90_37241214
12.0,0.0,0.0,0.0,0.0,0.0,0.026548397,90_37241214
15.0,0.0,0.0,0.0,0.0,0.0,0.026548397,90_37241214
18.0,129.1534881591797,28.700653076171875,269.42816162109375,52.54752005251844,0.0,0.026548397,90_37241214
21.0,113.69123077392578,33.22627639770508,198.36412048339844,48.8585419466247,0.0,0.026548397,90_37241214
24.0,0.0,0.0,0.0,0.0,0.0,0.026548397,90_37241214
27.0,0.0,0.0,0.0,0.0,0.0,0.026548397,90_37241214
30.0,130.0150604248047,145.9322509765625,0.0,0.0,0.0,0.026548397,90_37241214
33.0,0.0,0.0,0.0,0.0,0.0,0.026548397,90_37241214
36.0,0.0,0.0,0.0,0.0,0.0,0.026548397,90_37241214
39.0,0.0,0.0,0.0,0.0,0.0,0.026548397,90_37241214
42.0,0.0,0.0,0.0,0.0,0.0,0.026548397,90_37241214
45.0,0.0,0.0,0.0,0.0,0.0,0.026548397,90_37241214
48.0,0.0,0.0,0.0,0.0,0.0,0.026548397,90_37241214
51.0,0.0,0.0,0.0,0.0,0.0,0.026548397,90_37241214
54.0,0.0,0.0,0.0,0.0,0.0,0.026548397,90_37241214
57.0,0.0,0.0,0.0,0.0,0.0,0.026548397,90_37241214
60.0,0.0,0.0,0.0,0.0,0.0,0.026548397,90_37241214
63.0,0.0,0.0,0.0,0.0,0.0,0.026548397,90_37241214
66.0,0.0,0.0,0.0,0.0,0.0,0.026548397,90_37241214
69.0,0.0,0.0,0.0,0.0,0.0,0.026548397,90_37241214
