relative_time,g_flux,g_uncert,r_flux,r_uncert,redshift,mwebv,id
-30.0,0.0,0.0,-74.29133605957031,80.33892822265625,0.08772342,0.01970876,90_31813313
-27.0,-32.88356018066406,21.800453186035156,-28.678701400756836,35.771660908470956,0.08772342,0.01970876,90_31813313
-24.0,0.0,0.0,0.0,0.0,0.08772342,0.01970876,90_31813313
-21.0,0.0,0.0,0.0,0.0,0.08772342,0.01970876,90_31813313
-18.0,0.0,0.0,144.0559844970703,81.299072265625,0.08772342,0.01970876,90_31813313
-15.0,0.0,0.0,0.0,0.0,0.08772342,0.01970876,90_31813313
-12.0,0.0,0.0,0.0,0.0,0.08772342,0.01970876,90_31813313
-9.0,0.0,0.0,803.6867065429688,135.7720489501953,0.08772342,0.01970876,90_31813313
-6.0,984.6322021484375,186.65696716308594,0.0,0.0,0.08772342,0.01970876,90_31813313
-3.0,997.6085815429688,57.07350540161133,0.0,0.0,0.08772342,0.01970876,90_31813313
0.0,980.67578125,74.96288299560547,0.0,0.0,0.08772342,0.01970876,90_31813313
3.0,839.0709228515625,69.72944641113281,0.0,0.0,0.08772342,0.01970876,90_31813313
6.0,0.0,0.0,1129.9765625,147.05465698242188,0.08772342,0.01970876,90_31813313
9.0,0.0,0.0,0.0,0.0,0.08772342,0.01970876,90_31813313
12.0,182.62339782714844,55.097164154052734,394.3041687011719,123.48535147720835,0.08772342,0.01970876,90_31813313
15.0,221.0380401611328,163.65049743652344,0.0,0.0,0.08772342,0.01970876,90_31813313
18.0,0.0,0.0,0.0,0.0,0.08772342,0.01970876,90_31813313
21.0,0.0,0.0,0.0,0.0,0.08772342,0.01970876,90_31813313
24.0,0.0,0.0,0.0,0.0,0.08772342,0.01970876,90_31813313
27.0,0.0,0.0,0.0,0.0,0.08772342,0.01970876,90_31813313
30.0,0.0,0.0,0.0,0.0,0.08772342,0.01970876,90_31813313
33.0,0.0,0.0,0.0,0.0,0.08772342,0.01970876,90_31813313
36.0,0.0,0.0,0.0,0.0,0.08772342,0.01970876,90_31813313
39.0,0.0,0.0,0.0,0.0,0.08772342,0.01970876,90_31813313
42.0,0.0,0.0,0.0,0.0,0.08772342,0.01970876,90_31813313
45.0,0.0,0.0,0.0,0.0,0.08772342,0.01970876,90_31813313
48.0,0.0,0.0,0.0,0.0,0.08772342,0.01970876,90_31813313
51.0,0.0,0.0,0.0,0.0,0.08772342,0.01970876,90_31813313
54.0,0.0,0.0,0.0,0.0,0.08772342,0.01970876,90_31813313
57.0,0.0,0.0,0.0,0.0,0.08772342,0.01970876,90_31813313
60.0,0.0,0.0,0.0,0.0,0.08772342,0.01970876,90_31813313
63.0,0.0,0.0,0.0,0.0,0.08772342,0.01970876,90_31813313
66.0,0.0,0.0,0.0,0.0,0.08772342,0.01970876,90_31813313
69.0,0.0,0.0,0.0,0.0,0.08772342,0.01970876,90_31813313
