relative_time,g_flux,g_uncert,r_flux,r_uncert,redshift,mwebv,id
-30.0,0.0,0.0,0.0,0.0,0.122703955,0.012969335,90_3323788
-27.0,0.0,0.0,23.6250057220459,61.15779113769531,0.122703955,0.012969335,90_3323788
-24.0,0.0,0.0,-116.79618072509766,89.41726684570312,0.122703955,0.012969335,90_3323788
-21.0,0.0,0.0,-122.57487487792969,116.9361343383789,0.122703955,0.012969335,90_3323788
-18.0,-12.489492416381836,206.6447296142578,0.0,0.0,0.122703955,0.012969335,90_3323788
-15.0,81.39166259765625,50.345703125,0.0,0.0,0.122703955,0.012969335,90_3323788
-12.0,0.0,0.0,0.0,0.0,0.122703955,0.012969335,90_3323788
-9.0,1.3881462812423706,28.96611213684082,50.50714874267578,47.48114247631411,0.122703955,0.012969335,90_3323788
-6.0,130.1817169189453,30.302248001098633,215.23147583007812,66.03666409985168,0.122703955,0.012969335,90_3323788
-3.0,228.46267700195312,38.07365036010742,309.2254638671875,61.8785005328389,0.122703955,0.012969335,90_3323788
0.0,345.3194885253906,47.64621353149414,423.9124450683594,73.77170729401159,0.122703955,0.012969335,90_3323788
3.0,0.0,0.0,833.76318359375,205.64236450195312,0.122703955,0.012969335,90_3323788
6.0,250.85443115234375,77.65265655517578,395.3479309082031,95.40853173856411,0.122703955,0.012969335,90_3323788
9.0,0.0,0.0,0.0,0.0,0.122703955,0.012969335,90_3323788
12.0,0.0,0.0,0.0,0.0,0.122703955,0.012969335,90_3323788
15.0,0.0,0.0,0.0,0.0,0.122703955,0.012969335,90_3323788
18.0,0.0,0.0,0.0,0.0,0.122703955,0.012969335,90_3323788
21.0,0.0,0.0,0.0,0.0,0.122703955,0.012969335,90_3323788
24.0,0.0,0.0,0.0,0.0,0.122703955,0.012969335,90_3323788
27.0,0.0,0.0,0.0,0.0,0.122703955,0.012969335,90_3323788
30.0,0.0,0.0,0.0,0.0,0.122703955,0.012969335,90_3323788
33.0,0.0,0.0,0.0,0.0,0.122703955,0.012969335,90_3323788
36.0,0.0,0.0,0.0,0.0,0.122703955,0.012969335,90_3323788
39.0,0.0,0.0,0.0,0.0,0.122703955,0.012969335,90_3323788
42.0,0.0,0.0,0.0,0.0,0.122703955,0.012969335,90_3323788
45.0,0.0,0.0,0.0,0.0,0.122703955,0.012969335,90_3323788
48.0,0.0,0.0,0.0,0.0,0.122703955,0.012969335,90_3323788
51.0,0.0,0.0,0.0,0.0,0.122703955,0.012969335,90_3323788
54.0,0.0,0.0,0.0,0.0,0.122703955,0.012969335,90_3323788
57.0,0.0,0.0,0.0,0.0,0.122703955,0.012969335,90_3323788
60.0,0.0,0.0,0.0,0.0,0.122703955,0.012969335,90_3323788
63.0,0.0,0.0,0.0,0.0,0.122703955,0.012969335,90_3323788
66.0,0.0,0.0,0.0,0.0,0.122703955,0.012969335,90_3323788
69.0,0.0,0.0,0.0,0.0,0.122703955,0.012969335,90_3323788
