relative_time,g_flux,g_uncert,r_flux,r_uncert,redshift,mwebv,id
-30.0,0.0,0.0,0.0,0.0,0.09434678,0.05300016,90_3146760
-27.0,-24.642230987548828,50.43053436279297,-4.9257893562316895,73.2249068940732,0.09434678,0.05300016,90_3146760
-24.0,64.53218841552734,53.573856353759766,-67.98464965820312,81.83035196798943,0.09434678,0.05300016,90_3146760
-21.0,0.0,0.0,0.0,0.0,0.09434678,0.05300016,90_3146760
-18.0,0.0,0.0,0.0,0.0,0.09434678,0.05300016,90_3146760
-15.0,0.0,0.0,938.7138671875,297.00982666015625,0.09434678,0.05300016,90_3146760
-12.0,0.0,0.0,0.0,0.0,0.09434678,0.05300016,90_3146760
-9.0,0.0,0.0,0.0,0.0,0.09434678,0.05300016,90_3146760
-6.0,0.0,0.0,1647.46923828125,105.8440933227539,0.09434678,0.05300016,90_3146760
-3.0,0.0,0.0,0.0,0.0,0.09434678,0.05300016,90_3146760
0.0,0.0,0.0,2221.59423828125,193.2149200439453,0.09434678,0.05300016,90_3146760
3.0,0.0,0.0,0.0,0.0,0.09434678,0.05300016,90_3146760
6.0,305.9682312011719,169.9437255859375,477.5411071777344,162.8656188116863,0.09434678,0.05300016,90_3146760
9.0,0.0,0.0,601.4058227539062,182.73236083984375,0.09434678,0.05300016,90_3146760
12.0,0.0,0.0,0.0,0.0,0.09434678,0.05300016,90_3146760
15.0,401.3798828125,117.82418823242188,0.0,0.0,0.09434678,0.05300016,90_3146760
18.0,0.0,0.0,0.0,0.0,0.09434678,0.05300016,90_3146760
21.0,113.5223388671875,33.509483337402344,311.2369384765625,46.40190262501153,0.09434678,0.05300016,90_3146760
24.0,0.0,0.0,638.4966430664062,184.26658630371094,0.09434678,0.05300016,90_3146760
27.0,62.701602935791016,72.26336669921875,0.0,0.0,0.09434678,0.05300016,90_3146760
30.0,0.0,0.0,0.0,0.0,0.09434678,0.05300016,90_3146760
33.0,0.0,0.0,0.0,0.0,0.09434678,0.05300016,90_3146760
36.0,-39.97332000732422,247.2007598876953,0.0,0.0,0.09434678,0.05300016,90_3146760
39.0,169.35494995117188,98.08021545410156,0.0,0.0,0.09434678,0.05300016,90_3146760
42.0,113.77133178710938,160.71202087402344,0.0,0.0,0.09434678,0.05300016,90_3146760
45.0,0.0,0.0,0.0,0.0,0.09434678,0.05300016,90_3146760
48.0,0.0,0.0,0.0,0.0,0.09434678,0.05300016,90_3146760
51.0,0.0,0.0,0.0,0.0,0.09434678,0.05300016,90_3146760
54.0,0.0,0.0,0.0,0.0,0.09434678,0.05300016,90_3146760
57.0,0.0,0.0,0.0,0.0,0.09434678,0.05300016,90_3146760
60.0,0.0,0.0,0.0,0.0,0.09434678,0.05300016,90_3146760
63.0,0.0,0.0,0.0,0.0,0.09434678,0.05300016,90_3146760
66.0,0.0,0.0,0.0,0.0,0.09434678,0.05300016,90_3146760
69.0,0.0,0.0,0.0,0.0,0.09434678,0.05300016,90_3146760
