relative_time,g_flux,g_uncert,r_flux,r_uncert,redshift,mwebv,id
-30.0,0.0,0.0,0.0,0.0,0.069599256,0.034790423,90_32816532
-27.0,0.0,0.0,0.0,0.0,0.069599256,0.034790423,90_32816532
-24.0,0.0,0.0,-58.664329528808594,114.06919818505911,0.069599256,0.034790423,90_32816532
-21.0,0.0,0.0,220.97311401367188,237.3370361328125,0.069599256,0.034790423,90_32816532
-18.0,0.0,0.0,0.0,0.0,0.069599256,0.034790423,90_32816532
-15.0,0.0,0.0,81.74811553955078,103.63822937011719,0.069599256,0.034790423,90_32816532
-12.0,-67.33634948730469,64.2565689086914,65.54508972167969,106.95628809365084,0.069599256,0.034790423,90_32816532
-9.0,-304.4962463378906,245.98251342773438,0.0,0.0,0.069599256,0.034790423,90_32816532
-6.0,930.33740234375,245.9119110107422,0.0,0.0,0.069599256,0.034790423,90_32816532
-3.0,0.0,0.0,0.0,0.0,0.069599256,0.034790423,90_32816532
0.0,877.3954467773438,53.7154426574707,1066.0548095703125,92.10820017520774,0.069599256,0.034790423,90_32816532
3.0,1016.5723876953125,34.43453598022461,1231.1988525390625,66.1232721646189,0.069599256,0.034790423,90_32816532
6.0,0.0,0.0,0.0,0.0,0.069599256,0.034790423,90_32816532
9.0,0.0,0.0,3018.865234375,112.22418975830078,0.069599256,0.034790423,90_32816532
12.0,0.0,0.0,0.0,0.0,0.069599256,0.034790423,90_32816532
15.0,0.0,0.0,0.0,0.0,0.069599256,0.034790423,90_32816532
18.0,0.0,0.0,0.0,0.0,0.069599256,0.034790423,90_32816532
21.0,0.0,0.0,0.0,0.0,0.069599256,0.034790423,90_32816532
24.0,0.0,0.0,0.0,0.0,0.069599256,0.034790423,90_32816532
27.0,0.0,0.0,0.0,0.0,0.069599256,0.034790423,90_32816532
30.0,0.0,0.0,0.0,0.0,0.069599256,0.034790423,90_32816532
33.0,0.0,0.0,0.0,0.0,0.069599256,0.034790423,90_32816532
36.0,0.0,0.0,0.0,0.0,0.069599256,0.034790423,90_32816532
39.0,0.0,0.0,0.0,0.0,0.069599256,0.034790423,90_32816532
42.0,0.0,0.0,0.0,0.0,0.069599256,0.034790423,90_32816532
45.0,0.0,0.0,0.0,0.0,0.069599256,0.034790423,90_32816532
48.0,0.0,0.0,0.0,0.0,0.069599256,0.034790423,90_32816532
51.0,0.0,0.0,0.0,0.0,0.069599256,0.034790423,90_32816532
54.0,0.0,0.0,0.0,0.0,0.069599256,0.034790423,90_32816532
57.0,0.0,0.0,0.0,0.0,0.069599256,0.034790423,90_32816532
60.0,0.0,0.0,0.0,0.0,0.069599256,0.034790423,90_32816532
63.0,0.0,0.0,0.0,0.0,0.069599256,0.034790423,90_32816532
66.0,0.0,0.0,0.0,0.0,0.069599256,0.034790423,90_32816532
69.0,0.0,0.0,0.0,0.0,0.069599256,0.034790423,90_32816532
