relative_time,g_flux,g_uncert,r_flux,r_uncert,redshift,mwebv,id
-30.0,0.0,0.0,0.0,0.0,0.0,0.020454569,90_4419140
-27.0,0.0,0.0,0.0,0.0,0.0,0.020454569,90_4419140
-24.0,0.0,0.0,0.0,0.0,0.0,0.020454569,90_4419140
-21.0,0.0,0.0,0.0,0.0,0.0,0.020454569,90_4419140
-18.0,0.0,0.0,0.0,0.0,0.0,0.020454569,90_4419140
-15.0,0.0,0.0,0.0,0.0,0.0,0.020454569,90_4419140
-12.0,0.0,0.0,0.0,0.0,0.0,0.020454569,90_4419140
-9.0,0.0,0.0,0.0,0.0,0.0,0.020454569,90_4419140
-6.0,0.0,0.0,0.0,0.0,0.0,0.020454569,90_4419140
-3.0,883.7945556640625,55.273929595947266,0.0,0.0,0.0,0.020454569,90_4419140
0.0,410.3973388671875,28.444135665893555,763.302734375,44.684906102936175,0.0,0.020454569,90_4419140
3.0,0.0,0.0,0.0,0.0,0.0,0.020454569,90_4419140
6.0,0.0,0.0,556.4398803710938,95.28640747070312,0.0,0.020454569,90_4419140
9.0,0.0,0.0,0.0,0.0,0.0,0.020454569,90_4419140
12.0,0.0,0.0,0.0,0.0,0.0,0.020454569,90_4419140
15.0,76.18357849121094,29.342233657836914,149.63499450683594,41.97625425251176,0.0,0.020454569,90_4419140
18.0,0.0,0.0,194.9621124267578,53.306907653808594,0.0,0.020454569,90_4419140
21.0,0.0,0.0,117.90190887451172,52.0765380859375,0.0,0.020454569,90_4419140
24.0,-23.87826156616211,49.219947814941406,0.0,0.0,0.0,0.020454569,90_4419140
27.0,0.0,0.0,95.183837890625,56.894107818603516,0.0,0.020454569,90_4419140
30.0,0.0,0.0,0.0,0.0,0.0,0.020454569,90_4419140
33.0,0.0,0.0,-1.4788352251052856,102.36312866210938,0.0,0.020454569,90_4419140
36.0,0.0,0.0,-242.93223571777344,124.16682434082031,0.0,0.020454569,90_4419140
39.0,-5.537960529327393,87.28649139404297,0.0,0.0,0.0,0.020454569,90_4419140
42.0,-31.645854949951172,27.842906951904297,-12.957076072692871,41.97801295620642,0.0,0.020454569,90_4419140
45.0,-95.26393127441406,49.06275177001953,0.0,0.0,0.0,0.020454569,90_4419140
48.0,0.0,0.0,0.0,0.0,0.0,0.020454569,90_4419140
51.0,-36.3790283203125,24.952848434448242,-4.501831531524658,37.00589866115804,0.0,0.020454569,90_4419140
54.0,-19.461355209350586,24.609113693237305,-20.346141815185547,36.827684252565,0.0,0.020454569,90_4419140
57.0,0.0,0.0,-209.1319580078125,58.123191833496094,0.0,0.020454569,90_4419140
60.0,-33.99232864379883,28.802560806274414,-37.48008346557617,58.8944443155049,0.0,0.020454569,90_4419140
63.0,0.0,0.0,0.0,0.0,0.0,0.020454569,90_4419140
66.0,0.0,0.0,0.0,0.0,0.0,0.020454569,90_4419140
69.0,0.0,0.0,-30.36766242980957,81.4097900390625,0.0,0.020454569,90_4419140
