relative_time,g_flux,g_uncert,r_flux,r_uncert,redshift,mwebv,id
-30.0,0.0,0.0,0.0,0.0,0.16063276,0.0329917,90_454582
-27.0,13.241308689117432,33.20484733581543,2.4143033027648926,40.00629352773493,0.16063276,0.0329917,90_454582
-24.0,0.0,0.0,0.0,0.0,0.16063276,0.0329917,90_454582
-21.0,0.0,0.0,0.0,0.0,0.16063276,0.0329917,90_454582
-18.0,0.0,0.0,0.0,0.0,0.16063276,0.0329917,90_454582
-15.0,97.6855977376302,44.2881654103597,25.89684263865153,46.647497605454724,0.16063276,0.0329917,90_454582
-12.0,127.82761001586914,54.01809120178223,184.2685089111328,63.97509487899881,0.16063276,0.0329917,90_454582
-9.0,0.0,0.0,240.8267059326172,407.8623962402344,0.16063276,0.0329917,90_454582
-6.0,192.33359909057617,72.95842742919922,352.06394958496094,99.85430673259101,0.16063276,0.0329917,90_454582
-3.0,488.7255401611328,84.16912460327148,0.0,0.0,0.16063276,0.0329917,90_454582
0.0,233.46239471435547,34.79617786407471,270.90428161621094,45.040627128897,0.16063276,0.0329917,90_454582
3.0,373.73133850097656,79.15020751953125,0.0,0.0,0.16063276,0.0329917,90_454582
6.0,230.17180379231772,44.94508361816406,164.73705037434897,42.20888922793386,0.16063276,0.0329917,90_454582
9.0,106.67245229085286,49.07806269327799,138.86384073893228,61.222562245587824,0.16063276,0.0329917,90_454582
12.0,0.0,0.0,0.0,0.0,0.16063276,0.0329917,90_454582
15.0,0.0,0.0,147.03884887695312,159.26032938912297,0.16063276,0.0329917,90_454582
18.0,0.0,0.0,0.0,0.0,0.16063276,0.0329917,90_454582
21.0,0.0,0.0,0.0,0.0,0.16063276,0.0329917,90_454582
24.0,0.0,0.0,0.0,0.0,0.16063276,0.0329917,90_454582
27.0,0.0,0.0,0.0,0.0,0.16063276,0.0329917,90_454582
30.0,0.0,0.0,0.0,0.0,0.16063276,0.0329917,90_454582
33.0,0.0,0.0,0.0,0.0,0.16063276,0.0329917,90_454582
36.0,0.0,0.0,0.0,0.0,0.16063276,0.0329917,90_454582
39.0,0.0,0.0,0.0,0.0,0.16063276,0.0329917,90_454582
42.0,0.0,0.0,0.0,0.0,0.16063276,0.0329917,90_454582
45.0,0.0,0.0,0.0,0.0,0.16063276,0.0329917,90_454582
48.0,0.0,0.0,0.0,0.0,0.16063276,0.0329917,90_454582
51.0,0.0,0.0,0.0,0.0,0.16063276,0.0329917,90_454582
54.0,0.0,0.0,0.0,0.0,0.16063276,0.0329917,90_454582
57.0,0.0,0.0,0.0,0.0,0.16063276,0.0329917,90_454582
60.0,0.0,0.0,0.0,0.0,0.16063276,0.0329917,90_454582
63.0,0.0,0.0,0.0,0.0,0.16063276,0.0329917,90_454582
66.0,0.0,0.0,0.0,0.0,0.16063276,0.0329917,90_454582
69.0,0.0,0.0,0.0,0.0,0.16063276,0.0329917,90_454582
