relative_time,g_flux,g_uncert,r_flux,r_uncert,redshift,mwebv,id
-30.0,0.0,0.0,19.58384895324707,105.11737060546875,0.09596474,0.026792593,90_5522386
-27.0,0.0,0.0,0.0,0.0,0.09596474,0.026792593,90_5522386
-24.0,12.117385864257812,35.64787292480469,-2.8362443447113037,118.11575935757301,0.09596474,0.026792593,90_5522386
-21.0,0.0,0.0,0.0,0.0,0.09596474,0.026792593,90_5522386
-18.0,0.0,0.0,0.0,0.0,0.09596474,0.026792593,90_5522386
-15.0,0.0,0.0,115.2408218383789,63.85710525512695,0.09596474,0.026792593,90_5522386
-12.0,0.0,0.0,0.0,0.0,0.09596474,0.026792593,90_5522386
-9.0,0.0,0.0,0.0,0.0,0.09596474,0.026792593,90_5522386
-6.0,765.4544067382812,220.25308227539062,0.0,0.0,0.09596474,0.026792593,90_5522386
-3.0,1352.273681640625,202.68008422851562,0.0,0.0,0.09596474,0.026792593,90_5522386
0.0,697.6901245117188,35.953155517578125,840.5250244140625,59.342935336830294,0.09596474,0.026792593,90_5522386
3.0,721.8994750976562,40.56198501586914,881.7864379882812,63.7407519536222,0.09596474,0.026792593,90_5522386
6.0,565.7247924804688,44.55298614501953,852.2470092773438,88.48223868850835,0.09596474,0.026792593,90_5522386
9.0,0.0,0.0,1612.857666015625,84.27409362792969,0.09596474,0.026792593,90_5522386
12.0,1053.5645751953125,126.29940032958984,0.0,0.0,0.09596474,0.026792593,90_5522386
15.0,0.0,0.0,0.0,0.0,0.09596474,0.026792593,90_5522386
18.0,209.8043670654297,98.30072784423828,372.1962890625,183.39380176341504,0.09596474,0.026792593,90_5522386
21.0,615.1244506835938,712.0835571289062,0.0,0.0,0.09596474,0.026792593,90_5522386
24.0,0.0,0.0,0.0,0.0,0.09596474,0.026792593,90_5522386
27.0,0.0,0.0,0.0,0.0,0.09596474,0.026792593,90_5522386
30.0,0.0,0.0,0.0,0.0,0.09596474,0.026792593,90_5522386
33.0,0.0,0.0,0.0,0.0,0.09596474,0.026792593,90_5522386
36.0,0.0,0.0,0.0,0.0,0.09596474,0.026792593,90_5522386
39.0,0.0,0.0,0.0,0.0,0.09596474,0.026792593,90_5522386
42.0,0.0,0.0,0.0,0.0,0.09596474,0.026792593,90_5522386
45.0,0.0,0.0,0.0,0.0,0.09596474,0.026792593,90_5522386
48.0,0.0,0.0,0.0,0.0,0.09596474,0.026792593,90_5522386
51.0,0.0,0.0,0.0,0.0,0.09596474,0.026792593,90_5522386
54.0,0.0,0.0,0.0,0.0,0.09596474,0.026792593,90_5522386
57.0,0.0,0.0,0.0,0.0,0.09596474,0.026792593,90_5522386
60.0,0.0,0.0,0.0,0.0,0.09596474,0.026792593,90_5522386
63.0,0.0,0.0,0.0,0.0,0.09596474,0.026792593,90_5522386
66.0,0.0,0.0,0.0,0.0,0.09596474,0.026792593,90_5522386
69.0,0.0,0.0,0.0,0.0,0.09596474,0.026792593,90_5522386
