relative_time,g_flux,g_uncert,r_flux,r_uncert,redshift,mwebv,id
-30.0,32.01438522338867,58.46118291219076,40.70044708251953,200.37521246262347,0.085658975,0.20961401,90_5265490
-27.0,20.14317576090495,51.98985290527344,-46.73128763834635,115.45128565896313,0.085658975,0.20961401,90_5265490
-24.0,42.440132250388466,100.35655466715495,-12.002199172973633,75.12376774350665,0.085658975,0.20961401,90_5265490
-21.0,0.0,0.0,-42.43224334716797,135.25645015408367,0.085658975,0.20961401,90_5265490
-18.0,0.0,0.0,0.0,0.0,0.085658975,0.20961401,90_5265490
-15.0,-61.46323903401693,92.63817850748698,41.58294423421224,59.42219688323332,0.085658975,0.20961401,90_5265490
-12.0,0.0,0.0,0.0,0.0,0.085658975,0.20961401,90_5265490
-9.0,0.0,0.0,0.0,0.0,0.085658975,0.20961401,90_5265490
-6.0,236.7170441945394,310.3965759277344,0.0,0.0,0.085658975,0.20961401,90_5265490
-3.0,340.5454610188802,90.31043497721355,556.209706624349,149.0383373770009,0.085658975,0.20961401,90_5265490
0.0,441.34971618652344,59.89154052734375,693.6554260253906,158.12038291381685,0.085658975,0.20961401,90_5265490
3.0,0.0,0.0,0.0,0.0,0.085658975,0.20961401,90_5265490
6.0,0.0,0.0,0.0,0.0,0.085658975,0.20961401,90_5265490
9.0,782.6874694824219,78.70199966430664,1070.2926940917969,158.80700970595748,0.085658975,0.20961401,90_5265490
12.0,0.0,0.0,0.0,0.0,0.085658975,0.20961401,90_5265490
15.0,0.0,0.0,0.0,0.0,0.085658975,0.20961401,90_5265490
18.0,0.0,0.0,0.0,0.0,0.085658975,0.20961401,90_5265490
21.0,0.0,0.0,0.0,0.0,0.085658975,0.20961401,90_5265490
24.0,0.0,0.0,0.0,0.0,0.085658975,0.20961401,90_5265490
27.0,0.0,0.0,0.0,0.0,0.085658975,0.20961401,90_5265490
30.0,0.0,0.0,0.0,0.0,0.085658975,0.20961401,90_5265490
33.0,0.0,0.0,0.0,0.0,0.085658975,0.20961401,90_5265490
36.0,0.0,0.0,0.0,0.0,0.085658975,0.20961401,90_5265490
39.0,0.0,0.0,0.0,0.0,0.085658975,0.20961401,90_5265490
42.0,0.0,0.0,0.0,0.0,0.085658975,0.20961401,90_5265490
45.0,0.0,0.0,0.0,0.0,0.085658975,0.20961401,90_5265490
48.0,0.0,0.0,0.0,0.0,0.085658975,0.20961401,90_5265490
51.0,0.0,0.0,0.0,0.0,0.085658975,0.20961401,90_5265490
54.0,0.0,0.0,0.0,0.0,0.085658975,0.20961401,90_5265490
57.0,0.0,0.0,0.0,0.0,0.085658975,0.20961401,90_5265490
60.0,0.0,0.0,0.0,0.0,0.085658975,0.20961401,90_5265490
63.0,0.0,0.0,0.0,0.0,0.085658975,0.20961401,90_5265490
66.0,0.0,0.0,0.0,0.0,0.085658975,0.20961401,90_5265490
69.0,0.0,0.0,0.0,0.0,0.085658975,0.20961401,90_5265490
