relative_time,g_flux,g_uncert,r_flux,r_uncert,redshift,mwebv,id
-30.0,108.52044677734375,91.84862518310547,30.096786499023438,47.75185337017352,0.095700935,0.08956121,90_6561815
-27.0,0.0,0.0,0.0,0.0,0.095700935,0.08956121,90_6561815
-24.0,0.0,0.0,0.0488593764603138,84.38543701171875,0.095700935,0.08956121,90_6561815
-21.0,0.0,0.0,0.0,0.0,0.095700935,0.08956121,90_6561815
-18.0,0.0,0.0,0.0,0.0,0.095700935,0.08956121,90_6561815
-15.0,-13.09014892578125,137.56688944498697,81.82796732584636,96.70110453132799,0.095700935,0.08956121,90_6561815
-12.0,671.0372314453125,205.02088928222656,0.0,0.0,0.095700935,0.08956121,90_6561815
-9.0,0.0,0.0,0.0,0.0,0.095700935,0.08956121,90_6561815
-6.0,1021.5733642578125,201.017333984375,0.0,0.0,0.095700935,0.08956121,90_6561815
-3.0,1303.35302734375,136.82464599609375,0.0,0.0,0.095700935,0.08956121,90_6561815
0.0,668.4844970703125,79.62386322021484,898.4120483398438,81.17177677710099,0.095700935,0.08956121,90_6561815
3.0,1501.9073486328125,109.67938232421875,0.0,0.0,0.095700935,0.08956121,90_6561815
6.0,0.0,0.0,0.0,0.0,0.095700935,0.08956121,90_6561815
9.0,1039.6846923828125,91.333740234375,0.0,0.0,0.095700935,0.08956121,90_6561815
12.0,0.0,0.0,0.0,0.0,0.095700935,0.08956121,90_6561815
15.0,0.0,0.0,0.0,0.0,0.095700935,0.08956121,90_6561815
18.0,0.0,0.0,0.0,0.0,0.095700935,0.08956121,90_6561815
21.0,0.0,0.0,0.0,0.0,0.095700935,0.08956121,90_6561815
24.0,0.0,0.0,0.0,0.0,0.095700935,0.08956121,90_6561815
27.0,0.0,0.0,0.0,0.0,0.095700935,0.08956121,90_6561815
30.0,0.0,0.0,0.0,0.0,0.095700935,0.08956121,90_6561815
33.0,0.0,0.0,0.0,0.0,0.095700935,0.08956121,90_6561815
36.0,0.0,0.0,0.0,0.0,0.095700935,0.08956121,90_6561815
39.0,0.0,0.0,0.0,0.0,0.095700935,0.08956121,90_6561815
42.0,0.0,0.0,0.0,0.0,0.095700935,0.08956121,90_6561815
45.0,0.0,0.0,0.0,0.0,0.095700935,0.08956121,90_6561815
48.0,0.0,0.0,0.0,0.0,0.095700935,0.08956121,90_6561815
51.0,0.0,0.0,0.0,0.0,0.095700935,0.08956121,90_6561815
54.0,0.0,0.0,0.0,0.0,0.095700935,0.08956121,90_6561815
57.0,0.0,0.0,0.0,0.0,0.095700935,0.08956121,90_6561815
60.0,0.0,0.0,0.0,0.0,0.095700935,0.08956121,90_6561815
63.0,0.0,0.0,0.0,0.0,0.095700935,0.08956121,90_6561815
66.0,0.0,0.0,0.0,0.0,0.095700935,0.08956121,90_6561815
69.0,0.0,0.0,0.0,0.0,0.095700935,0.08956121,90_6561815
