relative_time,g_flux,g_uncert,r_flux,r_uncert,redshift,mwebv,id
-30.0,0.0,0.0,0.0,0.0,0.12342887,0.0639011,90_7510421
-27.0,0.0,0.0,0.0,0.0,0.12342887,0.0639011,90_7510421
-24.0,0.0,0.0,98.41639709472656,354.02880859375,0.12342887,0.0639011,90_7510421
-21.0,-208.90843200683594,126.54954528808594,-51.04690170288086,171.45271080928552,0.12342887,0.0639011,90_7510421
-18.0,86.23303985595703,32.76708221435547,208.05772399902344,77.5905057855138,0.12342887,0.0639011,90_7510421
-15.0,0.0,0.0,0.0,0.0,0.12342887,0.0639011,90_7510421
-12.0,610.8324584960938,89.74150085449219,0.0,0.0,0.12342887,0.0639011,90_7510421
-9.0,439.82666015625,36.32191848754883,527.6458740234375,86.33177565366475,0.12342887,0.0639011,90_7510421
-6.0,0.0,0.0,1365.79736328125,226.82339477539062,0.12342887,0.0639011,90_7510421
-3.0,0.0,0.0,0.0,0.0,0.12342887,0.0639011,90_7510421
0.0,238.48690795898438,125.51419067382812,614.8331909179688,109.56158643063247,0.12342887,0.0639011,90_7510421
3.0,470.900146484375,149.87973022460938,622.560546875,234.31282693223523,0.12342887,0.0639011,90_7510421
6.0,0.0,0.0,0.0,0.0,0.12342887,0.0639011,90_7510421
9.0,0.0,0.0,0.0,0.0,0.12342887,0.0639011,90_7510421
12.0,193.81712341308594,133.83816528320312,0.0,0.0,0.12342887,0.0639011,90_7510421
15.0,0.0,0.0,0.0,0.0,0.12342887,0.0639011,90_7510421
18.0,0.0,0.0,0.0,0.0,0.12342887,0.0639011,90_7510421
21.0,0.0,0.0,0.0,0.0,0.12342887,0.0639011,90_7510421
24.0,0.0,0.0,0.0,0.0,0.12342887,0.0639011,90_7510421
27.0,0.0,0.0,0.0,0.0,0.12342887,0.0639011,90_7510421
30.0,0.0,0.0,0.0,0.0,0.12342887,0.0639011,90_7510421
33.0,0.0,0.0,0.0,0.0,0.12342887,0.0639011,90_7510421
36.0,0.0,0.0,0.0,0.0,0.12342887,0.0639011,90_7510421
39.0,0.0,0.0,0.0,0.0,0.12342887,0.0639011,90_7510421
42.0,0.0,0.0,0.0,0.0,0.12342887,0.0639011,90_7510421
45.0,0.0,0.0,0.0,0.0,0.12342887,0.0639011,90_7510421
48.0,0.0,0.0,0.0,0.0,0.12342887,0.0639011,90_7510421
51.0,0.0,0.0,0.0,0.0,0.12342887,0.0639011,90_7510421
54.0,0.0,0.0,0.0,0.0,0.12342887,0.0639011,90_7510421
57.0,0.0,0.0,0.0,0.0,0.12342887,0.0639011,90_7510421
60.0,0.0,0.0,0.0,0.0,0.12342887,0.0639011,90_7510421
63.0,0.0,0.0,0.0,0.0,0.12342887,0.0639011,90_7510421
66.0,0.0,0.0,0.0,0.0,0.12342887,0.0639011,90_7510421
69.0,0.0,0.0,0.0,0.0,0.12342887,0.0639011,90_7510421
