relative_time,g_flux,g_uncert,r_flux,r_uncert,redshift,mwebv,id
-30.0,0.0,0.0,0.0,0.0,0.057528127,0.048482362,90_7966210
-27.0,0.0,0.0,0.0,0.0,0.057528127,0.048482362,90_7966210
-24.0,0.0,0.0,0.0,0.0,0.057528127,0.048482362,90_7966210
-21.0,54.98284912109375,79.48281860351562,0.0,0.0,0.057528127,0.048482362,90_7966210
-18.0,0.0,0.0,-145.64559936523438,225.26051330566406,0.057528127,0.048482362,90_7966210
-15.0,0.0,0.0,0.0,0.0,0.057528127,0.048482362,90_7966210
-12.0,370.44097900390625,237.93585205078125,0.0,0.0,0.057528127,0.048482362,90_7966210
-9.0,0.0,0.0,0.0,0.0,0.057528127,0.048482362,90_7966210
-6.0,0.0,0.0,0.0,0.0,0.057528127,0.048482362,90_7966210
-3.0,1207.488037109375,208.23822021484375,1359.076416015625,258.48516262483025,0.057528127,0.048482362,90_7966210
0.0,1139.8336181640625,74.4981689453125,1455.6873779296875,124.62272565677377,0.057528127,0.048482362,90_7966210
3.0,1934.6607666015625,106.11135864257812,0.0,0.0,0.057528127,0.048482362,90_7966210
6.0,1702.279052734375,284.1031799316406,0.0,0.0,0.057528127,0.048482362,90_7966210
9.0,0.0,0.0,0.0,0.0,0.057528127,0.048482362,90_7966210
12.0,0.0,0.0,0.0,0.0,0.057528127,0.048482362,90_7966210
15.0,0.0,0.0,0.0,0.0,0.057528127,0.048482362,90_7966210
18.0,0.0,0.0,0.0,0.0,0.057528127,0.048482362,90_7966210
21.0,0.0,0.0,0.0,0.0,0.057528127,0.048482362,90_7966210
24.0,0.0,0.0,0.0,0.0,0.057528127,0.048482362,90_7966210
27.0,0.0,0.0,0.0,0.0,0.057528127,0.048482362,90_7966210
30.0,0.0,0.0,0.0,0.0,0.057528127,0.048482362,90_7966210
33.0,0.0,0.0,0.0,0.0,0.057528127,0.048482362,90_7966210
36.0,0.0,0.0,0.0,0.0,0.057528127,0.048482362,90_7966210
39.0,0.0,0.0,0.0,0.0,0.057528127,0.048482362,90_7966210
42.0,0.0,0.0,0.0,0.0,0.057528127,0.048482362,90_7966210
45.0,0.0,0.0,0.0,0.0,0.057528127,0.048482362,90_7966210
48.0,0.0,0.0,0.0,0.0,0.057528127,0.048482362,90_7966210
51.0,0.0,0.0,0.0,0.0,0.057528127,0.048482362,90_7966210
54.0,0.0,0.0,0.0,0.0,0.057528127,0.048482362,90_7966210
57.0,0.0,0.0,0.0,0.0,0.057528127,0.048482362,90_7966210
60.0,0.0,0.0,0.0,0.0,0.057528127,0.048482362,90_7966210
63.0,0.0,0.0,0.0,0.0,0.057528127,0.048482362,90_7966210
66.0,0.0,0.0,0.0,0.0,0.057528127,0.048482362,90_7966210
69.0,0.0,0.0,0.0,0.0,0.057528127,0.048482362,90_7966210
