relative_time,g_flux,g_uncert,r_flux,r_uncert,redshift,mwebv,id
-30.0,-86.64546203613281,68.69493865966797,0.0,0.0,0.0,0.019385649,90_7903000
-27.0,0.0,0.0,-315.6175537109375,54.64985656738281,0.0,0.019385649,90_7903000
-24.0,0.0,0.0,0.0,0.0,0.0,0.019385649,90_7903000
-21.0,-64.5165786743164,49.88084030151367,0.0,0.0,0.0,0.019385649,90_7903000
-18.0,-76.6294937133789,49.097869873046875,0.0,0.0,0.0,0.019385649,90_7903000
-15.0,0.0,0.0,0.0,0.0,0.0,0.019385649,90_7903000
-12.0,0.0,0.0,0.0,0.0,0.0,0.019385649,90_7903000
-9.0,0.0,0.0,0.0,0.0,0.0,0.019385649,90_7903000
-6.0,0.0,0.0,0.0,0.0,0.0,0.019385649,90_7903000
-3.0,-53.45083999633789,46.348392486572266,-248.5443115234375,74.0193878011455,0.0,0.019385649,90_7903000
0.0,0.0,0.0,-326.38555908203125,56.54661178588867,0.0,0.019385649,90_7903000
3.0,-42.001914978027344,24.841876983642578,-242.4380340576172,39.123615280582605,0.0,0.019385649,90_7903000
6.0,-11.100379943847656,24.685855865478516,-176.0186309814453,39.103452228254994,0.0,0.019385649,90_7903000
9.0,-66.61065673828125,49.57172393798828,0.0,0.0,0.0,0.019385649,90_7903000
12.0,0.0,0.0,0.0,0.0,0.0,0.019385649,90_7903000
15.0,0.0,0.0,-420.6395568847656,68.8814468383789,0.0,0.019385649,90_7903000
18.0,0.0,0.0,0.0,0.0,0.0,0.019385649,90_7903000
21.0,-84.80012512207031,51.05084228515625,-160.78875732421875,84.04680415495913,0.0,0.019385649,90_7903000
24.0,-154.936767578125,79.85832214355469,-211.85537719726562,93.24627567833238,0.0,0.019385649,90_7903000
27.0,0.0,0.0,-343.53240966796875,63.69340133666992,0.0,0.019385649,90_7903000
30.0,0.0,0.0,0.0,0.0,0.0,0.019385649,90_7903000
33.0,-122.99181365966797,48.822425842285156,0.0,0.0,0.0,0.019385649,90_7903000
36.0,0.0,0.0,0.0,0.0,0.0,0.019385649,90_7903000
39.0,-76.9748306274414,24.60112762451172,-230.0719451904297,39.42818931275919,0.0,0.019385649,90_7903000
42.0,-68.86231231689453,25.314483642578125,-216.2316131591797,43.78481665743837,0.0,0.019385649,90_7903000
45.0,0.0,0.0,0.0,0.0,0.0,0.019385649,90_7903000
48.0,0.0,0.0,0.0,0.0,0.0,0.019385649,90_7903000
51.0,-49.41336441040039,95.80929565429688,0.0,0.0,0.0,0.019385649,90_7903000
54.0,0.0,0.0,0.0,0.0,0.0,0.019385649,90_7903000
57.0,-98.42056274414062,55.207820892333984,0.0,0.0,0.0,0.019385649,90_7903000
60.0,0.0,0.0,0.0,0.0,0.0,0.019385649,90_7903000
63.0,-252.69467163085938,52.702999114990234,0.0,0.0,0.0,0.019385649,90_7903000
66.0,0.0,0.0,0.0,0.0,0.0,0.019385649,90_7903000
69.0,0.0,0.0,0.0,0.0,0.0,0.019385649,90_7903000
