relative_time,g_flux,g_uncert,r_flux,r_uncert,redshift,mwebv,id
-30.0,0.0,0.0,0.0,0.0,0.0,0.028604675,90_94637394
-27.0,0.0,0.0,0.0,0.0,0.0,0.028604675,90_94637394
-24.0,0.0,0.0,0.0,0.0,0.0,0.028604675,90_94637394
-21.0,347.57025146484375,105.41988372802734,0.0,0.0,0.0,0.028604675,90_94637394
-18.0,249.950439453125,67.31343841552734,189.76925659179688,128.28764836458623,0.0,0.028604675,90_94637394
-15.0,295.38714599609375,172.7784423828125,0.0,0.0,0.0,0.028604675,90_94637394
-12.0,151.09608459472656,64.3613510131836,227.44691467285156,114.52760460551224,0.0,0.028604675,90_94637394
-9.0,0.0,0.0,0.0,0.0,0.0,0.028604675,90_94637394
-6.0,0.0,0.0,0.0,0.0,0.0,0.028604675,90_94637394
-3.0,260.72015380859375,44.422813415527344,497.3009948730469,86.30422442738057,0.0,0.028604675,90_94637394
0.0,821.6630249023438,100.58828735351562,0.0,0.0,0.0,0.028604675,90_94637394
3.0,0.0,0.0,0.0,0.0,0.0,0.028604675,90_94637394
6.0,684.1796264648438,96.17955780029297,0.0,0.0,0.0,0.028604675,90_94637394
9.0,365.3580322265625,69.95402526855469,607.2637939453125,114.30646110289995,0.0,0.028604675,90_94637394
12.0,434.42584228515625,69.8699722290039,704.617919921875,161.57056551682152,0.0,0.028604675,90_94637394
15.0,0.0,0.0,0.0,0.0,0.0,0.028604675,90_94637394
18.0,0.0,0.0,0.0,0.0,0.0,0.028604675,90_94637394
21.0,0.0,0.0,0.0,0.0,0.0,0.028604675,90_94637394
24.0,0.0,0.0,0.0,0.0,0.0,0.028604675,90_94637394
27.0,0.0,0.0,0.0,0.0,0.0,0.028604675,90_94637394
30.0,0.0,0.0,0.0,0.0,0.0,0.028604675,90_94637394
33.0,0.0,0.0,0.0,0.0,0.0,0.028604675,90_94637394
36.0,0.0,0.0,0.0,0.0,0.0,0.028604675,90_94637394
39.0,0.0,0.0,0.0,0.0,0.0,0.028604675,90_94637394
42.0,0.0,0.0,0.0,0.0,0.0,0.028604675,90_94637394
45.0,0.0,0.0,0.0,0.0,0.0,0.028604675,90_94637394
48.0,0.0,0.0,0.0,0.0,0.0,0.028604675,90_94637394
51.0,0.0,0.0,0.0,0.0,0.0,0.028604675,90_94637394
54.0,0.0,0.0,0.0,0.0,0.0,0.028604675,90_94637394
57.0,0.0,0.0,0.0,0.0,0.0,0.028604675,90_94637394
60.0,0.0,0.0,0.0,0.0,0.0,0.028604675,90_94637394
63.0,0.0,0.0,0.0,0.0,0.0,0.028604675,90_94637394
66.0,0.0,0.0,0.0,0.0,0.0,0.028604675,90_94637394
69.0,0.0,0.0,0.0,0.0,0.0,0.028604675,90_94637394
