relative_time,g_flux,g_uncert,r_flux,r_uncert,redshift,mwebv,id
-30.0,26.670618057250977,72.68022918701172,142.73251342773438,85.48033648399047,0.0,0.030615028,90_93878993
-27.0,136.29486083984375,42.38286209106445,165.34283447265625,119.21626549710982,0.0,0.030615028,90_93878993
-24.0,69.66527557373047,39.63565444946289,376.28399658203125,103.4209807691757,0.0,0.030615028,90_93878993
-21.0,0.0,0.0,0.0,0.0,0.0,0.030615028,90_93878993
-18.0,83.47377014160156,41.039337158203125,206.5360565185547,73.38409655242322,0.0,0.030615028,90_93878993
-15.0,90.80962371826172,38.844974517822266,330.52880859375,73.64467601825018,0.0,0.030615028,90_93878993
-12.0,0.0,0.0,0.0,0.0,0.0,0.030615028,90_93878993
-9.0,0.0,0.0,0.0,0.0,0.0,0.030615028,90_93878993
-6.0,0.0,0.0,0.0,0.0,0.0,0.030615028,90_93878993
-3.0,155.72911071777344,56.978904724121094,213.48143005371094,114.77955239676417,0.0,0.030615028,90_93878993
0.0,262.88739013671875,43.12913131713867,424.06982421875,74.96042914770521,0.0,0.030615028,90_93878993
3.0,0.0,0.0,0.0,0.0,0.0,0.030615028,90_93878993
6.0,227.11944580078125,39.7896728515625,420.6151123046875,73.914815063669,0.0,0.030615028,90_93878993
9.0,0.0,0.0,0.0,0.0,0.0,0.030615028,90_93878993
12.0,334.0156555175781,39.72661590576172,620.6080932617188,75.40676225038686,0.0,0.030615028,90_93878993
15.0,0.0,0.0,0.0,0.0,0.0,0.030615028,90_93878993
18.0,1310.3240966796875,57.26255798339844,2581.884521484375,127.33775415679048,0.0,0.030615028,90_93878993
21.0,0.0,0.0,0.0,0.0,0.0,0.030615028,90_93878993
24.0,0.0,0.0,0.0,0.0,0.0,0.030615028,90_93878993
27.0,0.0,0.0,0.0,0.0,0.0,0.030615028,90_93878993
30.0,0.0,0.0,0.0,0.0,0.0,0.030615028,90_93878993
33.0,0.0,0.0,0.0,0.0,0.0,0.030615028,90_93878993
36.0,0.0,0.0,0.0,0.0,0.0,0.030615028,90_93878993
39.0,0.0,0.0,0.0,0.0,0.0,0.030615028,90_93878993
42.0,0.0,0.0,0.0,0.0,0.0,0.030615028,90_93878993
45.0,0.0,0.0,0.0,0.0,0.0,0.030615028,90_93878993
48.0,0.0,0.0,0.0,0.0,0.0,0.030615028,90_93878993
51.0,0.0,0.0,0.0,0.0,0.0,0.030615028,90_93878993
54.0,0.0,0.0,0.0,0.0,0.0,0.030615028,90_93878993
57.0,0.0,0.0,0.0,0.0,0.0,0.030615028,90_93878993
60.0,0.0,0.0,0.0,0.0,0.0,0.030615028,90_93878993
63.0,0.0,0.0,0.0,0.0,0.0,0.030615028,90_93878993
66.0,0.0,0.0,0.0,0.0,0.0,0.030615028,90_93878993
69.0,0.0,0.0,0.0,0.0,0.0,0.030615028,90_93878993
