relative_time,g_flux,g_uncert,r_flux,r_uncert,redshift,mwebv,id
-30.0,0.0,0.0,0.0,0.0,0.0,0.021107957,90_95343143
-27.0,0.0,0.0,0.0,0.0,0.0,0.021107957,90_95343143
-24.0,0.0,0.0,0.0,0.0,0.0,0.021107957,90_95343143
-21.0,-46.47992706298828,137.53424072265625,0.0,0.0,0.0,0.021107957,90_95343143
-18.0,0.0,0.0,0.0,0.0,0.0,0.021107957,90_95343143
-15.0,0.0,0.0,0.0,0.0,0.0,0.021107957,90_95343143
-12.0,0.0,0.0,0.0,0.0,0.0,0.021107957,90_95343143
-9.0,0.0,0.0,0.0,0.0,0.0,0.021107957,90_95343143
-6.0,0.0,0.0,-925.0704345703125,99.44145965576172,0.0,0.021107957,90_95343143
-3.0,0.0,0.0,0.0,0.0,0.0,0.021107957,90_95343143
0.0,-49.10538101196289,26.87677764892578,-422.7735290527344,41.27971857528132,0.0,0.021107957,90_95343143
3.0,0.0,0.0,0.0,0.0,0.0,0.021107957,90_95343143
6.0,0.0,0.0,0.0,0.0,0.0,0.021107957,90_95343143
9.0,-182.27137756347656,101.470458984375,0.0,0.0,0.0,0.021107957,90_95343143
12.0,0.0,0.0,-1087.7781982421875,118.91851043701172,0.0,0.021107957,90_95343143
15.0,0.0,0.0,0.0,0.0,0.0,0.021107957,90_95343143
18.0,-153.37667846679688,41.44728469848633,-374.7287292480469,85.94379806590693,0.0,0.021107957,90_95343143
21.0,-153.04112243652344,25.889616012573242,-489.611572265625,40.82695487504128,0.0,0.021107957,90_95343143
24.0,0.0,0.0,0.0,0.0,0.0,0.021107957,90_95343143
27.0,0.0,0.0,0.0,0.0,0.0,0.021107957,90_95343143
30.0,0.0,0.0,-934.7058715820312,62.8262825012207,0.0,0.021107957,90_95343143
33.0,-167.54617309570312,24.38585662841797,-523.0938720703125,40.11404329270303,0.0,0.021107957,90_95343143
36.0,0.0,0.0,-1026.2557373046875,85.33782196044922,0.0,0.021107957,90_95343143
39.0,0.0,0.0,0.0,0.0,0.0,0.021107957,90_95343143
42.0,0.0,0.0,0.0,0.0,0.0,0.021107957,90_95343143
45.0,-124.72980499267578,43.93955993652344,-625.942626953125,69.98407993731847,0.0,0.021107957,90_95343143
48.0,-329.9530029296875,55.63372802734375,0.0,0.0,0.0,0.021107957,90_95343143
51.0,0.0,0.0,0.0,0.0,0.0,0.021107957,90_95343143
54.0,0.0,0.0,0.0,0.0,0.0,0.021107957,90_95343143
57.0,0.0,0.0,0.0,0.0,0.0,0.021107957,90_95343143
60.0,0.0,0.0,-1070.9483642578125,54.979408264160156,0.0,0.021107957,90_95343143
63.0,0.0,0.0,0.0,0.0,0.0,0.021107957,90_95343143
66.0,-174.86679077148438,40.229896545410156,-574.521240234375,61.927264099391216,0.0,0.021107957,90_95343143
69.0,0.0,0.0,0.0,0.0,0.0,0.021107957,90_95343143
