relative_time,g_flux,g_uncert,r_flux,r_uncert,redshift,mwebv,id
-30.0,0.0,0.0,0.0,0.0,0.04785669,0.024654832,99_23335366
-27.0,77.29365539550781,27.63764190673828,-14.727182388305664,55.31529887378182,0.04785669,0.024654832,99_23335366
-24.0,0.0,0.0,0.0,0.0,0.04785669,0.024654832,99_23335366
-21.0,27.552465438842773,69.17485809326172,0.0,0.0,0.04785669,0.024654832,99_23335366
-18.0,0.0,0.0,0.0,0.0,0.04785669,0.024654832,99_23335366
-15.0,0.0,0.0,0.0,0.0,0.04785669,0.024654832,99_23335366
-12.0,0.0,0.0,229.67247009277344,252.37588500976562,0.04785669,0.024654832,99_23335366
-9.0,0.0,0.0,0.0,0.0,0.04785669,0.024654832,99_23335366
-6.0,0.0,0.0,0.0,0.0,0.04785669,0.024654832,99_23335366
-3.0,-91.47370147705078,72.63618469238281,0.0,0.0,0.04785669,0.024654832,99_23335366
0.0,329.63623046875,35.42808532714844,647.5145874023438,65.63791310326489,0.04785669,0.024654832,99_23335366
3.0,0.0,0.0,0.0,0.0,0.04785669,0.024654832,99_23335366
6.0,0.0,0.0,0.0,0.0,0.04785669,0.024654832,99_23335366
9.0,0.0,0.0,0.0,0.0,0.04785669,0.024654832,99_23335366
12.0,35.88846206665039,316.47705078125,0.0,0.0,0.04785669,0.024654832,99_23335366
15.0,0.0,0.0,0.0,0.0,0.04785669,0.024654832,99_23335366
18.0,0.0,0.0,0.0,0.0,0.04785669,0.024654832,99_23335366
21.0,0.0,0.0,0.0,0.0,0.04785669,0.024654832,99_23335366
24.0,0.0,0.0,0.0,0.0,0.04785669,0.024654832,99_23335366
27.0,0.0,0.0,0.0,0.0,0.04785669,0.024654832,99_23335366
30.0,0.0,0.0,0.0,0.0,0.04785669,0.024654832,99_23335366
33.0,0.0,0.0,0.0,0.0,0.04785669,0.024654832,99_23335366
36.0,0.0,0.0,0.0,0.0,0.04785669,0.024654832,99_23335366
39.0,0.0,0.0,0.0,0.0,0.04785669,0.024654832,99_23335366
42.0,0.0,0.0,0.0,0.0,0.04785669,0.024654832,99_23335366
45.0,0.0,0.0,0.0,0.0,0.04785669,0.024654832,99_23335366
48.0,0.0,0.0,0.0,0.0,0.04785669,0.024654832,99_23335366
51.0,0.0,0.0,0.0,0.0,0.04785669,0.024654832,99_23335366
54.0,0.0,0.0,0.0,0.0,0.04785669,0.024654832,99_23335366
57.0,0.0,0.0,0.0,0.0,0.04785669,0.024654832,99_23335366
60.0,0.0,0.0,0.0,0.0,0.04785669,0.024654832,99_23335366
63.0,0.0,0.0,0.0,0.0,0.04785669,0.024654832,99_23335366
66.0,0.0,0.0,0.0,0.0,0.04785669,0.024654832,99_23335366
69.0,0.0,0.0,0.0,0.0,0.04785669,0.024654832,99_23335366
