relative_time,g_flux,g_uncert,r_flux,r_uncert,redshift,mwebv,id
-30.0,0.0,0.0,0.0,0.0,0.03672809,0.097792864,99_2790868
-27.0,0.0,0.0,0.0,0.0,0.03672809,0.097792864,99_2790868
-24.0,0.0,0.0,0.0,0.0,0.03672809,0.097792864,99_2790868
-21.0,0.0,0.0,0.0,0.0,0.03672809,0.097792864,99_2790868
-18.0,0.0,0.0,0.0,0.0,0.03672809,0.097792864,99_2790868
-15.0,0.0,0.0,0.0,0.0,0.03672809,0.097792864,99_2790868
-12.0,0.0,0.0,0.0,0.0,0.03672809,0.097792864,99_2790868
-9.0,0.0,0.0,0.0,0.0,0.03672809,0.097792864,99_2790868
-6.0,0.0,0.0,0.0,0.0,0.03672809,0.097792864,99_2790868
-3.0,-165.92431640625,295.7959289550781,0.0,0.0,0.03672809,0.097792864,99_2790868
0.0,504.8621826171875,40.910736083984375,549.7158203125,83.78731443804726,0.03672809,0.097792864,99_2790868
3.0,0.0,0.0,683.3078002929688,172.5635986328125,0.03672809,0.097792864,99_2790868
6.0,0.0,0.0,0.0,0.0,0.03672809,0.097792864,99_2790868
9.0,0.0,0.0,0.0,0.0,0.03672809,0.097792864,99_2790868
12.0,0.0,0.0,0.0,0.0,0.03672809,0.097792864,99_2790868
15.0,0.0,0.0,0.0,0.0,0.03672809,0.097792864,99_2790868
18.0,0.0,0.0,0.0,0.0,0.03672809,0.097792864,99_2790868
21.0,0.0,0.0,0.0,0.0,0.03672809,0.097792864,99_2790868
24.0,0.0,0.0,0.0,0.0,0.03672809,0.097792864,99_2790868
27.0,-337.0797424316406,365.6937561035156,0.0,0.0,0.03672809,0.097792864,99_2790868
30.0,0.0,0.0,0.0,0.0,0.03672809,0.097792864,99_2790868
33.0,0.0,0.0,0.0,0.0,0.03672809,0.097792864,99_2790868
36.0,0.0,0.0,0.0,0.0,0.03672809,0.097792864,99_2790868
39.0,-226.88009643554688,318.8336486816406,0.0,0.0,0.03672809,0.097792864,99_2790868
42.0,0.0,0.0,0.0,0.0,0.03672809,0.097792864,99_2790868
45.0,0.0,0.0,0.0,0.0,0.03672809,0.097792864,99_2790868
48.0,0.0,0.0,0.0,0.0,0.03672809,0.097792864,99_2790868
51.0,0.0,0.0,0.0,0.0,0.03672809,0.097792864,99_2790868
54.0,0.0,0.0,0.0,0.0,0.03672809,0.097792864,99_2790868
57.0,0.0,0.0,0.0,0.0,0.03672809,0.097792864,99_2790868
60.0,0.0,0.0,0.0,0.0,0.03672809,0.097792864,99_2790868
63.0,0.0,0.0,0.0,0.0,0.03672809,0.097792864,99_2790868
66.0,0.0,0.0,0.0,0.0,0.03672809,0.097792864,99_2790868
69.0,0.0,0.0,0.0,0.0,0.03672809,0.097792864,99_2790868
