relative_time,g_flux,g_uncert,r_flux,r_uncert,redshift,mwebv,id
-30.0,-3.980985164642334,134.6682586669922,-203.84752655029297,375.63231991692845,0.15226845,0.1520863,Ib_17584420
-27.0,0.0,0.0,0.0,0.0,0.15226845,0.1520863,Ib_17584420
-24.0,0.0,0.0,0.0,0.0,0.15226845,0.1520863,Ib_17584420
-21.0,0.0,0.0,0.0,0.0,0.15226845,0.1520863,Ib_17584420
-18.0,0.0,0.0,0.0,0.0,0.15226845,0.1520863,Ib_17584420
-15.0,0.0,0.0,1209.794921875,289.32042372296684,0.15226845,0.1520863,Ib_17584420
-12.0,0.0,0.0,0.0,0.0,0.15226845,0.1520863,Ib_17584420
-9.0,0.0,0.0,0.0,0.0,0.15226845,0.1520863,Ib_17584420
-6.0,1130.0470784505208,98.86895751953125,754.7605794270834,71.56426877448665,0.15226845,0.1520863,Ib_17584420
-3.0,1917.7936401367188,342.36767578125,0.0,0.0,0.15226845,0.1520863,Ib_17584420
0.0,0.0,0.0,2784.066162109375,235.57522431841394,0.15226845,0.1520863,Ib_17584420
3.0,0.0,0.0,0.0,0.0,0.15226845,0.1520863,Ib_17584420
6.0,1347.4002075195312,139.3582305908203,1553.3081665039062,227.217918064199,0.15226845,0.1520863,Ib_17584420
9.0,2351.848388671875,171.30799865722656,0.0,0.0,0.15226845,0.1520863,Ib_17584420
12.0,2215.884521484375,157.91796875,0.0,0.0,0.15226845,0.1520863,Ib_17584420
15.0,1442.170166015625,248.47308349609375,0.0,0.0,0.15226845,0.1520863,Ib_17584420
18.0,0.0,0.0,0.0,0.0,0.15226845,0.1520863,Ib_17584420
21.0,0.0,0.0,0.0,0.0,0.15226845,0.1520863,Ib_17584420
24.0,0.0,0.0,0.0,0.0,0.15226845,0.1520863,Ib_17584420
27.0,0.0,0.0,0.0,0.0,0.15226845,0.1520863,Ib_17584420
30.0,0.0,0.0,0.0,0.0,0.15226845,0.1520863,Ib_17584420
33.0,0.0,0.0,0.0,0.0,0.15226845,0.1520863,Ib_17584420
36.0,0.0,0.0,0.0,0.0,0.15226845,0.1520863,Ib_17584420
39.0,0.0,0.0,0.0,0.0,0.15226845,0.1520863,Ib_17584420
42.0,0.0,0.0,0.0,0.0,0.15226845,0.1520863,Ib_17584420
45.0,0.0,0.0,0.0,0.0,0.15226845,0.1520863,Ib_17584420
48.0,0.0,0.0,0.0,0.0,0.15226845,0.1520863,Ib_17584420
51.0,0.0,0.0,0.0,0.0,0.15226845,0.1520863,Ib_17584420
54.0,0.0,0.0,0.0,0.0,0.15226845,0.1520863,Ib_17584420
57.0,0.0,0.0,0.0,0.0,0.15226845,0.1520863,Ib_17584420
60.0,0.0,0.0,0.0,0.0,0.15226845,0.1520863,Ib_17584420
63.0,0.0,0.0,0.0,0.0,0.15226845,0.1520863,Ib_17584420
66.0,0.0,0.0,0.0,0.0,0.15226845,0.1520863,Ib_17584420
69.0,0.0,0.0,0.0,0.0,0.15226845,0.1520863,Ib_17584420
