relative_time,g_flux,g_uncert,r_flux,r_uncert,redshift,mwebv,id
-30.0,0.0,0.0,0.0,0.0,0.048709255,0.028368626,Ib_13090146
-27.0,0.0,0.0,0.0,0.0,0.048709255,0.028368626,Ib_13090146
-24.0,0.0,0.0,0.0,0.0,0.048709255,0.028368626,Ib_13090146
-21.0,0.0,0.0,0.0,0.0,0.048709255,0.028368626,Ib_13090146
-18.0,0.0,0.0,0.0,0.0,0.048709255,0.028368626,Ib_13090146
-15.0,0.0,0.0,0.0,0.0,0.048709255,0.028368626,Ib_13090146
-12.0,0.0,0.0,0.0,0.0,0.048709255,0.028368626,Ib_13090146
-9.0,0.0,0.0,0.0,0.0,0.048709255,0.028368626,Ib_13090146
-6.0,0.0,0.0,0.0,0.0,0.048709255,0.028368626,Ib_13090146
-3.0,1788.6295166015625,97.23600769042969,0.0,0.0,0.048709255,0.028368626,Ib_13090146
0.0,660.9305419921875,78.23167419433594,1316.2015380859375,80.09960410935672,0.048709255,0.028368626,Ib_13090146
3.0,522.891357421875,30.92814064025879,1139.655029296875,59.341613611660996,0.048709255,0.028368626,Ib_13090146
6.0,0.0,0.0,0.0,0.0,0.048709255,0.028368626,Ib_13090146
9.0,714.2557373046875,229.47434997558594,0.0,0.0,0.048709255,0.028368626,Ib_13090146
12.0,351.6908874511719,115.78451538085938,765.3500366210938,247.6637616852324,0.048709255,0.028368626,Ib_13090146
15.0,0.0,0.0,1357.4283447265625,184.41510009765625,0.048709255,0.028368626,Ib_13090146
18.0,0.0,0.0,0.0,0.0,0.048709255,0.028368626,Ib_13090146
21.0,0.0,0.0,0.0,0.0,0.048709255,0.028368626,Ib_13090146
24.0,0.0,0.0,0.0,0.0,0.048709255,0.028368626,Ib_13090146
27.0,0.0,0.0,0.0,0.0,0.048709255,0.028368626,Ib_13090146
30.0,0.0,0.0,837.7738037109375,189.70262145996094,0.048709255,0.028368626,Ib_13090146
33.0,0.0,0.0,0.0,0.0,0.048709255,0.028368626,Ib_13090146
36.0,0.0,0.0,0.0,0.0,0.048709255,0.028368626,Ib_13090146
39.0,0.0,0.0,0.0,0.0,0.048709255,0.028368626,Ib_13090146
42.0,458.8987121582031,211.0146942138672,0.0,0.0,0.048709255,0.028368626,Ib_13090146
45.0,471.90435791015625,262.7660827636719,0.0,0.0,0.048709255,0.028368626,Ib_13090146
48.0,0.0,0.0,810.7987670898438,282.8218078613281,0.048709255,0.028368626,Ib_13090146
51.0,0.0,0.0,0.0,0.0,0.048709255,0.028368626,Ib_13090146
54.0,0.0,0.0,524.23291015625,255.25213623046875,0.048709255,0.028368626,Ib_13090146
57.0,0.0,0.0,0.0,0.0,0.048709255,0.028368626,Ib_13090146
60.0,59.42224884033203,97.45667266845703,0.0,0.0,0.048709255,0.028368626,Ib_13090146
63.0,0.0,0.0,0.0,0.0,0.048709255,0.028368626,Ib_13090146
66.0,0.0,0.0,0.0,0.0,0.048709255,0.028368626,Ib_13090146
69.0,0.0,0.0,0.0,0.0,0.048709255,0.028368626,Ib_13090146
