relative_time,g_flux,g_uncert,r_flux,r_uncert,redshift,mwebv,id
-30.0,0.0,0.0,0.0,0.0,0.14012897,0.013584056,Ib_17518165
-27.0,-7.543050289154053,21.31011199951172,10.3509521484375,48.444825784243456,0.14012897,0.013584056,Ib_17518165
-24.0,0.0,0.0,-60.004913330078125,94.49181365966797,0.14012897,0.013584056,Ib_17518165
-21.0,39.83850407600403,139.1826629638672,0.0,0.0,0.14012897,0.013584056,Ib_17518165
-18.0,-153.84637832641602,173.65626525878906,0.0,0.0,0.14012897,0.013584056,Ib_17518165
-15.0,0.0,0.0,0.0,0.0,0.14012897,0.013584056,Ib_17518165
-12.0,0.0,0.0,43.53989028930664,81.80897521972656,0.14012897,0.013584056,Ib_17518165
-9.0,0.0,0.0,308.4721374511719,71.78230285644531,0.14012897,0.013584056,Ib_17518165
-6.0,0.0,0.0,0.0,0.0,0.14012897,0.013584056,Ib_17518165
-3.0,773.4925537109375,61.4427375793457,0.0,0.0,0.14012897,0.013584056,Ib_17518165
0.0,405.2752380371094,40.93953323364258,636.393798828125,71.6971598370554,0.14012897,0.013584056,Ib_17518165
3.0,0.0,0.0,0.0,0.0,0.14012897,0.013584056,Ib_17518165
6.0,0.0,0.0,0.0,0.0,0.14012897,0.013584056,Ib_17518165
9.0,0.0,0.0,0.0,0.0,0.14012897,0.013584056,Ib_17518165
12.0,662.642822265625,294.9742126464844,0.0,0.0,0.14012897,0.013584056,Ib_17518165
15.0,610.6183471679688,76.2620849609375,0.0,0.0,0.14012897,0.013584056,Ib_17518165
18.0,0.0,0.0,0.0,0.0,0.14012897,0.013584056,Ib_17518165
21.0,0.0,0.0,0.0,0.0,0.14012897,0.013584056,Ib_17518165
24.0,0.0,0.0,0.0,0.0,0.14012897,0.013584056,Ib_17518165
27.0,358.3478088378906,124.85806274414062,0.0,0.0,0.14012897,0.013584056,Ib_17518165
30.0,0.0,0.0,0.0,0.0,0.14012897,0.013584056,Ib_17518165
33.0,0.0,0.0,0.0,0.0,0.14012897,0.013584056,Ib_17518165
36.0,0.0,0.0,0.0,0.0,0.14012897,0.013584056,Ib_17518165
39.0,0.0,0.0,0.0,0.0,0.14012897,0.013584056,Ib_17518165
42.0,0.0,0.0,0.0,0.0,0.14012897,0.013584056,Ib_17518165
45.0,0.0,0.0,0.0,0.0,0.14012897,0.013584056,Ib_17518165
48.0,0.0,0.0,0.0,0.0,0.14012897,0.013584056,Ib_17518165
51.0,0.0,0.0,0.0,0.0,0.14012897,0.013584056,Ib_17518165
54.0,0.0,0.0,0.0,0.0,0.14012897,0.013584056,Ib_17518165
57.0,0.0,0.0,0.0,0.0,0.14012897,0.013584056,Ib_17518165
60.0,0.0,0.0,0.0,0.0,0.14012897,0.013584056,Ib_17518165
63.0,0.0,0.0,0.0,0.0,0.14012897,0.013584056,Ib_17518165
66.0,0.0,0.0,0.0,0.0,0.14012897,0.013584056,Ib_17518165
69.0,0.0,0.0,0.0,0.0,0.14012897,0.013584056,Ib_17518165
