relative_time,g_flux,g_uncert,r_flux,r_uncert,redshift,mwebv,id
-30.0,0.0,0.0,0.0,0.0,0.12488805,0.031046834,Ib_12387409
-27.0,0.0,0.0,0.0,0.0,0.12488805,0.031046834,Ib_12387409
-24.0,0.0,0.0,0.0,0.0,0.12488805,0.031046834,Ib_12387409
-21.0,0.0,0.0,0.0,0.0,0.12488805,0.031046834,Ib_12387409
-18.0,0.0,0.0,0.0,0.0,0.12488805,0.031046834,Ib_12387409
-15.0,0.0,0.0,0.0,0.0,0.12488805,0.031046834,Ib_12387409
-12.0,0.0,0.0,0.0,0.0,0.12488805,0.031046834,Ib_12387409
-9.0,0.0,0.0,0.0,0.0,0.12488805,0.031046834,Ib_12387409
-6.0,0.0,0.0,0.0,0.0,0.12488805,0.031046834,Ib_12387409
-3.0,0.0,0.0,0.0,0.0,0.12488805,0.031046834,Ib_12387409
0.0,995.8474731445312,192.4044952392578,1761.001953125,212.26750848841937,0.12488805,0.031046834,Ib_12387409
3.0,0.0,0.0,0.0,0.0,0.12488805,0.031046834,Ib_12387409
6.0,0.0,0.0,0.0,0.0,0.12488805,0.031046834,Ib_12387409
9.0,0.0,0.0,0.0,0.0,0.12488805,0.031046834,Ib_12387409
12.0,0.0,0.0,0.0,0.0,0.12488805,0.031046834,Ib_12387409
15.0,0.0,0.0,0.0,0.0,0.12488805,0.031046834,Ib_12387409
18.0,0.0,0.0,0.0,0.0,0.12488805,0.031046834,Ib_12387409
21.0,0.0,0.0,0.0,0.0,0.12488805,0.031046834,Ib_12387409
24.0,1755.4765625,1094.5166015625,0.0,0.0,0.12488805,0.031046834,Ib_12387409
27.0,0.0,0.0,0.0,0.0,0.12488805,0.031046834,Ib_12387409
30.0,0.0,0.0,0.0,0.0,0.12488805,0.031046834,Ib_12387409
33.0,0.0,0.0,0.0,0.0,0.12488805,0.031046834,Ib_12387409
36.0,0.0,0.0,0.0,0.0,0.12488805,0.031046834,Ib_12387409
39.0,0.0,0.0,0.0,0.0,0.12488805,0.031046834,Ib_12387409
42.0,0.0,0.0,0.0,0.0,0.12488805,0.031046834,Ib_12387409
45.0,0.0,0.0,0.0,0.0,0.12488805,0.031046834,Ib_12387409
48.0,0.0,0.0,0.0,0.0,0.12488805,0.031046834,Ib_12387409
51.0,0.0,0.0,0.0,0.0,0.12488805,0.031046834,Ib_12387409
54.0,0.0,0.0,0.0,0.0,0.12488805,0.031046834,Ib_12387409
57.0,0.0,0.0,0.0,0.0,0.12488805,0.031046834,Ib_12387409
60.0,0.0,0.0,0.0,0.0,0.12488805,0.031046834,Ib_12387409
63.0,0.0,0.0,0.0,0.0,0.12488805,0.031046834,Ib_12387409
66.0,0.0,0.0,0.0,0.0,0.12488805,0.031046834,Ib_12387409
69.0,0.0,0.0,0.0,0.0,0.12488805,0.031046834,Ib_12387409
