relative_time,g_flux,g_uncert,r_flux,r_uncert,redshift,mwebv,id
-30.0,0.0,0.0,0.0,0.0,0.046393655,0.048074864,Ib_2079227
-27.0,0.0,0.0,0.0,0.0,0.046393655,0.048074864,Ib_2079227
-24.0,0.0,0.0,0.0,0.0,0.046393655,0.048074864,Ib_2079227
-21.0,0.0,0.0,0.0,0.0,0.046393655,0.048074864,Ib_2079227
-18.0,0.0,0.0,0.0,0.0,0.046393655,0.048074864,Ib_2079227
-15.0,0.0,0.0,0.0,0.0,0.046393655,0.048074864,Ib_2079227
-12.0,0.0,0.0,0.0,0.0,0.046393655,0.048074864,Ib_2079227
-9.0,0.0,0.0,0.0,0.0,0.046393655,0.048074864,Ib_2079227
-6.0,0.0,0.0,0.0,0.0,0.046393655,0.048074864,Ib_2079227
-3.0,0.0,0.0,4065.2412109375,153.98341369628906,0.046393655,0.048074864,Ib_2079227
0.0,5450.2021484375,411.3282470703125,0.0,0.0,0.046393655,0.048074864,Ib_2079227
3.0,0.0,0.0,0.0,0.0,0.046393655,0.048074864,Ib_2079227
6.0,5982.00634765625,131.03819274902344,0.0,0.0,0.046393655,0.048074864,Ib_2079227
9.0,0.0,0.0,0.0,0.0,0.046393655,0.048074864,Ib_2079227
12.0,5316.69140625,126.23962020874023,0.0,0.0,0.046393655,0.048074864,Ib_2079227
15.0,0.0,0.0,0.0,0.0,0.046393655,0.048074864,Ib_2079227
18.0,0.0,0.0,0.0,0.0,0.046393655,0.048074864,Ib_2079227
21.0,2160.626220703125,450.72918701171875,0.0,0.0,0.046393655,0.048074864,Ib_2079227
24.0,-184.25392150878906,358.2581787109375,2572.443115234375,201.61621627550895,0.046393655,0.048074864,Ib_2079227
27.0,1340.9079996744792,162.68645731608072,1533.74072265625,177.08898057495858,0.046393655,0.048074864,Ib_2079227
30.0,0.0,0.0,0.0,0.0,0.046393655,0.048074864,Ib_2079227
33.0,0.0,0.0,0.0,0.0,0.046393655,0.048074864,Ib_2079227
36.0,0.0,0.0,0.0,0.0,0.046393655,0.048074864,Ib_2079227
39.0,0.0,0.0,0.0,0.0,0.046393655,0.048074864,Ib_2079227
42.0,0.0,0.0,0.0,0.0,0.046393655,0.048074864,Ib_2079227
45.0,561.7083129882812,108.42456817626953,1208.095458984375,134.29727915396012,0.046393655,0.048074864,Ib_2079227
48.0,0.0,0.0,0.0,0.0,0.046393655,0.048074864,Ib_2079227
51.0,0.0,0.0,0.0,0.0,0.046393655,0.048074864,Ib_2079227
54.0,0.0,0.0,0.0,0.0,0.046393655,0.048074864,Ib_2079227
57.0,0.0,0.0,1905.722412109375,186.5277862548828,0.046393655,0.048074864,Ib_2079227
60.0,852.1256713867188,133.56402587890625,0.0,0.0,0.046393655,0.048074864,Ib_2079227
63.0,0.0,0.0,0.0,0.0,0.046393655,0.048074864,Ib_2079227
66.0,0.0,0.0,0.0,0.0,0.046393655,0.048074864,Ib_2079227
69.0,0.0,0.0,0.0,0.0,0.046393655,0.048074864,Ib_2079227
