relative_time,g_flux,g_uncert,r_flux,r_uncert,redshift,mwebv,id
-30.0,0.0,0.0,90.90825462341309,122.30296805949736,0.07487076,0.012397429,Ib_21032939
-27.0,-12.771873474121094,109.73295211791992,0.0,0.0,0.07487076,0.012397429,Ib_21032939
-24.0,39.594862174987796,140.1596435546875,0.0,0.0,0.07487076,0.012397429,Ib_21032939
-21.0,0.0,0.0,0.0,0.0,0.07487076,0.012397429,Ib_21032939
-18.0,-51.0572509765625,46.5303955078125,0.0,0.0,0.07487076,0.012397429,Ib_21032939
-15.0,0.0,0.0,0.0,0.0,0.07487076,0.012397429,Ib_21032939
-12.0,0.0,0.0,0.0,0.0,0.07487076,0.012397429,Ib_21032939
-9.0,0.0,0.0,0.0,0.0,0.07487076,0.012397429,Ib_21032939
-6.0,0.0,0.0,0.0,0.0,0.07487076,0.012397429,Ib_21032939
-3.0,0.0,0.0,1045.2733764648438,135.58922524208805,0.07487076,0.012397429,Ib_21032939
0.0,0.0,0.0,1074.6702270507812,113.43951609430228,0.07487076,0.012397429,Ib_21032939
3.0,387.9178415934245,172.62357076009116,519.2640787760416,230.32078491681338,0.07487076,0.012397429,Ib_21032939
6.0,0.0,0.0,996.0490478515625,163.4122414223553,0.07487076,0.012397429,Ib_21032939
9.0,0.0,0.0,0.0,0.0,0.07487076,0.012397429,Ib_21032939
12.0,0.0,0.0,0.0,0.0,0.07487076,0.012397429,Ib_21032939
15.0,78.3500762939453,18.549161529541017,403.4339599609375,49.108821367859534,0.07487076,0.012397429,Ib_21032939
18.0,0.0,0.0,0.0,0.0,0.07487076,0.012397429,Ib_21032939
21.0,0.0,0.0,0.0,0.0,0.07487076,0.012397429,Ib_21032939
24.0,0.0,0.0,0.0,0.0,0.07487076,0.012397429,Ib_21032939
27.0,0.0,0.0,0.0,0.0,0.07487076,0.012397429,Ib_21032939
30.0,0.0,0.0,0.0,0.0,0.07487076,0.012397429,Ib_21032939
33.0,0.0,0.0,0.0,0.0,0.07487076,0.012397429,Ib_21032939
36.0,0.0,0.0,0.0,0.0,0.07487076,0.012397429,Ib_21032939
39.0,0.0,0.0,0.0,0.0,0.07487076,0.012397429,Ib_21032939
42.0,0.0,0.0,0.0,0.0,0.07487076,0.012397429,Ib_21032939
45.0,0.0,0.0,0.0,0.0,0.07487076,0.012397429,Ib_21032939
48.0,0.0,0.0,0.0,0.0,0.07487076,0.012397429,Ib_21032939
51.0,0.0,0.0,0.0,0.0,0.07487076,0.012397429,Ib_21032939
54.0,0.0,0.0,0.0,0.0,0.07487076,0.012397429,Ib_21032939
57.0,0.0,0.0,0.0,0.0,0.07487076,0.012397429,Ib_21032939
60.0,0.0,0.0,0.0,0.0,0.07487076,0.012397429,Ib_21032939
63.0,0.0,0.0,0.0,0.0,0.07487076,0.012397429,Ib_21032939
66.0,0.0,0.0,0.0,0.0,0.07487076,0.012397429,Ib_21032939
69.0,0.0,0.0,0.0,0.0,0.07487076,0.012397429,Ib_21032939
