relative_time,g_flux,g_uncert,r_flux,r_uncert,redshift,mwebv,id
-30.0,0.0,0.0,0.0,0.0,0.12692054,0.017613584,Ib_21278470
-27.0,0.0,0.0,0.0,0.0,0.12692054,0.017613584,Ib_21278470
-24.0,0.0,0.0,0.0,0.0,0.12692054,0.017613584,Ib_21278470
-21.0,0.0,0.0,0.0,0.0,0.12692054,0.017613584,Ib_21278470
-18.0,0.0,0.0,0.0,0.0,0.12692054,0.017613584,Ib_21278470
-15.0,0.0,0.0,0.0,0.0,0.12692054,0.017613584,Ib_21278470
-12.0,0.0,0.0,0.0,0.0,0.12692054,0.017613584,Ib_21278470
-9.0,0.0,0.0,0.0,0.0,0.12692054,0.017613584,Ib_21278470
-6.0,0.0,0.0,1438.6953125,130.8220977783203,0.12692054,0.017613584,Ib_21278470
-3.0,0.0,0.0,0.0,0.0,0.12692054,0.017613584,Ib_21278470
0.0,174.49769592285156,80.78009033203125,613.2984619140625,76.44620468710193,0.12692054,0.017613584,Ib_21278470
3.0,0.0,0.0,0.0,0.0,0.12692054,0.017613584,Ib_21278470
6.0,0.0,0.0,1298.860107421875,194.54727172851562,0.12692054,0.017613584,Ib_21278470
9.0,99.47579193115234,206.03689575195312,0.0,0.0,0.12692054,0.017613584,Ib_21278470
12.0,14.436205863952637,157.3789825439453,0.0,0.0,0.12692054,0.017613584,Ib_21278470
15.0,0.0,0.0,0.0,0.0,0.12692054,0.017613584,Ib_21278470
18.0,0.0,0.0,469.5746154785156,103.37271118164062,0.12692054,0.017613584,Ib_21278470
21.0,0.0,0.0,0.0,0.0,0.12692054,0.017613584,Ib_21278470
24.0,0.0,0.0,0.0,0.0,0.12692054,0.017613584,Ib_21278470
27.0,0.0,0.0,0.0,0.0,0.12692054,0.017613584,Ib_21278470
30.0,0.0,0.0,0.0,0.0,0.12692054,0.017613584,Ib_21278470
33.0,77.38650512695312,121.72998046875,164.6195831298828,70.65711318312007,0.12692054,0.017613584,Ib_21278470
36.0,0.0,0.0,574.9371185302734,373.0555432612359,0.12692054,0.017613584,Ib_21278470
39.0,8.244559288024902,79.38262176513672,149.59994506835938,222.8965741392991,0.12692054,0.017613584,Ib_21278470
42.0,0.0,0.0,0.0,0.0,0.12692054,0.017613584,Ib_21278470
45.0,0.0,0.0,0.0,0.0,0.12692054,0.017613584,Ib_21278470
48.0,0.0,0.0,319.9760437011719,77.71636199951172,0.12692054,0.017613584,Ib_21278470
51.0,0.0,0.0,0.0,0.0,0.12692054,0.017613584,Ib_21278470
54.0,0.0,0.0,0.0,0.0,0.12692054,0.017613584,Ib_21278470
57.0,0.0,0.0,0.0,0.0,0.12692054,0.017613584,Ib_21278470
60.0,0.0,0.0,0.0,0.0,0.12692054,0.017613584,Ib_21278470
63.0,0.0,0.0,0.0,0.0,0.12692054,0.017613584,Ib_21278470
66.0,0.0,0.0,0.0,0.0,0.12692054,0.017613584,Ib_21278470
69.0,0.0,0.0,0.0,0.0,0.12692054,0.017613584,Ib_21278470
