relative_time,g_flux,g_uncert,r_flux,r_uncert,redshift,mwebv,id
-30.0,0.0,0.0,0.0,0.0,0.060035296,0.012877332,Ib_2310842
-27.0,0.0,0.0,0.0,0.0,0.060035296,0.012877332,Ib_2310842
-24.0,0.0,0.0,0.0,0.0,0.060035296,0.012877332,Ib_2310842
-21.0,0.0,0.0,0.0,0.0,0.060035296,0.012877332,Ib_2310842
-18.0,0.0,0.0,0.0,0.0,0.060035296,0.012877332,Ib_2310842
-15.0,0.0,0.0,0.0,0.0,0.060035296,0.012877332,Ib_2310842
-12.0,0.0,0.0,0.0,0.0,0.060035296,0.012877332,Ib_2310842
-9.0,0.0,0.0,0.0,0.0,0.060035296,0.012877332,Ib_2310842
-6.0,0.0,0.0,0.0,0.0,0.060035296,0.012877332,Ib_2310842
-3.0,1349.367431640625,92.01280975341797,0.0,0.0,0.060035296,0.012877332,Ib_2310842
0.0,561.600830078125,54.71659851074219,648.3336791992188,89.60289439338123,0.060035296,0.012877332,Ib_2310842
3.0,0.0,0.0,0.0,0.0,0.060035296,0.012877332,Ib_2310842
6.0,0.0,0.0,1086.0213623046875,211.96633911132812,0.060035296,0.012877332,Ib_2310842
9.0,678.7346801757812,140.93519592285156,0.0,0.0,0.060035296,0.012877332,Ib_2310842
12.0,738.0362548828125,136.3631591796875,0.0,0.0,0.060035296,0.012877332,Ib_2310842
15.0,0.0,0.0,0.0,0.0,0.060035296,0.012877332,Ib_2310842
18.0,0.0,0.0,0.0,0.0,0.060035296,0.012877332,Ib_2310842
21.0,0.0,0.0,0.0,0.0,0.060035296,0.012877332,Ib_2310842
24.0,0.0,0.0,0.0,0.0,0.060035296,0.012877332,Ib_2310842
27.0,0.0,0.0,0.0,0.0,0.060035296,0.012877332,Ib_2310842
30.0,0.0,0.0,0.0,0.0,0.060035296,0.012877332,Ib_2310842
33.0,16.887666702270508,162.2244415283203,0.0,0.0,0.060035296,0.012877332,Ib_2310842
36.0,229.39862060546875,172.0225372314453,0.0,0.0,0.060035296,0.012877332,Ib_2310842
39.0,-42.65513610839844,243.46559143066406,235.43043518066406,166.07710886447916,0.060035296,0.012877332,Ib_2310842
42.0,85.85137176513672,60.719215393066406,142.32354736328125,165.9013571805383,0.060035296,0.012877332,Ib_2310842
45.0,0.0,0.0,0.0,0.0,0.060035296,0.012877332,Ib_2310842
48.0,0.0,0.0,0.0,0.0,0.060035296,0.012877332,Ib_2310842
51.0,17.824108123779297,34.2573127746582,0.0,0.0,0.060035296,0.012877332,Ib_2310842
54.0,0.0,0.0,0.0,0.0,0.060035296,0.012877332,Ib_2310842
57.0,0.0,0.0,0.0,0.0,0.060035296,0.012877332,Ib_2310842
60.0,0.0,0.0,0.0,0.0,0.060035296,0.012877332,Ib_2310842
63.0,0.0,0.0,0.0,0.0,0.060035296,0.012877332,Ib_2310842
66.0,0.0,0.0,0.0,0.0,0.060035296,0.012877332,Ib_2310842
69.0,0.0,0.0,0.0,0.0,0.060035296,0.012877332,Ib_2310842
