relative_time,g_flux,g_uncert,r_flux,r_uncert,redshift,mwebv,id
-30.0,338.27030181884766,289.4204788208008,0.0,0.0,0.11448462,0.030974265,Ib_30001250
-27.0,0.0,0.0,0.0,0.0,0.11448462,0.030974265,Ib_30001250
-24.0,64.18660354614258,33.81154823303223,97.4197769165039,54.01759442122789,0.11448462,0.030974265,Ib_30001250
-21.0,261.5208435058594,130.6518096923828,0.0,0.0,0.11448462,0.030974265,Ib_30001250
-18.0,0.0,0.0,0.0,0.0,0.11448462,0.030974265,Ib_30001250
-15.0,0.0,0.0,0.0,0.0,0.11448462,0.030974265,Ib_30001250
-12.0,518.8058776855469,77.14200210571289,0.0,0.0,0.11448462,0.030974265,Ib_30001250
-9.0,325.3876546223958,109.55566151936848,177.4069620768229,67.98535959239211,0.11448462,0.030974265,Ib_30001250
-6.0,238.19434865315756,117.21047465006511,44.26690165201823,261.5536264538013,0.11448462,0.030974265,Ib_30001250
-3.0,340.1448974609375,96.40894063313802,234.60591634114584,75.42452785391966,0.11448462,0.030974265,Ib_30001250
0.0,797.3836059570312,118.4585189819336,0.0,0.0,0.11448462,0.030974265,Ib_30001250
3.0,998.3433532714844,72.09679794311523,0.0,0.0,0.11448462,0.030974265,Ib_30001250
6.0,1152.1918640136719,78.32331466674805,0.0,0.0,0.11448462,0.030974265,Ib_30001250
9.0,0.0,0.0,0.0,0.0,0.11448462,0.030974265,Ib_30001250
12.0,765.0875701904297,74.38393020629883,368.3242492675781,78.15497589111328,0.11448462,0.030974265,Ib_30001250
15.0,0.0,0.0,0.0,0.0,0.11448462,0.030974265,Ib_30001250
18.0,0.0,0.0,0.0,0.0,0.11448462,0.030974265,Ib_30001250
21.0,0.0,0.0,1138.053466796875,197.037841796875,0.11448462,0.030974265,Ib_30001250
24.0,0.0,0.0,0.0,0.0,0.11448462,0.030974265,Ib_30001250
27.0,0.0,0.0,0.0,0.0,0.11448462,0.030974265,Ib_30001250
30.0,0.0,0.0,0.0,0.0,0.11448462,0.030974265,Ib_30001250
33.0,0.0,0.0,0.0,0.0,0.11448462,0.030974265,Ib_30001250
36.0,0.0,0.0,0.0,0.0,0.11448462,0.030974265,Ib_30001250
39.0,0.0,0.0,0.0,0.0,0.11448462,0.030974265,Ib_30001250
42.0,0.0,0.0,0.0,0.0,0.11448462,0.030974265,Ib_30001250
45.0,0.0,0.0,0.0,0.0,0.11448462,0.030974265,Ib_30001250
48.0,0.0,0.0,0.0,0.0,0.11448462,0.030974265,Ib_30001250
51.0,0.0,0.0,0.0,0.0,0.11448462,0.030974265,Ib_30001250
54.0,0.0,0.0,0.0,0.0,0.11448462,0.030974265,Ib_30001250
57.0,0.0,0.0,0.0,0.0,0.11448462,0.030974265,Ib_30001250
60.0,0.0,0.0,0.0,0.0,0.11448462,0.030974265,Ib_30001250
63.0,0.0,0.0,0.0,0.0,0.11448462,0.030974265,Ib_30001250
66.0,0.0,0.0,0.0,0.0,0.11448462,0.030974265,Ib_30001250
69.0,0.0,0.0,0.0,0.0,0.11448462,0.030974265,Ib_30001250
