relative_time,g_flux,g_uncert,r_flux,r_uncert,redshift,mwebv,id
-30.0,0.0,0.0,0.0,0.0,0.04582072,0.017005248,Ib_4117214
-27.0,0.0,0.0,0.0,0.0,0.04582072,0.017005248,Ib_4117214
-24.0,0.0,0.0,0.0,0.0,0.04582072,0.017005248,Ib_4117214
-21.0,0.0,0.0,0.0,0.0,0.04582072,0.017005248,Ib_4117214
-18.0,0.0,0.0,0.0,0.0,0.04582072,0.017005248,Ib_4117214
-15.0,262.4240417480469,127.96713256835938,0.0,0.0,0.04582072,0.017005248,Ib_4117214
-12.0,-64.1283696492513,265.3546142578125,178.01595052083334,139.64753018483384,0.04582072,0.017005248,Ib_4117214
-9.0,614.65478515625,210.68174743652344,0.0,0.0,0.04582072,0.017005248,Ib_4117214
-6.0,0.0,0.0,0.0,0.0,0.04582072,0.017005248,Ib_4117214
-3.0,0.0,0.0,0.0,0.0,0.04582072,0.017005248,Ib_4117214
0.0,147.11146545410156,28.890623092651367,252.05804443359375,54.840653878494074,0.04582072,0.017005248,Ib_4117214
3.0,0.0,0.0,0.0,0.0,0.04582072,0.017005248,Ib_4117214
6.0,0.0,0.0,0.0,0.0,0.04582072,0.017005248,Ib_4117214
9.0,0.0,0.0,0.0,0.0,0.04582072,0.017005248,Ib_4117214
12.0,0.0,0.0,0.0,0.0,0.04582072,0.017005248,Ib_4117214
15.0,0.0,0.0,0.0,0.0,0.04582072,0.017005248,Ib_4117214
18.0,0.0,0.0,0.0,0.0,0.04582072,0.017005248,Ib_4117214
21.0,0.0,0.0,0.0,0.0,0.04582072,0.017005248,Ib_4117214
24.0,0.0,0.0,0.0,0.0,0.04582072,0.017005248,Ib_4117214
27.0,0.0,0.0,0.0,0.0,0.04582072,0.017005248,Ib_4117214
30.0,0.0,0.0,0.0,0.0,0.04582072,0.017005248,Ib_4117214
33.0,0.0,0.0,0.0,0.0,0.04582072,0.017005248,Ib_4117214
36.0,0.0,0.0,0.0,0.0,0.04582072,0.017005248,Ib_4117214
39.0,0.0,0.0,0.0,0.0,0.04582072,0.017005248,Ib_4117214
42.0,0.0,0.0,0.0,0.0,0.04582072,0.017005248,Ib_4117214
45.0,0.0,0.0,0.0,0.0,0.04582072,0.017005248,Ib_4117214
48.0,0.0,0.0,0.0,0.0,0.04582072,0.017005248,Ib_4117214
51.0,0.0,0.0,0.0,0.0,0.04582072,0.017005248,Ib_4117214
54.0,0.0,0.0,0.0,0.0,0.04582072,0.017005248,Ib_4117214
57.0,0.0,0.0,0.0,0.0,0.04582072,0.017005248,Ib_4117214
60.0,0.0,0.0,0.0,0.0,0.04582072,0.017005248,Ib_4117214
63.0,0.0,0.0,0.0,0.0,0.04582072,0.017005248,Ib_4117214
66.0,0.0,0.0,0.0,0.0,0.04582072,0.017005248,Ib_4117214
69.0,0.0,0.0,0.0,0.0,0.04582072,0.017005248,Ib_4117214
