relative_time,g_flux,g_uncert,r_flux,r_uncert,redshift,mwebv,id
-30.0,0.0,0.0,0.0,0.0,0.028856669,0.015124502,Ib_539810
-27.0,11.188456535339355,60.81581115722656,36.68241882324219,77.33137751997477,0.028856669,0.015124502,Ib_539810
-24.0,50.06718826293945,45.4081916809082,99.08873748779297,63.046776107382925,0.028856669,0.015124502,Ib_539810
-21.0,-55.89514923095703,34.74973678588867,0.0,0.0,0.028856669,0.015124502,Ib_539810
-18.0,0.0,0.0,-33.05699157714844,54.25168228149414,0.028856669,0.015124502,Ib_539810
-15.0,0.15827986598014832,49.16728210449219,0.0,0.0,0.028856669,0.015124502,Ib_539810
-12.0,0.0,0.0,0.0,0.0,0.028856669,0.015124502,Ib_539810
-9.0,0.0,0.0,-47.57844161987305,80.41201782226562,0.028856669,0.015124502,Ib_539810
-6.0,0.0,0.0,0.0,0.0,0.028856669,0.015124502,Ib_539810
-3.0,0.0,0.0,802.2242431640625,106.24449920654297,0.028856669,0.015124502,Ib_539810
0.0,1201.7164306640625,130.03024291992188,0.0,0.0,0.028856669,0.015124502,Ib_539810
3.0,0.0,0.0,0.0,0.0,0.028856669,0.015124502,Ib_539810
6.0,2010.1689453125,153.490966796875,0.0,0.0,0.028856669,0.015124502,Ib_539810
9.0,2519.191650390625,85.59099578857422,0.0,0.0,0.028856669,0.015124502,Ib_539810
12.0,0.0,0.0,0.0,0.0,0.028856669,0.015124502,Ib_539810
15.0,2600.10400390625,92.08154296875,0.0,0.0,0.028856669,0.015124502,Ib_539810
18.0,2113.846435546875,91.77657318115234,0.0,0.0,0.028856669,0.015124502,Ib_539810
21.0,0.0,0.0,0.0,0.0,0.028856669,0.015124502,Ib_539810
24.0,1196.4010009765625,173.28662109375,0.0,0.0,0.028856669,0.015124502,Ib_539810
27.0,0.0,0.0,0.0,0.0,0.028856669,0.015124502,Ib_539810
30.0,0.0,0.0,0.0,0.0,0.028856669,0.015124502,Ib_539810
33.0,0.0,0.0,0.0,0.0,0.028856669,0.015124502,Ib_539810
36.0,0.0,0.0,0.0,0.0,0.028856669,0.015124502,Ib_539810
39.0,0.0,0.0,0.0,0.0,0.028856669,0.015124502,Ib_539810
42.0,0.0,0.0,0.0,0.0,0.028856669,0.015124502,Ib_539810
45.0,0.0,0.0,0.0,0.0,0.028856669,0.015124502,Ib_539810
48.0,0.0,0.0,0.0,0.0,0.028856669,0.015124502,Ib_539810
51.0,0.0,0.0,0.0,0.0,0.028856669,0.015124502,Ib_539810
54.0,0.0,0.0,0.0,0.0,0.028856669,0.015124502,Ib_539810
57.0,0.0,0.0,0.0,0.0,0.028856669,0.015124502,Ib_539810
60.0,0.0,0.0,0.0,0.0,0.028856669,0.015124502,Ib_539810
63.0,0.0,0.0,0.0,0.0,0.028856669,0.015124502,Ib_539810
66.0,0.0,0.0,0.0,0.0,0.028856669,0.015124502,Ib_539810
69.0,0.0,0.0,0.0,0.0,0.028856669,0.015124502,Ib_539810
