relative_time,g_flux,g_uncert,r_flux,r_uncert,redshift,mwebv,id
-30.0,0.0,0.0,0.0,0.0,0.10762537,0.0471033,Ib_8902406
-27.0,-98.31920623779297,121.07888793945312,0.0,0.0,0.10762537,0.0471033,Ib_8902406
-24.0,0.0,0.0,0.0,0.0,0.10762537,0.0471033,Ib_8902406
-21.0,0.0,0.0,-147.3753662109375,214.224365234375,0.10762537,0.0471033,Ib_8902406
-18.0,0.0,0.0,0.0,0.0,0.10762537,0.0471033,Ib_8902406
-15.0,0.0,0.0,0.0,0.0,0.10762537,0.0471033,Ib_8902406
-12.0,0.0,0.0,0.0,0.0,0.10762537,0.0471033,Ib_8902406
-9.0,0.0,0.0,0.0,0.0,0.10762537,0.0471033,Ib_8902406
-6.0,0.0,0.0,0.0,0.0,0.10762537,0.0471033,Ib_8902406
-3.0,913.9940185546875,111.42575073242188,0.0,0.0,0.10762537,0.0471033,Ib_8902406
0.0,698.2938842773438,129.97267150878906,1349.7755126953125,128.89352718219408,0.10762537,0.0471033,Ib_8902406
3.0,934.2172037760416,72.53903198242188,2720.8150227864585,176.8862905019347,0.10762537,0.0471033,Ib_8902406
6.0,0.0,0.0,0.0,0.0,0.10762537,0.0471033,Ib_8902406
9.0,0.0,0.0,4455.1708984375,174.8240203857422,0.10762537,0.0471033,Ib_8902406
12.0,0.0,0.0,0.0,0.0,0.10762537,0.0471033,Ib_8902406
15.0,892.4020385742188,40.34144973754883,2145.838623046875,123.97238292551127,0.10762537,0.0471033,Ib_8902406
18.0,1073.5672607421875,88.85102081298828,0.0,0.0,0.10762537,0.0471033,Ib_8902406
21.0,0.0,0.0,0.0,0.0,0.10762537,0.0471033,Ib_8902406
24.0,0.0,0.0,0.0,0.0,0.10762537,0.0471033,Ib_8902406
27.0,165.34022521972656,268.40863037109375,871.6541137695312,153.61233419213434,0.10762537,0.0471033,Ib_8902406
30.0,319.41082763671875,377.8446960449219,1322.62158203125,806.8734885764177,0.10762537,0.0471033,Ib_8902406
33.0,340.7962646484375,345.15313720703125,0.0,0.0,0.10762537,0.0471033,Ib_8902406
36.0,0.0,0.0,0.0,0.0,0.10762537,0.0471033,Ib_8902406
39.0,0.0,0.0,0.0,0.0,0.10762537,0.0471033,Ib_8902406
42.0,0.0,0.0,0.0,0.0,0.10762537,0.0471033,Ib_8902406
45.0,0.0,0.0,0.0,0.0,0.10762537,0.0471033,Ib_8902406
48.0,0.0,0.0,0.0,0.0,0.10762537,0.0471033,Ib_8902406
51.0,0.0,0.0,0.0,0.0,0.10762537,0.0471033,Ib_8902406
54.0,0.0,0.0,0.0,0.0,0.10762537,0.0471033,Ib_8902406
57.0,0.0,0.0,0.0,0.0,0.10762537,0.0471033,Ib_8902406
60.0,0.0,0.0,0.0,0.0,0.10762537,0.0471033,Ib_8902406
63.0,0.0,0.0,0.0,0.0,0.10762537,0.0471033,Ib_8902406
66.0,0.0,0.0,0.0,0.0,0.10762537,0.0471033,Ib_8902406
69.0,137.74842834472656,48.44625473022461,336.697265625,67.51099188084325,0.10762537,0.0471033,Ib_8902406
