relative_time,g_flux,g_uncert,r_flux,r_uncert,redshift,mwebv,id
-30.0,0.0,0.0,0.0,0.0,0.044979647,0.050940797,Ic-BL_26117280
-27.0,0.0,0.0,0.0,0.0,0.044979647,0.050940797,Ic-BL_26117280
-24.0,0.0,0.0,0.0,0.0,0.044979647,0.050940797,Ic-BL_26117280
-21.0,0.0,0.0,0.0,0.0,0.044979647,0.050940797,Ic-BL_26117280
-18.0,34.79866409301758,118.48703002929688,0.449723482131958,158.89656983981584,0.044979647,0.050940797,Ic-BL_26117280
-15.0,0.5728982090950012,72.89057922363281,0.0,0.0,0.044979647,0.050940797,Ic-BL_26117280
-12.0,0.0,0.0,31.24361228942871,151.0711669921875,0.044979647,0.050940797,Ic-BL_26117280
-9.0,0.0,0.0,0.0,0.0,0.044979647,0.050940797,Ic-BL_26117280
-6.0,0.0,0.0,0.0,0.0,0.044979647,0.050940797,Ic-BL_26117280
-3.0,0.0,0.0,0.0,0.0,0.044979647,0.050940797,Ic-BL_26117280
0.0,1186.7193603515625,175.25308227539062,1211.6949462890625,143.46281201186366,0.044979647,0.050940797,Ic-BL_26117280
3.0,0.0,0.0,0.0,0.0,0.044979647,0.050940797,Ic-BL_26117280
6.0,0.0,0.0,0.0,0.0,0.044979647,0.050940797,Ic-BL_26117280
9.0,0.0,0.0,0.0,0.0,0.044979647,0.050940797,Ic-BL_26117280
12.0,0.0,0.0,0.0,0.0,0.044979647,0.050940797,Ic-BL_26117280
15.0,0.0,0.0,0.0,0.0,0.044979647,0.050940797,Ic-BL_26117280
18.0,0.0,0.0,0.0,0.0,0.044979647,0.050940797,Ic-BL_26117280
21.0,0.0,0.0,0.0,0.0,0.044979647,0.050940797,Ic-BL_26117280
24.0,0.0,0.0,0.0,0.0,0.044979647,0.050940797,Ic-BL_26117280
27.0,0.0,0.0,0.0,0.0,0.044979647,0.050940797,Ic-BL_26117280
30.0,0.0,0.0,0.0,0.0,0.044979647,0.050940797,Ic-BL_26117280
33.0,0.0,0.0,0.0,0.0,0.044979647,0.050940797,Ic-BL_26117280
36.0,0.0,0.0,0.0,0.0,0.044979647,0.050940797,Ic-BL_26117280
39.0,0.0,0.0,0.0,0.0,0.044979647,0.050940797,Ic-BL_26117280
42.0,0.0,0.0,0.0,0.0,0.044979647,0.050940797,Ic-BL_26117280
45.0,0.0,0.0,0.0,0.0,0.044979647,0.050940797,Ic-BL_26117280
48.0,0.0,0.0,0.0,0.0,0.044979647,0.050940797,Ic-BL_26117280
51.0,0.0,0.0,0.0,0.0,0.044979647,0.050940797,Ic-BL_26117280
54.0,0.0,0.0,0.0,0.0,0.044979647,0.050940797,Ic-BL_26117280
57.0,0.0,0.0,0.0,0.0,0.044979647,0.050940797,Ic-BL_26117280
60.0,0.0,0.0,0.0,0.0,0.044979647,0.050940797,Ic-BL_26117280
63.0,0.0,0.0,0.0,0.0,0.044979647,0.050940797,Ic-BL_26117280
66.0,0.0,0.0,0.0,0.0,0.044979647,0.050940797,Ic-BL_26117280
69.0,0.0,0.0,0.0,0.0,0.044979647,0.050940797,Ic-BL_26117280
