relative_time,g_flux,g_uncert,r_flux,r_uncert,redshift,mwebv,id
-30.0,0.0,0.0,0.0,0.0,0.04514042,0.06567986,Ic-BL_3409464
-27.0,291.078125,154.75306701660156,0.0,0.0,0.04514042,0.06567986,Ic-BL_3409464
-24.0,0.0,0.0,0.0,0.0,0.04514042,0.06567986,Ic-BL_3409464
-21.0,0.0,0.0,1124.5352783203125,314.0672607421875,0.04514042,0.06567986,Ic-BL_3409464
-18.0,0.0,0.0,0.0,0.0,0.04514042,0.06567986,Ic-BL_3409464
-15.0,749.7722778320312,139.661865234375,1662.9356689453125,251.28528864911888,0.04514042,0.06567986,Ic-BL_3409464
-12.0,701.8482055664062,266.43072509765625,1104.846435546875,476.55919859987307,0.04514042,0.06567986,Ic-BL_3409464
-9.0,0.0,0.0,0.0,0.0,0.04514042,0.06567986,Ic-BL_3409464
-6.0,0.0,0.0,2427.75537109375,323.0989685058594,0.04514042,0.06567986,Ic-BL_3409464
-3.0,363.6341552734375,96.42081451416016,683.2490234375,117.04266957440514,0.04514042,0.06567986,Ic-BL_3409464
0.0,0.0,0.0,1489.0416259765625,187.83657836914062,0.04514042,0.06567986,Ic-BL_3409464
3.0,0.0,0.0,0.0,0.0,0.04514042,0.06567986,Ic-BL_3409464
6.0,0.0,0.0,653.208251953125,256.625,0.04514042,0.06567986,Ic-BL_3409464
9.0,464.74993896484375,240.78485107421875,0.0,0.0,0.04514042,0.06567986,Ic-BL_3409464
12.0,328.17083740234375,126.455078125,357.6913757324219,156.75390768086942,0.04514042,0.06567986,Ic-BL_3409464
15.0,0.0,0.0,0.0,0.0,0.04514042,0.06567986,Ic-BL_3409464
18.0,386.88214111328125,148.37391662597656,0.0,0.0,0.04514042,0.06567986,Ic-BL_3409464
21.0,0.0,0.0,0.0,0.0,0.04514042,0.06567986,Ic-BL_3409464
24.0,0.0,0.0,0.0,0.0,0.04514042,0.06567986,Ic-BL_3409464
27.0,0.0,0.0,0.0,0.0,0.04514042,0.06567986,Ic-BL_3409464
30.0,0.0,0.0,0.0,0.0,0.04514042,0.06567986,Ic-BL_3409464
33.0,0.0,0.0,0.0,0.0,0.04514042,0.06567986,Ic-BL_3409464
36.0,0.0,0.0,0.0,0.0,0.04514042,0.06567986,Ic-BL_3409464
39.0,0.0,0.0,289.528564453125,514.7109985351562,0.04514042,0.06567986,Ic-BL_3409464
42.0,0.0,0.0,0.0,0.0,0.04514042,0.06567986,Ic-BL_3409464
45.0,0.0,0.0,0.0,0.0,0.04514042,0.06567986,Ic-BL_3409464
48.0,0.0,0.0,0.0,0.0,0.04514042,0.06567986,Ic-BL_3409464
51.0,0.0,0.0,0.0,0.0,0.04514042,0.06567986,Ic-BL_3409464
54.0,0.0,0.0,0.0,0.0,0.04514042,0.06567986,Ic-BL_3409464
57.0,0.0,0.0,0.0,0.0,0.04514042,0.06567986,Ic-BL_3409464
60.0,0.0,0.0,0.0,0.0,0.04514042,0.06567986,Ic-BL_3409464
63.0,0.0,0.0,0.0,0.0,0.04514042,0.06567986,Ic-BL_3409464
66.0,0.0,0.0,0.0,0.0,0.04514042,0.06567986,Ic-BL_3409464
69.0,0.0,0.0,0.0,0.0,0.04514042,0.06567986,Ic-BL_3409464
