relative_time,g_flux,g_uncert,r_flux,r_uncert,redshift,mwebv,id
-30.0,0.0,0.0,-150.42059326171875,411.2347412109375,0.036194745,0.0727434,Ic-BL_25034273
-27.0,0.0,0.0,116.48634338378906,225.92550659179688,0.036194745,0.0727434,Ic-BL_25034273
-24.0,0.0,0.0,0.0,0.0,0.036194745,0.0727434,Ic-BL_25034273
-21.0,-13.729369163513184,269.3800964355469,0.0,0.0,0.036194745,0.0727434,Ic-BL_25034273
-18.0,0.0,0.0,-147.3914031982422,113.67163848876953,0.036194745,0.0727434,Ic-BL_25034273
-15.0,0.0,0.0,128.28530883789062,160.81394958496094,0.036194745,0.0727434,Ic-BL_25034273
-12.0,0.0,0.0,0.0,0.0,0.036194745,0.0727434,Ic-BL_25034273
-9.0,145.21923828125,440.218994140625,0.0,0.0,0.036194745,0.0727434,Ic-BL_25034273
-6.0,245.81787109375,126.9563217163086,362.4075012207031,130.59813185645766,0.036194745,0.0727434,Ic-BL_25034273
-3.0,0.0,0.0,0.0,0.0,0.036194745,0.0727434,Ic-BL_25034273
0.0,1382.4105224609375,89.29762268066406,1168.5794677734375,92.24012453149388,0.036194745,0.0727434,Ic-BL_25034273
3.0,0.0,0.0,0.0,0.0,0.036194745,0.0727434,Ic-BL_25034273
6.0,0.0,0.0,0.0,0.0,0.036194745,0.0727434,Ic-BL_25034273
9.0,0.0,0.0,0.0,0.0,0.036194745,0.0727434,Ic-BL_25034273
12.0,0.0,0.0,0.0,0.0,0.036194745,0.0727434,Ic-BL_25034273
15.0,0.0,0.0,0.0,0.0,0.036194745,0.0727434,Ic-BL_25034273
18.0,1324.98583984375,416.8511962890625,2022.3516845703125,188.02924838125756,0.036194745,0.0727434,Ic-BL_25034273
21.0,0.0,0.0,3625.9803466796875,513.8730629765214,0.036194745,0.0727434,Ic-BL_25034273
24.0,0.0,0.0,0.0,0.0,0.036194745,0.0727434,Ic-BL_25034273
27.0,0.0,0.0,0.0,0.0,0.036194745,0.0727434,Ic-BL_25034273
30.0,0.0,0.0,0.0,0.0,0.036194745,0.0727434,Ic-BL_25034273
33.0,0.0,0.0,0.0,0.0,0.036194745,0.0727434,Ic-BL_25034273
36.0,0.0,0.0,0.0,0.0,0.036194745,0.0727434,Ic-BL_25034273
39.0,0.0,0.0,0.0,0.0,0.036194745,0.0727434,Ic-BL_25034273
42.0,0.0,0.0,0.0,0.0,0.036194745,0.0727434,Ic-BL_25034273
45.0,0.0,0.0,0.0,0.0,0.036194745,0.0727434,Ic-BL_25034273
48.0,0.0,0.0,0.0,0.0,0.036194745,0.0727434,Ic-BL_25034273
51.0,0.0,0.0,0.0,0.0,0.036194745,0.0727434,Ic-BL_25034273
54.0,0.0,0.0,0.0,0.0,0.036194745,0.0727434,Ic-BL_25034273
57.0,0.0,0.0,0.0,0.0,0.036194745,0.0727434,Ic-BL_25034273
60.0,0.0,0.0,0.0,0.0,0.036194745,0.0727434,Ic-BL_25034273
63.0,0.0,0.0,0.0,0.0,0.036194745,0.0727434,Ic-BL_25034273
66.0,0.0,0.0,0.0,0.0,0.036194745,0.0727434,Ic-BL_25034273
69.0,0.0,0.0,0.0,0.0,0.036194745,0.0727434,Ic-BL_25034273
