relative_time,g_flux,g_uncert,r_flux,r_uncert,redshift,mwebv,id
-30.0,0.0,0.0,0.0,0.0,0.108670585,0.0202224,Ic-BL_21761670
-27.0,0.0,0.0,0.0,0.0,0.108670585,0.0202224,Ic-BL_21761670
-24.0,0.0,0.0,0.0,0.0,0.108670585,0.0202224,Ic-BL_21761670
-21.0,0.0,0.0,0.0,0.0,0.108670585,0.0202224,Ic-BL_21761670
-18.0,0.0,0.0,0.0,0.0,0.108670585,0.0202224,Ic-BL_21761670
-15.0,0.0,0.0,0.0,0.0,0.108670585,0.0202224,Ic-BL_21761670
-12.0,0.0,0.0,0.0,0.0,0.108670585,0.0202224,Ic-BL_21761670
-9.0,0.0,0.0,0.0,0.0,0.108670585,0.0202224,Ic-BL_21761670
-6.0,1715.7626953125,370.8041687011719,0.0,0.0,0.108670585,0.0202224,Ic-BL_21761670
-3.0,0.0,0.0,0.0,0.0,0.108670585,0.0202224,Ic-BL_21761670
0.0,766.9339904785156,104.07344818115234,1023.0895690917969,183.16597477862157,0.108670585,0.0202224,Ic-BL_21761670
3.0,0.0,0.0,0.0,0.0,0.108670585,0.0202224,Ic-BL_21761670
6.0,0.0,0.0,0.0,0.0,0.108670585,0.0202224,Ic-BL_21761670
9.0,0.0,0.0,0.0,0.0,0.108670585,0.0202224,Ic-BL_21761670
12.0,0.0,0.0,0.0,0.0,0.108670585,0.0202224,Ic-BL_21761670
15.0,0.0,0.0,0.0,0.0,0.108670585,0.0202224,Ic-BL_21761670
18.0,0.0,0.0,0.0,0.0,0.108670585,0.0202224,Ic-BL_21761670
21.0,0.0,0.0,0.0,0.0,0.108670585,0.0202224,Ic-BL_21761670
24.0,0.0,0.0,0.0,0.0,0.108670585,0.0202224,Ic-BL_21761670
27.0,0.0,0.0,0.0,0.0,0.108670585,0.0202224,Ic-BL_21761670
30.0,0.0,0.0,0.0,0.0,0.108670585,0.0202224,Ic-BL_21761670
33.0,0.0,0.0,0.0,0.0,0.108670585,0.0202224,Ic-BL_21761670
36.0,0.0,0.0,0.0,0.0,0.108670585,0.0202224,Ic-BL_21761670
39.0,0.0,0.0,0.0,0.0,0.108670585,0.0202224,Ic-BL_21761670
42.0,0.0,0.0,0.0,0.0,0.108670585,0.0202224,Ic-BL_21761670
45.0,0.0,0.0,0.0,0.0,0.108670585,0.0202224,Ic-BL_21761670
48.0,0.0,0.0,0.0,0.0,0.108670585,0.0202224,Ic-BL_21761670
51.0,0.0,0.0,0.0,0.0,0.108670585,0.0202224,Ic-BL_21761670
54.0,0.0,0.0,0.0,0.0,0.108670585,0.0202224,Ic-BL_21761670
57.0,0.0,0.0,0.0,0.0,0.108670585,0.0202224,Ic-BL_21761670
60.0,0.0,0.0,0.0,0.0,0.108670585,0.0202224,Ic-BL_21761670
63.0,0.0,0.0,0.0,0.0,0.108670585,0.0202224,Ic-BL_21761670
66.0,0.0,0.0,0.0,0.0,0.108670585,0.0202224,Ic-BL_21761670
69.0,0.0,0.0,0.0,0.0,0.108670585,0.0202224,Ic-BL_21761670
