relative_time,g_flux,g_uncert,r_flux,r_uncert,redshift,mwebv,id
-30.0,0.0,0.0,0.0,0.0,0.015296665,0.11830292,Ic_19563083
-27.0,0.0,0.0,0.0,0.0,0.015296665,0.11830292,Ic_19563083
-24.0,0.0,0.0,0.0,0.0,0.015296665,0.11830292,Ic_19563083
-21.0,0.0,0.0,0.0,0.0,0.015296665,0.11830292,Ic_19563083
-18.0,0.0,0.0,0.0,0.0,0.015296665,0.11830292,Ic_19563083
-15.0,0.0,0.0,231.1532440185547,525.5247192382812,0.015296665,0.11830292,Ic_19563083
-12.0,0.0,0.0,0.0,0.0,0.015296665,0.11830292,Ic_19563083
-9.0,0.0,0.0,0.0,0.0,0.015296665,0.11830292,Ic_19563083
-6.0,0.0,0.0,0.0,0.0,0.015296665,0.11830292,Ic_19563083
-3.0,2617.94873046875,178.98117065429688,0.0,0.0,0.015296665,0.11830292,Ic_19563083
0.0,5137.8017578125,548.259521484375,0.0,0.0,0.015296665,0.11830292,Ic_19563083
3.0,0.0,0.0,0.0,0.0,0.015296665,0.11830292,Ic_19563083
6.0,0.0,0.0,0.0,0.0,0.015296665,0.11830292,Ic_19563083
9.0,6851.9853515625,492.98553466796875,0.0,0.0,0.015296665,0.11830292,Ic_19563083
12.0,0.0,0.0,0.0,0.0,0.015296665,0.11830292,Ic_19563083
15.0,0.0,0.0,0.0,0.0,0.015296665,0.11830292,Ic_19563083
18.0,0.0,0.0,0.0,0.0,0.015296665,0.11830292,Ic_19563083
21.0,0.0,0.0,0.0,0.0,0.015296665,0.11830292,Ic_19563083
24.0,0.0,0.0,0.0,0.0,0.015296665,0.11830292,Ic_19563083
27.0,0.0,0.0,0.0,0.0,0.015296665,0.11830292,Ic_19563083
30.0,0.0,0.0,0.0,0.0,0.015296665,0.11830292,Ic_19563083
33.0,0.0,0.0,0.0,0.0,0.015296665,0.11830292,Ic_19563083
36.0,0.0,0.0,0.0,0.0,0.015296665,0.11830292,Ic_19563083
39.0,0.0,0.0,0.0,0.0,0.015296665,0.11830292,Ic_19563083
42.0,0.0,0.0,0.0,0.0,0.015296665,0.11830292,Ic_19563083
45.0,0.0,0.0,0.0,0.0,0.015296665,0.11830292,Ic_19563083
48.0,0.0,0.0,0.0,0.0,0.015296665,0.11830292,Ic_19563083
51.0,0.0,0.0,0.0,0.0,0.015296665,0.11830292,Ic_19563083
54.0,0.0,0.0,0.0,0.0,0.015296665,0.11830292,Ic_19563083
57.0,0.0,0.0,0.0,0.0,0.015296665,0.11830292,Ic_19563083
60.0,0.0,0.0,0.0,0.0,0.015296665,0.11830292,Ic_19563083
63.0,0.0,0.0,0.0,0.0,0.015296665,0.11830292,Ic_19563083
66.0,0.0,0.0,0.0,0.0,0.015296665,0.11830292,Ic_19563083
69.0,0.0,0.0,0.0,0.0,0.015296665,0.11830292,Ic_19563083
