relative_time,g_flux,g_uncert,r_flux,r_uncert,redshift,mwebv,id
-30.0,0.0,0.0,423.4188537597656,144.89881896972656,0.027307838,0.14953464,Ic_1954806
-27.0,19.99471155802409,55.47209167480469,-181.76669565836588,187.3847364954056,0.027307838,0.14953464,Ic_1954806
-24.0,0.0,0.0,0.0,0.0,0.027307838,0.14953464,Ic_1954806
-21.0,126.95243072509766,87.75306193033855,-7.858004252115886,87.71442594019558,0.027307838,0.14953464,Ic_1954806
-18.0,-35.13024139404297,54.89398193359375,-61.16111755371094,95.20358341537322,0.027307838,0.14953464,Ic_1954806
-15.0,0.0,0.0,0.0,0.0,0.027307838,0.14953464,Ic_1954806
-12.0,632.3768310546875,337.4857177734375,168.81854248046875,230.16109935757746,0.027307838,0.14953464,Ic_1954806
-9.0,57.26933288574219,237.0816853841146,1049.0588785807292,230.2101906568112,0.027307838,0.14953464,Ic_1954806
-6.0,0.0,0.0,1524.1602783203125,230.41006469726562,0.027307838,0.14953464,Ic_1954806
-3.0,0.0,0.0,0.0,0.0,0.027307838,0.14953464,Ic_1954806
0.0,2457.01953125,128.60633850097656,0.0,0.0,0.027307838,0.14953464,Ic_1954806
3.0,0.0,0.0,0.0,0.0,0.027307838,0.14953464,Ic_1954806
6.0,0.0,0.0,0.0,0.0,0.027307838,0.14953464,Ic_1954806
9.0,0.0,0.0,0.0,0.0,0.027307838,0.14953464,Ic_1954806
12.0,0.0,0.0,0.0,0.0,0.027307838,0.14953464,Ic_1954806
15.0,0.0,0.0,0.0,0.0,0.027307838,0.14953464,Ic_1954806
18.0,0.0,0.0,0.0,0.0,0.027307838,0.14953464,Ic_1954806
21.0,42.00680847167969,96.52335815429687,1716.312158203125,650.7376165443841,0.027307838,0.14953464,Ic_1954806
24.0,113.5302001953125,56.36342163085938,1651.257080078125,315.59189419156553,0.027307838,0.14953464,Ic_1954806
27.0,0.0,0.0,0.0,0.0,0.027307838,0.14953464,Ic_1954806
30.0,0.0,0.0,0.0,0.0,0.027307838,0.14953464,Ic_1954806
33.0,0.0,0.0,0.0,0.0,0.027307838,0.14953464,Ic_1954806
36.0,0.0,0.0,0.0,0.0,0.027307838,0.14953464,Ic_1954806
39.0,0.0,0.0,0.0,0.0,0.027307838,0.14953464,Ic_1954806
42.0,0.0,0.0,0.0,0.0,0.027307838,0.14953464,Ic_1954806
45.0,0.0,0.0,0.0,0.0,0.027307838,0.14953464,Ic_1954806
48.0,0.0,0.0,0.0,0.0,0.027307838,0.14953464,Ic_1954806
51.0,0.0,0.0,0.0,0.0,0.027307838,0.14953464,Ic_1954806
54.0,0.0,0.0,0.0,0.0,0.027307838,0.14953464,Ic_1954806
57.0,0.0,0.0,0.0,0.0,0.027307838,0.14953464,Ic_1954806
60.0,0.0,0.0,0.0,0.0,0.027307838,0.14953464,Ic_1954806
63.0,0.0,0.0,0.0,0.0,0.027307838,0.14953464,Ic_1954806
66.0,0.0,0.0,0.0,0.0,0.027307838,0.14953464,Ic_1954806
69.0,0.0,0.0,0.0,0.0,0.027307838,0.14953464,Ic_1954806
