relative_time,g_flux,g_uncert,r_flux,r_uncert,redshift,mwebv,id
-30.0,0.0,0.0,0.0,0.0,0.025240328,0.1326826,Ic_17308800
-27.0,111.26614634195964,155.7931925455729,-7.764184951782227,197.7095307212614,0.025240328,0.1326826,Ic_17308800
-24.0,282.5944388253348,242.58106340680803,-69.24446541922433,142.11522269099032,0.025240328,0.1326826,Ic_17308800
-21.0,176.62362670898438,364.1671142578125,148.99006042480468,291.9663109870793,0.025240328,0.1326826,Ic_17308800
-18.0,14.398213704427084,173.2419001261393,0.0,0.0,0.025240328,0.1326826,Ic_17308800
-15.0,0.0,0.0,0.0,0.0,0.025240328,0.1326826,Ic_17308800
-12.0,0.0,0.0,0.0,0.0,0.025240328,0.1326826,Ic_17308800
-9.0,0.0,0.0,0.0,0.0,0.025240328,0.1326826,Ic_17308800
-6.0,0.0,0.0,0.0,0.0,0.025240328,0.1326826,Ic_17308800
-3.0,-225.45757166544595,252.99047342936197,0.0,0.0,0.025240328,0.1326826,Ic_17308800
0.0,1069.5554809570312,167.8249969482422,1141.8003540039062,170.67424681964573,0.025240328,0.1326826,Ic_17308800
3.0,4570.7861328125,327.2266845703125,0.0,0.0,0.025240328,0.1326826,Ic_17308800
6.0,4602.60205078125,221.70314025878906,4684.0146484375,277.27901557297764,0.025240328,0.1326826,Ic_17308800
9.0,8871.83642578125,377.5249328613281,0.0,0.0,0.025240328,0.1326826,Ic_17308800
12.0,8220.810546875,274.6301574707031,0.0,0.0,0.025240328,0.1326826,Ic_17308800
15.0,0.0,0.0,13044.453125,305.8815612792969,0.025240328,0.1326826,Ic_17308800
18.0,6097.6044921875,265.2660827636719,0.0,0.0,0.025240328,0.1326826,Ic_17308800
21.0,3121.649169921875,188.5037384033203,0.0,0.0,0.025240328,0.1326826,Ic_17308800
24.0,0.0,0.0,0.0,0.0,0.025240328,0.1326826,Ic_17308800
27.0,0.0,0.0,0.0,0.0,0.025240328,0.1326826,Ic_17308800
30.0,0.0,0.0,0.0,0.0,0.025240328,0.1326826,Ic_17308800
33.0,0.0,0.0,0.0,0.0,0.025240328,0.1326826,Ic_17308800
36.0,0.0,0.0,0.0,0.0,0.025240328,0.1326826,Ic_17308800
39.0,0.0,0.0,0.0,0.0,0.025240328,0.1326826,Ic_17308800
42.0,0.0,0.0,0.0,0.0,0.025240328,0.1326826,Ic_17308800
45.0,0.0,0.0,0.0,0.0,0.025240328,0.1326826,Ic_17308800
48.0,0.0,0.0,0.0,0.0,0.025240328,0.1326826,Ic_17308800
51.0,0.0,0.0,0.0,0.0,0.025240328,0.1326826,Ic_17308800
54.0,0.0,0.0,0.0,0.0,0.025240328,0.1326826,Ic_17308800
57.0,0.0,0.0,0.0,0.0,0.025240328,0.1326826,Ic_17308800
60.0,0.0,0.0,0.0,0.0,0.025240328,0.1326826,Ic_17308800
63.0,0.0,0.0,0.0,0.0,0.025240328,0.1326826,Ic_17308800
66.0,0.0,0.0,0.0,0.0,0.025240328,0.1326826,Ic_17308800
69.0,0.0,0.0,0.0,0.0,0.025240328,0.1326826,Ic_17308800
