relative_time,g_flux,g_uncert,r_flux,r_uncert,redshift,mwebv,id
-30.0,-5.639827251434326,73.03828430175781,-83.65349578857422,181.63423490129495,0.085151285,0.053301975,Ic_13168488
-27.0,0.0,0.0,0.0,0.0,0.085151285,0.053301975,Ic_13168488
-24.0,0.0,0.0,44.657554626464844,114.9377670288086,0.085151285,0.053301975,Ic_13168488
-21.0,0.0,0.0,0.0,0.0,0.085151285,0.053301975,Ic_13168488
-18.0,-337.4115905761719,279.1404113769531,0.0,0.0,0.085151285,0.053301975,Ic_13168488
-15.0,93.73895009358723,86.08490753173828,-31.19347890218099,86.10905812931475,0.085151285,0.053301975,Ic_13168488
-12.0,0.0,0.0,0.0,0.0,0.085151285,0.053301975,Ic_13168488
-9.0,613.4513702392578,226.45315170288086,0.0,0.0,0.085151285,0.053301975,Ic_13168488
-6.0,325.780029296875,180.20196533203125,0.0,0.0,0.085151285,0.053301975,Ic_13168488
-3.0,0.0,0.0,0.0,0.0,0.085151285,0.053301975,Ic_13168488
0.0,215.02871704101562,33.427730560302734,273.3683166503906,55.77947796364733,0.085151285,0.053301975,Ic_13168488
3.0,0.0,0.0,0.0,0.0,0.085151285,0.053301975,Ic_13168488
6.0,0.0,0.0,0.0,0.0,0.085151285,0.053301975,Ic_13168488
9.0,0.0,0.0,0.0,0.0,0.085151285,0.053301975,Ic_13168488
12.0,0.0,0.0,0.0,0.0,0.085151285,0.053301975,Ic_13168488
15.0,0.0,0.0,0.0,0.0,0.085151285,0.053301975,Ic_13168488
18.0,0.0,0.0,0.0,0.0,0.085151285,0.053301975,Ic_13168488
21.0,0.0,0.0,0.0,0.0,0.085151285,0.053301975,Ic_13168488
24.0,0.0,0.0,0.0,0.0,0.085151285,0.053301975,Ic_13168488
27.0,0.0,0.0,0.0,0.0,0.085151285,0.053301975,Ic_13168488
30.0,0.0,0.0,0.0,0.0,0.085151285,0.053301975,Ic_13168488
33.0,0.0,0.0,0.0,0.0,0.085151285,0.053301975,Ic_13168488
36.0,0.0,0.0,0.0,0.0,0.085151285,0.053301975,Ic_13168488
39.0,0.0,0.0,0.0,0.0,0.085151285,0.053301975,Ic_13168488
42.0,0.0,0.0,0.0,0.0,0.085151285,0.053301975,Ic_13168488
45.0,0.0,0.0,0.0,0.0,0.085151285,0.053301975,Ic_13168488
48.0,0.0,0.0,0.0,0.0,0.085151285,0.053301975,Ic_13168488
51.0,0.0,0.0,0.0,0.0,0.085151285,0.053301975,Ic_13168488
54.0,0.0,0.0,0.0,0.0,0.085151285,0.053301975,Ic_13168488
57.0,0.0,0.0,0.0,0.0,0.085151285,0.053301975,Ic_13168488
60.0,0.0,0.0,0.0,0.0,0.085151285,0.053301975,Ic_13168488
63.0,0.0,0.0,0.0,0.0,0.085151285,0.053301975,Ic_13168488
66.0,0.0,0.0,0.0,0.0,0.085151285,0.053301975,Ic_13168488
69.0,0.0,0.0,0.0,0.0,0.085151285,0.053301975,Ic_13168488
