relative_time,g_flux,g_uncert,r_flux,r_uncert,redshift,mwebv,id
-30.0,0.0,0.0,0.0,0.0,0.024310395,0.13561454,Ic_15244393
-27.0,0.0,0.0,-105.78142547607422,225.4658203125,0.024310395,0.13561454,Ic_15244393
-24.0,-144.6954345703125,189.68572998046875,115.8919677734375,163.95541088515685,0.024310395,0.13561454,Ic_15244393
-21.0,0.0,0.0,58.15605926513672,289.41455078125,0.024310395,0.13561454,Ic_15244393
-18.0,8.638631820678711,345.6472473144531,0.0,0.0,0.024310395,0.13561454,Ic_15244393
-15.0,85.85148620605469,255.05850219726562,0.0,0.0,0.024310395,0.13561454,Ic_15244393
-12.0,7.238595008850098,122.64081573486328,36.95094680786133,248.48122442586072,0.024310395,0.13561454,Ic_15244393
-9.0,-114.4945068359375,165.02110290527344,584.3682250976562,470.3200084251762,0.024310395,0.13561454,Ic_15244393
-6.0,1595.1990966796875,175.2996368408203,0.0,0.0,0.024310395,0.13561454,Ic_15244393
-3.0,0.0,0.0,0.0,0.0,0.024310395,0.13561454,Ic_15244393
0.0,0.0,0.0,3671.98828125,249.88427734375,0.024310395,0.13561454,Ic_15244393
3.0,1970.4058837890625,404.32568359375,2243.092041015625,343.95667322156777,0.024310395,0.13561454,Ic_15244393
6.0,2543.08935546875,727.9291381835938,0.0,0.0,0.024310395,0.13561454,Ic_15244393
9.0,0.0,0.0,0.0,0.0,0.024310395,0.13561454,Ic_15244393
12.0,0.0,0.0,0.0,0.0,0.024310395,0.13561454,Ic_15244393
15.0,994.650146484375,379.9978332519531,2740.9716796875,1100.0159467376925,0.024310395,0.13561454,Ic_15244393
18.0,0.0,0.0,0.0,0.0,0.024310395,0.13561454,Ic_15244393
21.0,0.0,0.0,0.0,0.0,0.024310395,0.13561454,Ic_15244393
24.0,0.0,0.0,0.0,0.0,0.024310395,0.13561454,Ic_15244393
27.0,0.0,0.0,0.0,0.0,0.024310395,0.13561454,Ic_15244393
30.0,0.0,0.0,0.0,0.0,0.024310395,0.13561454,Ic_15244393
33.0,0.0,0.0,0.0,0.0,0.024310395,0.13561454,Ic_15244393
36.0,0.0,0.0,0.0,0.0,0.024310395,0.13561454,Ic_15244393
39.0,0.0,0.0,0.0,0.0,0.024310395,0.13561454,Ic_15244393
42.0,0.0,0.0,0.0,0.0,0.024310395,0.13561454,Ic_15244393
45.0,0.0,0.0,0.0,0.0,0.024310395,0.13561454,Ic_15244393
48.0,0.0,0.0,0.0,0.0,0.024310395,0.13561454,Ic_15244393
51.0,0.0,0.0,0.0,0.0,0.024310395,0.13561454,Ic_15244393
54.0,0.0,0.0,0.0,0.0,0.024310395,0.13561454,Ic_15244393
57.0,0.0,0.0,0.0,0.0,0.024310395,0.13561454,Ic_15244393
60.0,0.0,0.0,0.0,0.0,0.024310395,0.13561454,Ic_15244393
63.0,0.0,0.0,0.0,0.0,0.024310395,0.13561454,Ic_15244393
66.0,0.0,0.0,0.0,0.0,0.024310395,0.13561454,Ic_15244393
69.0,0.0,0.0,0.0,0.0,0.024310395,0.13561454,Ic_15244393
