relative_time,g_flux,g_uncert,r_flux,r_uncert,redshift,mwebv,id
-30.0,0.0,0.0,0.0,0.0,0.04043691,0.61754805,Ic_10303012
-27.0,-154.0138702392578,455.3511657714844,0.0,0.0,0.04043691,0.61754805,Ic_10303012
-24.0,-196.78855895996094,170.3160858154297,-156.70791625976562,223.10919386326856,0.04043691,0.61754805,Ic_10303012
-21.0,0.0,0.0,0.0,0.0,0.04043691,0.61754805,Ic_10303012
-18.0,0.0,0.0,0.0,0.0,0.04043691,0.61754805,Ic_10303012
-15.0,0.0,0.0,0.0,0.0,0.04043691,0.61754805,Ic_10303012
-12.0,0.0,0.0,0.0,0.0,0.04043691,0.61754805,Ic_10303012
-9.0,0.0,0.0,0.0,0.0,0.04043691,0.61754805,Ic_10303012
-6.0,0.0,0.0,0.0,0.0,0.04043691,0.61754805,Ic_10303012
-3.0,2577.864013671875,1217.59130859375,2037.458740234375,564.4095339719298,0.04043691,0.61754805,Ic_10303012
0.0,2264.3377685546875,437.66705322265625,2899.6346435546875,511.76091172495023,0.04043691,0.61754805,Ic_10303012
3.0,2639.036328125,383.6926513671875,2434.5166015625,386.91741324423754,0.04043691,0.61754805,Ic_10303012
6.0,1554.497705078125,495.427001953125,2136.8103515625,604.924042087387,0.04043691,0.61754805,Ic_10303012
9.0,2389.1553955078125,774.7177124023438,3601.310791015625,1419.158743003602,0.04043691,0.61754805,Ic_10303012
12.0,0.0,0.0,0.0,0.0,0.04043691,0.61754805,Ic_10303012
15.0,0.0,0.0,0.0,0.0,0.04043691,0.61754805,Ic_10303012
18.0,0.0,0.0,0.0,0.0,0.04043691,0.61754805,Ic_10303012
21.0,0.0,0.0,0.0,0.0,0.04043691,0.61754805,Ic_10303012
24.0,0.0,0.0,0.0,0.0,0.04043691,0.61754805,Ic_10303012
27.0,0.0,0.0,0.0,0.0,0.04043691,0.61754805,Ic_10303012
30.0,0.0,0.0,0.0,0.0,0.04043691,0.61754805,Ic_10303012
33.0,0.0,0.0,0.0,0.0,0.04043691,0.61754805,Ic_10303012
36.0,0.0,0.0,0.0,0.0,0.04043691,0.61754805,Ic_10303012
39.0,0.0,0.0,0.0,0.0,0.04043691,0.61754805,Ic_10303012
42.0,788.01611328125,479.31787109375,904.9251708984375,2089.396440410873,0.04043691,0.61754805,Ic_10303012
45.0,848.0706176757812,1397.273681640625,1523.6766357421875,811.7086074063672,0.04043691,0.61754805,Ic_10303012
48.0,0.0,0.0,0.0,0.0,0.04043691,0.61754805,Ic_10303012
51.0,0.0,0.0,0.0,0.0,0.04043691,0.61754805,Ic_10303012
54.0,-2265.17724609375,1973.5548095703125,0.0,0.0,0.04043691,0.61754805,Ic_10303012
57.0,0.0,0.0,0.0,0.0,0.04043691,0.61754805,Ic_10303012
60.0,0.0,0.0,0.0,0.0,0.04043691,0.61754805,Ic_10303012
63.0,0.0,0.0,0.0,0.0,0.04043691,0.61754805,Ic_10303012
66.0,0.0,0.0,0.0,0.0,0.04043691,0.61754805,Ic_10303012
69.0,0.0,0.0,0.0,0.0,0.04043691,0.61754805,Ic_10303012
