relative_time,g_flux,g_uncert,r_flux,r_uncert,redshift,mwebv,id
-30.0,0.0,0.0,0.0,0.0,0.019168489,0.07395807,Ic_23189389
-27.0,43.52938461303711,72.98554229736328,-164.1067352294922,325.84826155142355,0.019168489,0.07395807,Ic_23189389
-24.0,-40.19734191894531,26.576784133911133,1.2394587993621826,41.60112437287921,0.019168489,0.07395807,Ic_23189389
-21.0,0.0,0.0,0.0,0.0,0.019168489,0.07395807,Ic_23189389
-18.0,0.0,0.0,0.0,0.0,0.019168489,0.07395807,Ic_23189389
-15.0,84.58880615234375,79.94075775146484,0.0,0.0,0.019168489,0.07395807,Ic_23189389
-12.0,0.0,0.0,0.0,0.0,0.019168489,0.07395807,Ic_23189389
-9.0,0.0,0.0,0.0,0.0,0.019168489,0.07395807,Ic_23189389
-6.0,0.0,0.0,0.0,0.0,0.019168489,0.07395807,Ic_23189389
-3.0,6639.38232421875,283.0162658691406,0.0,0.0,0.019168489,0.07395807,Ic_23189389
0.0,0.0,0.0,9891.390625,216.1569061279297,0.019168489,0.07395807,Ic_23189389
3.0,5940.99658203125,129.23599243164062,0.0,0.0,0.019168489,0.07395807,Ic_23189389
6.0,0.0,0.0,0.0,0.0,0.019168489,0.07395807,Ic_23189389
9.0,2152.4697265625,97.82782745361328,5130.92724609375,118.16013695448189,0.019168489,0.07395807,Ic_23189389
12.0,0.0,0.0,0.0,0.0,0.019168489,0.07395807,Ic_23189389
15.0,0.0,0.0,0.0,0.0,0.019168489,0.07395807,Ic_23189389
18.0,661.8387451171875,592.810546875,1920.9775390625,987.1891704488173,0.019168489,0.07395807,Ic_23189389
21.0,586.7739868164062,245.20684814453125,2710.5458984375,165.20653974602794,0.019168489,0.07395807,Ic_23189389
24.0,0.0,0.0,0.0,0.0,0.019168489,0.07395807,Ic_23189389
27.0,0.0,0.0,0.0,0.0,0.019168489,0.07395807,Ic_23189389
30.0,1443.8499755859375,162.18186950683594,0.0,0.0,0.019168489,0.07395807,Ic_23189389
33.0,0.0,0.0,0.0,0.0,0.019168489,0.07395807,Ic_23189389
36.0,0.0,0.0,0.0,0.0,0.019168489,0.07395807,Ic_23189389
39.0,0.0,0.0,0.0,0.0,0.019168489,0.07395807,Ic_23189389
42.0,0.0,0.0,0.0,0.0,0.019168489,0.07395807,Ic_23189389
45.0,0.0,0.0,0.0,0.0,0.019168489,0.07395807,Ic_23189389
48.0,0.0,0.0,0.0,0.0,0.019168489,0.07395807,Ic_23189389
51.0,0.0,0.0,0.0,0.0,0.019168489,0.07395807,Ic_23189389
54.0,0.0,0.0,0.0,0.0,0.019168489,0.07395807,Ic_23189389
57.0,0.0,0.0,0.0,0.0,0.019168489,0.07395807,Ic_23189389
60.0,0.0,0.0,0.0,0.0,0.019168489,0.07395807,Ic_23189389
63.0,0.0,0.0,0.0,0.0,0.019168489,0.07395807,Ic_23189389
66.0,0.0,0.0,0.0,0.0,0.019168489,0.07395807,Ic_23189389
69.0,0.0,0.0,0.0,0.0,0.019168489,0.07395807,Ic_23189389
