relative_time,g_flux,g_uncert,r_flux,r_uncert,redshift,mwebv,id
-30.0,0.0,0.0,0.0,0.0,0.04815267,0.030137619,Ic_21915029
-27.0,25.3814640045166,65.25095558166504,0.0,0.0,0.04815267,0.030137619,Ic_21915029
-24.0,13.848108927408854,24.27093760172526,-18.547093709309895,49.70336066498076,0.04815267,0.030137619,Ic_21915029
-21.0,16.20815086364746,20.850643157958984,6.118758678436279,37.28424588961805,0.04815267,0.030137619,Ic_21915029
-18.0,0.0,0.0,0.0,0.0,0.04815267,0.030137619,Ic_21915029
-15.0,0.0,0.0,0.0,0.0,0.04815267,0.030137619,Ic_21915029
-12.0,0.0,0.0,0.0,0.0,0.04815267,0.030137619,Ic_21915029
-9.0,0.0,0.0,0.0,0.0,0.04815267,0.030137619,Ic_21915029
-6.0,0.0,0.0,0.0,0.0,0.04815267,0.030137619,Ic_21915029
-3.0,0.0,0.0,0.0,0.0,0.04815267,0.030137619,Ic_21915029
0.0,253.80844116210938,28.735291481018066,328.03514099121094,60.80886258880687,0.04815267,0.030137619,Ic_21915029
3.0,273.88236236572266,38.932790756225586,352.9485626220703,51.13767877083197,0.04815267,0.030137619,Ic_21915029
6.0,390.1913604736328,53.18607139587402,364.78465270996094,79.29379720992493,0.04815267,0.030137619,Ic_21915029
9.0,0.0,0.0,0.0,0.0,0.04815267,0.030137619,Ic_21915029
12.0,0.0,0.0,283.20154571533203,215.09121322020613,0.04815267,0.030137619,Ic_21915029
15.0,86.97113800048828,131.23451232910156,236.17974090576172,224.46397228495874,0.04815267,0.030137619,Ic_21915029
18.0,0.0,0.0,0.0,0.0,0.04815267,0.030137619,Ic_21915029
21.0,0.0,0.0,0.0,0.0,0.04815267,0.030137619,Ic_21915029
24.0,0.0,0.0,0.0,0.0,0.04815267,0.030137619,Ic_21915029
27.0,27.13715171813965,55.66908264160156,214.9720916748047,112.56326205369275,0.04815267,0.030137619,Ic_21915029
30.0,0.0,0.0,0.0,0.0,0.04815267,0.030137619,Ic_21915029
33.0,0.0,0.0,0.0,0.0,0.04815267,0.030137619,Ic_21915029
36.0,0.0,0.0,0.0,0.0,0.04815267,0.030137619,Ic_21915029
39.0,0.0,0.0,0.0,0.0,0.04815267,0.030137619,Ic_21915029
42.0,0.0,0.0,0.0,0.0,0.04815267,0.030137619,Ic_21915029
45.0,0.0,0.0,0.0,0.0,0.04815267,0.030137619,Ic_21915029
48.0,0.0,0.0,0.0,0.0,0.04815267,0.030137619,Ic_21915029
51.0,0.0,0.0,0.0,0.0,0.04815267,0.030137619,Ic_21915029
54.0,0.0,0.0,0.0,0.0,0.04815267,0.030137619,Ic_21915029
57.0,0.0,0.0,0.0,0.0,0.04815267,0.030137619,Ic_21915029
60.0,0.0,0.0,0.0,0.0,0.04815267,0.030137619,Ic_21915029
63.0,0.0,0.0,0.0,0.0,0.04815267,0.030137619,Ic_21915029
66.0,0.0,0.0,0.0,0.0,0.04815267,0.030137619,Ic_21915029
69.0,0.0,0.0,0.0,0.0,0.04815267,0.030137619,Ic_21915029
