relative_time,g_flux,g_uncert,r_flux,r_uncert,redshift,mwebv,id
-30.0,0.0,0.0,0.0,0.0,0.07484023,0.06303707,Ic_25664763
-27.0,0.0,0.0,0.0,0.0,0.07484023,0.06303707,Ic_25664763
-24.0,0.0,0.0,0.0,0.0,0.07484023,0.06303707,Ic_25664763
-21.0,-97.49202919006348,58.06197547912598,5.07271671295166,49.32462981947496,0.07484023,0.06303707,Ic_25664763
-18.0,0.0,0.0,0.0,0.0,0.07484023,0.06303707,Ic_25664763
-15.0,0.0,0.0,0.0,0.0,0.07484023,0.06303707,Ic_25664763
-12.0,572.7984822591146,232.73399861653647,-156.45885213216147,274.0659950348869,0.07484023,0.06303707,Ic_25664763
-9.0,0.0,0.0,0.0,0.0,0.07484023,0.06303707,Ic_25664763
-6.0,318.4634195963542,44.925025939941406,319.1529947916667,58.618764156185215,0.07484023,0.06303707,Ic_25664763
-3.0,0.0,0.0,0.0,0.0,0.07484023,0.06303707,Ic_25664763
0.0,165.7245044708252,87.32441711425781,303.70404052734375,62.14099069522166,0.07484023,0.06303707,Ic_25664763
3.0,0.0,0.0,0.0,0.0,0.07484023,0.06303707,Ic_25664763
6.0,0.0,0.0,0.0,0.0,0.07484023,0.06303707,Ic_25664763
9.0,680.6237487792969,727.1306559244791,-7.160392761230469,676.8628464711647,0.07484023,0.06303707,Ic_25664763
12.0,-1573.4407348632812,1205.6536254882812,0.0,0.0,0.07484023,0.06303707,Ic_25664763
15.0,0.0,0.0,0.0,0.0,0.07484023,0.06303707,Ic_25664763
18.0,0.0,0.0,0.0,0.0,0.07484023,0.06303707,Ic_25664763
21.0,0.0,0.0,0.0,0.0,0.07484023,0.06303707,Ic_25664763
24.0,0.0,0.0,0.0,0.0,0.07484023,0.06303707,Ic_25664763
27.0,0.0,0.0,0.0,0.0,0.07484023,0.06303707,Ic_25664763
30.0,0.0,0.0,0.0,0.0,0.07484023,0.06303707,Ic_25664763
33.0,0.0,0.0,0.0,0.0,0.07484023,0.06303707,Ic_25664763
36.0,0.0,0.0,0.0,0.0,0.07484023,0.06303707,Ic_25664763
39.0,0.0,0.0,0.0,0.0,0.07484023,0.06303707,Ic_25664763
42.0,0.0,0.0,0.0,0.0,0.07484023,0.06303707,Ic_25664763
45.0,0.0,0.0,0.0,0.0,0.07484023,0.06303707,Ic_25664763
48.0,0.0,0.0,0.0,0.0,0.07484023,0.06303707,Ic_25664763
51.0,0.0,0.0,0.0,0.0,0.07484023,0.06303707,Ic_25664763
54.0,0.0,0.0,0.0,0.0,0.07484023,0.06303707,Ic_25664763
57.0,0.0,0.0,0.0,0.0,0.07484023,0.06303707,Ic_25664763
60.0,0.0,0.0,0.0,0.0,0.07484023,0.06303707,Ic_25664763
63.0,0.0,0.0,0.0,0.0,0.07484023,0.06303707,Ic_25664763
66.0,0.0,0.0,0.0,0.0,0.07484023,0.06303707,Ic_25664763
69.0,0.0,0.0,0.0,0.0,0.07484023,0.06303707,Ic_25664763
