relative_time,g_flux,g_uncert,r_flux,r_uncert,redshift,mwebv,id
-30.0,0.0,0.0,0.0,0.0,0.041423496,0.057237014,Ic_20035350
-27.0,0.0,0.0,0.0,0.0,0.041423496,0.057237014,Ic_20035350
-24.0,0.0,0.0,0.0,0.0,0.041423496,0.057237014,Ic_20035350
-21.0,0.0,0.0,0.0,0.0,0.041423496,0.057237014,Ic_20035350
-18.0,0.0,0.0,0.0,0.0,0.041423496,0.057237014,Ic_20035350
-15.0,0.0,0.0,0.0,0.0,0.041423496,0.057237014,Ic_20035350
-12.0,0.0,0.0,0.0,0.0,0.041423496,0.057237014,Ic_20035350
-9.0,0.0,0.0,2039.49853515625,203.06613159179688,0.041423496,0.057237014,Ic_20035350
-6.0,0.0,0.0,0.0,0.0,0.041423496,0.057237014,Ic_20035350
-3.0,0.0,0.0,0.0,0.0,0.041423496,0.057237014,Ic_20035350
0.0,0.0,0.0,1466.4544677734375,142.23794555664062,0.041423496,0.057237014,Ic_20035350
3.0,274.4603576660156,48.73921585083008,769.5487060546875,78.88479841405668,0.041423496,0.057237014,Ic_20035350
6.0,162.04493713378906,41.75656509399414,634.0671997070312,75.7292847708829,0.041423496,0.057237014,Ic_20035350
9.0,0.0,0.0,0.0,0.0,0.041423496,0.057237014,Ic_20035350
12.0,0.0,0.0,957.095947265625,174.44032287597656,0.041423496,0.057237014,Ic_20035350
15.0,0.0,0.0,0.0,0.0,0.041423496,0.057237014,Ic_20035350
18.0,223.46424865722656,145.98294067382812,395.8121032714844,189.70204533471212,0.041423496,0.057237014,Ic_20035350
21.0,0.0,0.0,0.0,0.0,0.041423496,0.057237014,Ic_20035350
24.0,0.0,0.0,0.0,0.0,0.041423496,0.057237014,Ic_20035350
27.0,0.0,0.0,878.6821899414062,124.52290344238281,0.041423496,0.057237014,Ic_20035350
30.0,0.0,0.0,0.0,0.0,0.041423496,0.057237014,Ic_20035350
33.0,0.0,0.0,0.0,0.0,0.041423496,0.057237014,Ic_20035350
36.0,0.0,0.0,0.0,0.0,0.041423496,0.057237014,Ic_20035350
39.0,0.0,0.0,1410.00244140625,301.0629577636719,0.041423496,0.057237014,Ic_20035350
42.0,298.5271301269531,160.80838012695312,0.0,0.0,0.041423496,0.057237014,Ic_20035350
45.0,0.0,0.0,0.0,0.0,0.041423496,0.057237014,Ic_20035350
48.0,667.2084350585938,248.13954162597656,0.0,0.0,0.041423496,0.057237014,Ic_20035350
51.0,0.0,0.0,0.0,0.0,0.041423496,0.057237014,Ic_20035350
54.0,0.0,0.0,0.0,0.0,0.041423496,0.057237014,Ic_20035350
57.0,0.0,0.0,0.0,0.0,0.041423496,0.057237014,Ic_20035350
60.0,0.0,0.0,0.0,0.0,0.041423496,0.057237014,Ic_20035350
63.0,0.0,0.0,0.0,0.0,0.041423496,0.057237014,Ic_20035350
66.0,0.0,0.0,0.0,0.0,0.041423496,0.057237014,Ic_20035350
69.0,0.0,0.0,0.0,0.0,0.041423496,0.057237014,Ic_20035350
