relative_time,g_flux,g_uncert,r_flux,r_uncert,redshift,mwebv,id
-30.0,0.0,0.0,0.0,0.0,0.0323845,0.06629276,Ic_2760366
-27.0,0.0,0.0,0.0,0.0,0.0323845,0.06629276,Ic_2760366
-24.0,0.0,0.0,0.0,0.0,0.0323845,0.06629276,Ic_2760366
-21.0,-276.01287841796875,340.9941101074219,-211.35630798339844,458.7018607639301,0.0323845,0.06629276,Ic_2760366
-18.0,827.154541015625,493.97430419921875,-41.349483489990234,615.9461554565935,0.0323845,0.06629276,Ic_2760366
-15.0,0.0,0.0,163.0129852294922,474.28564453125,0.0323845,0.06629276,Ic_2760366
-12.0,0.0,0.0,0.0,0.0,0.0323845,0.06629276,Ic_2760366
-9.0,0.0,0.0,0.0,0.0,0.0323845,0.06629276,Ic_2760366
-6.0,0.0,0.0,0.0,0.0,0.0323845,0.06629276,Ic_2760366
-3.0,0.0,0.0,0.0,0.0,0.0323845,0.06629276,Ic_2760366
0.0,1298.0972900390625,86.23395538330078,1356.7841796875,120.35246361101439,0.0323845,0.06629276,Ic_2760366
3.0,0.0,0.0,0.0,0.0,0.0323845,0.06629276,Ic_2760366
6.0,0.0,0.0,0.0,0.0,0.0323845,0.06629276,Ic_2760366
9.0,0.0,0.0,0.0,0.0,0.0323845,0.06629276,Ic_2760366
12.0,0.0,0.0,0.0,0.0,0.0323845,0.06629276,Ic_2760366
15.0,0.0,0.0,0.0,0.0,0.0323845,0.06629276,Ic_2760366
18.0,0.0,0.0,0.0,0.0,0.0323845,0.06629276,Ic_2760366
21.0,0.0,0.0,0.0,0.0,0.0323845,0.06629276,Ic_2760366
24.0,0.0,0.0,0.0,0.0,0.0323845,0.06629276,Ic_2760366
27.0,0.0,0.0,0.0,0.0,0.0323845,0.06629276,Ic_2760366
30.0,0.0,0.0,0.0,0.0,0.0323845,0.06629276,Ic_2760366
33.0,-52.52565002441406,536.9091186523438,0.0,0.0,0.0323845,0.06629276,Ic_2760366
36.0,485.0067443847656,442.3678283691406,707.3633422851562,312.7259366995461,0.0323845,0.06629276,Ic_2760366
39.0,0.0,0.0,0.0,0.0,0.0323845,0.06629276,Ic_2760366
42.0,0.0,0.0,1024.886962890625,196.62725830078125,0.0323845,0.06629276,Ic_2760366
45.0,0.0,0.0,0.0,0.0,0.0323845,0.06629276,Ic_2760366
48.0,0.0,0.0,761.826904296875,210.53521728515625,0.0323845,0.06629276,Ic_2760366
51.0,0.0,0.0,0.0,0.0,0.0323845,0.06629276,Ic_2760366
54.0,0.0,0.0,0.0,0.0,0.0323845,0.06629276,Ic_2760366
57.0,0.0,0.0,371.3656005859375,174.45277404785156,0.0323845,0.06629276,Ic_2760366
60.0,311.50836181640625,152.72695922851562,0.0,0.0,0.0323845,0.06629276,Ic_2760366
63.0,0.0,0.0,0.0,0.0,0.0323845,0.06629276,Ic_2760366
66.0,0.0,0.0,0.0,0.0,0.0323845,0.06629276,Ic_2760366
69.0,4.733682155609131,308.0741882324219,438.3664245605469,562.2847609585401,0.0323845,0.06629276,Ic_2760366
