relative_time,g_flux,g_uncert,r_flux,r_uncert,redshift,mwebv,id
-30.0,0.0,0.0,0.0,0.0,0.023107858,0.038509306,Ic_29734073
-27.0,0.0,0.0,0.0,0.0,0.023107858,0.038509306,Ic_29734073
-24.0,-36.53342819213867,60.53792190551758,58.427406311035156,88.15178042219989,0.023107858,0.038509306,Ic_29734073
-21.0,0.0,0.0,0.0,0.0,0.023107858,0.038509306,Ic_29734073
-18.0,232.0502166748047,194.69134521484375,0.0,0.0,0.023107858,0.038509306,Ic_29734073
-15.0,0.0,0.0,0.0,0.0,0.023107858,0.038509306,Ic_29734073
-12.0,0.0,0.0,217.44618225097656,173.82070922851562,0.023107858,0.038509306,Ic_29734073
-9.0,0.0,0.0,0.0,0.0,0.023107858,0.038509306,Ic_29734073
-6.0,2907.545166015625,355.66552734375,0.0,0.0,0.023107858,0.038509306,Ic_29734073
-3.0,0.0,0.0,0.0,0.0,0.023107858,0.038509306,Ic_29734073
0.0,2212.761474609375,68.75005340576172,2650.218505859375,100.10780958988897,0.023107858,0.038509306,Ic_29734073
3.0,0.0,0.0,0.0,0.0,0.023107858,0.038509306,Ic_29734073
6.0,0.0,0.0,0.0,0.0,0.023107858,0.038509306,Ic_29734073
9.0,0.0,0.0,0.0,0.0,0.023107858,0.038509306,Ic_29734073
12.0,1916.550048828125,168.45887756347656,0.0,0.0,0.023107858,0.038509306,Ic_29734073
15.0,0.0,0.0,0.0,0.0,0.023107858,0.038509306,Ic_29734073
18.0,0.0,0.0,0.0,0.0,0.023107858,0.038509306,Ic_29734073
21.0,0.0,0.0,0.0,0.0,0.023107858,0.038509306,Ic_29734073
24.0,0.0,0.0,0.0,0.0,0.023107858,0.038509306,Ic_29734073
27.0,0.0,0.0,0.0,0.0,0.023107858,0.038509306,Ic_29734073
30.0,0.0,0.0,0.0,0.0,0.023107858,0.038509306,Ic_29734073
33.0,0.0,0.0,0.0,0.0,0.023107858,0.038509306,Ic_29734073
36.0,0.0,0.0,0.0,0.0,0.023107858,0.038509306,Ic_29734073
39.0,0.0,0.0,0.0,0.0,0.023107858,0.038509306,Ic_29734073
42.0,0.0,0.0,0.0,0.0,0.023107858,0.038509306,Ic_29734073
45.0,0.0,0.0,0.0,0.0,0.023107858,0.038509306,Ic_29734073
48.0,0.0,0.0,0.0,0.0,0.023107858,0.038509306,Ic_29734073
51.0,0.0,0.0,0.0,0.0,0.023107858,0.038509306,Ic_29734073
54.0,0.0,0.0,0.0,0.0,0.023107858,0.038509306,Ic_29734073
57.0,0.0,0.0,0.0,0.0,0.023107858,0.038509306,Ic_29734073
60.0,0.0,0.0,0.0,0.0,0.023107858,0.038509306,Ic_29734073
63.0,0.0,0.0,0.0,0.0,0.023107858,0.038509306,Ic_29734073
66.0,0.0,0.0,0.0,0.0,0.023107858,0.038509306,Ic_29734073
69.0,0.0,0.0,0.0,0.0,0.023107858,0.038509306,Ic_29734073
