relative_time,g_flux,g_uncert,r_flux,r_uncert,redshift,mwebv,id
-30.0,-77.0513198852539,74.23663482666015,-9.60720272064209,65.00147409782241,0.048810564,0.036191937,Ic_24825077
-27.0,0.0,0.0,0.0,0.0,0.048810564,0.036191937,Ic_24825077
-24.0,60.50014877319336,64.73608589172363,0.0,0.0,0.048810564,0.036191937,Ic_24825077
-21.0,0.0,0.0,0.0,0.0,0.048810564,0.036191937,Ic_24825077
-18.0,0.0,0.0,0.0,0.0,0.048810564,0.036191937,Ic_24825077
-15.0,0.0,0.0,0.0,0.0,0.048810564,0.036191937,Ic_24825077
-12.0,0.0,0.0,0.0,0.0,0.048810564,0.036191937,Ic_24825077
-9.0,0.0,0.0,122.30272064208984,239.20351398619968,0.048810564,0.036191937,Ic_24825077
-6.0,-28.000076293945312,177.1404800415039,163.81220245361328,98.86919543136207,0.048810564,0.036191937,Ic_24825077
-3.0,226.80936686197916,140.65038045247397,537.0850270589193,231.14457499996504,0.048810564,0.036191937,Ic_24825077
0.0,0.0,0.0,944.0578918457031,92.33163896185727,0.048810564,0.036191937,Ic_24825077
3.0,0.0,0.0,0.0,0.0,0.048810564,0.036191937,Ic_24825077
6.0,0.0,0.0,0.0,0.0,0.048810564,0.036191937,Ic_24825077
9.0,407.7313537597656,38.553688049316406,734.2999267578125,59.984529191050505,0.048810564,0.036191937,Ic_24825077
12.0,0.0,0.0,0.0,0.0,0.048810564,0.036191937,Ic_24825077
15.0,0.0,0.0,0.0,0.0,0.048810564,0.036191937,Ic_24825077
18.0,0.0,0.0,0.0,0.0,0.048810564,0.036191937,Ic_24825077
21.0,0.0,0.0,0.0,0.0,0.048810564,0.036191937,Ic_24825077
24.0,0.0,0.0,0.0,0.0,0.048810564,0.036191937,Ic_24825077
27.0,0.0,0.0,0.0,0.0,0.048810564,0.036191937,Ic_24825077
30.0,0.0,0.0,0.0,0.0,0.048810564,0.036191937,Ic_24825077
33.0,0.0,0.0,0.0,0.0,0.048810564,0.036191937,Ic_24825077
36.0,0.0,0.0,0.0,0.0,0.048810564,0.036191937,Ic_24825077
39.0,0.0,0.0,0.0,0.0,0.048810564,0.036191937,Ic_24825077
42.0,0.0,0.0,0.0,0.0,0.048810564,0.036191937,Ic_24825077
45.0,0.0,0.0,0.0,0.0,0.048810564,0.036191937,Ic_24825077
48.0,0.0,0.0,0.0,0.0,0.048810564,0.036191937,Ic_24825077
51.0,0.0,0.0,0.0,0.0,0.048810564,0.036191937,Ic_24825077
54.0,0.0,0.0,0.0,0.0,0.048810564,0.036191937,Ic_24825077
57.0,0.0,0.0,0.0,0.0,0.048810564,0.036191937,Ic_24825077
60.0,0.0,0.0,0.0,0.0,0.048810564,0.036191937,Ic_24825077
63.0,0.0,0.0,0.0,0.0,0.048810564,0.036191937,Ic_24825077
66.0,0.0,0.0,0.0,0.0,0.048810564,0.036191937,Ic_24825077
69.0,0.0,0.0,0.0,0.0,0.048810564,0.036191937,Ic_24825077
