relative_time,g_flux,g_uncert,r_flux,r_uncert,redshift,mwebv,id
-30.0,0.0,0.0,0.0,0.0,0.04438664,0.008051184,Ic_36861173
-27.0,15.39221477508545,59.35491180419922,-61.548858642578125,73.87987836082657,0.04438664,0.008051184,Ic_36861173
-24.0,48.8409309387207,83.72310638427734,-47.206825256347656,65.34514288606967,0.04438664,0.008051184,Ic_36861173
-21.0,112.1912841796875,91.96707153320312,15.167210578918457,106.9270375064347,0.04438664,0.008051184,Ic_36861173
-18.0,247.47874450683594,96.77424621582031,125.78380584716797,74.41609416981733,0.04438664,0.008051184,Ic_36861173
-15.0,0.0,0.0,0.0,0.0,0.04438664,0.008051184,Ic_36861173
-12.0,0.0,0.0,0.0,0.0,0.04438664,0.008051184,Ic_36861173
-9.0,410.5481262207031,55.48945617675781,413.4482421875,93.76270876815649,0.04438664,0.008051184,Ic_36861173
-6.0,0.0,0.0,0.0,0.0,0.04438664,0.008051184,Ic_36861173
-3.0,323.55712890625,86.15831756591797,584.5123901367188,123.06501050459077,0.04438664,0.008051184,Ic_36861173
0.0,435.1412353515625,74.19457244873047,457.5367431640625,84.54562323385356,0.04438664,0.008051184,Ic_36861173
3.0,0.0,0.0,0.0,0.0,0.04438664,0.008051184,Ic_36861173
6.0,0.0,0.0,0.0,0.0,0.04438664,0.008051184,Ic_36861173
9.0,0.0,0.0,0.0,0.0,0.04438664,0.008051184,Ic_36861173
12.0,0.0,0.0,0.0,0.0,0.04438664,0.008051184,Ic_36861173
15.0,0.0,0.0,0.0,0.0,0.04438664,0.008051184,Ic_36861173
18.0,0.0,0.0,0.0,0.0,0.04438664,0.008051184,Ic_36861173
21.0,0.0,0.0,0.0,0.0,0.04438664,0.008051184,Ic_36861173
24.0,0.0,0.0,0.0,0.0,0.04438664,0.008051184,Ic_36861173
27.0,0.0,0.0,0.0,0.0,0.04438664,0.008051184,Ic_36861173
30.0,0.0,0.0,0.0,0.0,0.04438664,0.008051184,Ic_36861173
33.0,0.0,0.0,0.0,0.0,0.04438664,0.008051184,Ic_36861173
36.0,0.0,0.0,0.0,0.0,0.04438664,0.008051184,Ic_36861173
39.0,0.0,0.0,0.0,0.0,0.04438664,0.008051184,Ic_36861173
42.0,0.0,0.0,0.0,0.0,0.04438664,0.008051184,Ic_36861173
45.0,0.0,0.0,0.0,0.0,0.04438664,0.008051184,Ic_36861173
48.0,0.0,0.0,0.0,0.0,0.04438664,0.008051184,Ic_36861173
51.0,0.0,0.0,0.0,0.0,0.04438664,0.008051184,Ic_36861173
54.0,0.0,0.0,0.0,0.0,0.04438664,0.008051184,Ic_36861173
57.0,0.0,0.0,0.0,0.0,0.04438664,0.008051184,Ic_36861173
60.0,0.0,0.0,0.0,0.0,0.04438664,0.008051184,Ic_36861173
63.0,0.0,0.0,0.0,0.0,0.04438664,0.008051184,Ic_36861173
66.0,0.0,0.0,0.0,0.0,0.04438664,0.008051184,Ic_36861173
69.0,0.0,0.0,0.0,0.0,0.04438664,0.008051184,Ic_36861173
