relative_time,g_flux,g_uncert,r_flux,r_uncert,redshift,mwebv,id
-30.0,63.790008544921875,37.25715255737305,0.0,0.0,0.041287437,0.02007959,Ic_36101695
-27.0,24.004207611083984,22.036378860473633,7.398501396179199,53.8764904336665,0.041287437,0.02007959,Ic_36101695
-24.0,22.685653686523438,27.45370101928711,12.980499267578125,41.23627427818587,0.041287437,0.02007959,Ic_36101695
-21.0,191.0134735107422,60.303062438964844,0.0,0.0,0.041287437,0.02007959,Ic_36101695
-18.0,255.90994262695312,40.88214111328125,259.5316467285156,84.82366026150854,0.041287437,0.02007959,Ic_36101695
-15.0,331.66845703125,58.894535064697266,357.0730895996094,86.95022434737251,0.041287437,0.02007959,Ic_36101695
-12.0,383.54058837890625,70.00016021728516,478.2635192871094,93.25943898205931,0.041287437,0.02007959,Ic_36101695
-9.0,-32.87028503417969,112.80992889404297,646.595703125,219.43298524094925,0.041287437,0.02007959,Ic_36101695
-6.0,0.0,0.0,0.0,0.0,0.041287437,0.02007959,Ic_36101695
-3.0,0.0,0.0,0.0,0.0,0.041287437,0.02007959,Ic_36101695
0.0,126.70922088623047,64.61883544921875,492.5409240722656,75.21361774217732,0.041287437,0.02007959,Ic_36101695
3.0,0.0,0.0,0.0,0.0,0.041287437,0.02007959,Ic_36101695
6.0,0.0,0.0,0.0,0.0,0.041287437,0.02007959,Ic_36101695
9.0,0.0,0.0,0.0,0.0,0.041287437,0.02007959,Ic_36101695
12.0,0.0,0.0,0.0,0.0,0.041287437,0.02007959,Ic_36101695
15.0,0.0,0.0,0.0,0.0,0.041287437,0.02007959,Ic_36101695
18.0,0.0,0.0,0.0,0.0,0.041287437,0.02007959,Ic_36101695
21.0,0.0,0.0,0.0,0.0,0.041287437,0.02007959,Ic_36101695
24.0,0.0,0.0,0.0,0.0,0.041287437,0.02007959,Ic_36101695
27.0,0.0,0.0,0.0,0.0,0.041287437,0.02007959,Ic_36101695
30.0,0.0,0.0,0.0,0.0,0.041287437,0.02007959,Ic_36101695
33.0,0.0,0.0,0.0,0.0,0.041287437,0.02007959,Ic_36101695
36.0,0.0,0.0,0.0,0.0,0.041287437,0.02007959,Ic_36101695
39.0,0.0,0.0,0.0,0.0,0.041287437,0.02007959,Ic_36101695
42.0,0.0,0.0,0.0,0.0,0.041287437,0.02007959,Ic_36101695
45.0,0.0,0.0,0.0,0.0,0.041287437,0.02007959,Ic_36101695
48.0,0.0,0.0,0.0,0.0,0.041287437,0.02007959,Ic_36101695
51.0,0.0,0.0,0.0,0.0,0.041287437,0.02007959,Ic_36101695
54.0,0.0,0.0,0.0,0.0,0.041287437,0.02007959,Ic_36101695
57.0,0.0,0.0,0.0,0.0,0.041287437,0.02007959,Ic_36101695
60.0,0.0,0.0,0.0,0.0,0.041287437,0.02007959,Ic_36101695
63.0,0.0,0.0,0.0,0.0,0.041287437,0.02007959,Ic_36101695
66.0,0.0,0.0,0.0,0.0,0.041287437,0.02007959,Ic_36101695
69.0,0.0,0.0,0.0,0.0,0.041287437,0.02007959,Ic_36101695
