relative_time,g_flux,g_uncert,r_flux,r_uncert,redshift,mwebv,id
-30.0,0.0,0.0,0.0,0.0,0.03887881,0.014852958,Ic_3518816
-27.0,0.0,0.0,0.0,0.0,0.03887881,0.014852958,Ic_3518816
-24.0,0.0,0.0,0.0,0.0,0.03887881,0.014852958,Ic_3518816
-21.0,0.0,0.0,0.0,0.0,0.03887881,0.014852958,Ic_3518816
-18.0,727.985595703125,166.98727416992188,0.0,0.0,0.03887881,0.014852958,Ic_3518816
-15.0,286.3594970703125,234.75440979003906,0.0,0.0,0.03887881,0.014852958,Ic_3518816
-12.0,0.0,0.0,1427.79931640625,248.96145629882812,0.03887881,0.014852958,Ic_3518816
-9.0,332.7972412109375,81.3780746459961,0.0,0.0,0.03887881,0.014852958,Ic_3518816
-6.0,0.0,0.0,0.0,0.0,0.03887881,0.014852958,Ic_3518816
-3.0,0.0,0.0,0.0,0.0,0.03887881,0.014852958,Ic_3518816
0.0,207.6729278564453,29.14822769165039,639.679931640625,61.27608517465426,0.03887881,0.014852958,Ic_3518816
3.0,0.0,0.0,0.0,0.0,0.03887881,0.014852958,Ic_3518816
6.0,0.0,0.0,0.0,0.0,0.03887881,0.014852958,Ic_3518816
9.0,0.0,0.0,0.0,0.0,0.03887881,0.014852958,Ic_3518816
12.0,0.0,0.0,0.0,0.0,0.03887881,0.014852958,Ic_3518816
15.0,0.0,0.0,0.0,0.0,0.03887881,0.014852958,Ic_3518816
18.0,0.0,0.0,0.0,0.0,0.03887881,0.014852958,Ic_3518816
21.0,0.0,0.0,0.0,0.0,0.03887881,0.014852958,Ic_3518816
24.0,0.0,0.0,0.0,0.0,0.03887881,0.014852958,Ic_3518816
27.0,0.0,0.0,0.0,0.0,0.03887881,0.014852958,Ic_3518816
30.0,0.0,0.0,0.0,0.0,0.03887881,0.014852958,Ic_3518816
33.0,0.0,0.0,0.0,0.0,0.03887881,0.014852958,Ic_3518816
36.0,0.0,0.0,0.0,0.0,0.03887881,0.014852958,Ic_3518816
39.0,0.0,0.0,0.0,0.0,0.03887881,0.014852958,Ic_3518816
42.0,0.0,0.0,0.0,0.0,0.03887881,0.014852958,Ic_3518816
45.0,0.0,0.0,0.0,0.0,0.03887881,0.014852958,Ic_3518816
48.0,0.0,0.0,0.0,0.0,0.03887881,0.014852958,Ic_3518816
51.0,0.0,0.0,0.0,0.0,0.03887881,0.014852958,Ic_3518816
54.0,0.0,0.0,0.0,0.0,0.03887881,0.014852958,Ic_3518816
57.0,0.0,0.0,0.0,0.0,0.03887881,0.014852958,Ic_3518816
60.0,0.0,0.0,0.0,0.0,0.03887881,0.014852958,Ic_3518816
63.0,0.0,0.0,0.0,0.0,0.03887881,0.014852958,Ic_3518816
66.0,0.0,0.0,0.0,0.0,0.03887881,0.014852958,Ic_3518816
69.0,0.0,0.0,0.0,0.0,0.03887881,0.014852958,Ic_3518816
