relative_time,g_flux,g_uncert,r_flux,r_uncert,redshift,mwebv,id
-30.0,0.0,0.0,0.0,0.0,0.03685837,0.042324252,Ic_39130254
-27.0,0.0,0.0,0.0,0.0,0.03685837,0.042324252,Ic_39130254
-24.0,0.0,0.0,0.0,0.0,0.03685837,0.042324252,Ic_39130254
-21.0,0.0,0.0,0.0,0.0,0.03685837,0.042324252,Ic_39130254
-18.0,0.0,0.0,0.0,0.0,0.03685837,0.042324252,Ic_39130254
-15.0,0.0,0.0,0.0,0.0,0.03685837,0.042324252,Ic_39130254
-12.0,0.0,0.0,0.0,0.0,0.03685837,0.042324252,Ic_39130254
-9.0,0.0,0.0,0.0,0.0,0.03685837,0.042324252,Ic_39130254
-6.0,800.1946411132812,261.2837829589844,0.0,0.0,0.03685837,0.042324252,Ic_39130254
-3.0,0.0,0.0,0.0,0.0,0.03685837,0.042324252,Ic_39130254
0.0,800.5469970703125,83.22551727294922,674.7861328125,111.90550687188895,0.03685837,0.042324252,Ic_39130254
3.0,0.0,0.0,0.0,0.0,0.03685837,0.042324252,Ic_39130254
6.0,0.0,0.0,0.0,0.0,0.03685837,0.042324252,Ic_39130254
9.0,0.0,0.0,0.0,0.0,0.03685837,0.042324252,Ic_39130254
12.0,0.0,0.0,0.0,0.0,0.03685837,0.042324252,Ic_39130254
15.0,0.0,0.0,0.0,0.0,0.03685837,0.042324252,Ic_39130254
18.0,0.0,0.0,0.0,0.0,0.03685837,0.042324252,Ic_39130254
21.0,0.0,0.0,0.0,0.0,0.03685837,0.042324252,Ic_39130254
24.0,0.0,0.0,0.0,0.0,0.03685837,0.042324252,Ic_39130254
27.0,0.0,0.0,0.0,0.0,0.03685837,0.042324252,Ic_39130254
30.0,0.0,0.0,0.0,0.0,0.03685837,0.042324252,Ic_39130254
33.0,0.0,0.0,0.0,0.0,0.03685837,0.042324252,Ic_39130254
36.0,0.0,0.0,0.0,0.0,0.03685837,0.042324252,Ic_39130254
39.0,0.0,0.0,0.0,0.0,0.03685837,0.042324252,Ic_39130254
42.0,0.0,0.0,0.0,0.0,0.03685837,0.042324252,Ic_39130254
45.0,0.0,0.0,0.0,0.0,0.03685837,0.042324252,Ic_39130254
48.0,0.0,0.0,0.0,0.0,0.03685837,0.042324252,Ic_39130254
51.0,0.0,0.0,0.0,0.0,0.03685837,0.042324252,Ic_39130254
54.0,0.0,0.0,0.0,0.0,0.03685837,0.042324252,Ic_39130254
57.0,0.0,0.0,0.0,0.0,0.03685837,0.042324252,Ic_39130254
60.0,0.0,0.0,0.0,0.0,0.03685837,0.042324252,Ic_39130254
63.0,0.0,0.0,0.0,0.0,0.03685837,0.042324252,Ic_39130254
66.0,0.0,0.0,0.0,0.0,0.03685837,0.042324252,Ic_39130254
69.0,0.0,0.0,0.0,0.0,0.03685837,0.042324252,Ic_39130254
