relative_time,g_flux,g_uncert,r_flux,r_uncert,redshift,mwebv,id
-30.0,0.0,0.0,0.0,0.0,0.02636806,0.018449489,Ic_8888358
-27.0,56.990718841552734,136.42819213867188,0.0,0.0,0.02636806,0.018449489,Ic_8888358
-24.0,-161.83609008789062,96.73958587646484,46.596866607666016,82.43524893261439,0.02636806,0.018449489,Ic_8888358
-21.0,12.069921493530273,63.1594123840332,-4.430858135223389,74.85215557975468,0.02636806,0.018449489,Ic_8888358
-18.0,-0.39166975021362305,25.459036827087402,7.273328632116318,44.78990029472876,0.02636806,0.018449489,Ic_8888358
-15.0,0.0,0.0,0.0,0.0,0.02636806,0.018449489,Ic_8888358
-12.0,0.0,0.0,0.0,0.0,0.02636806,0.018449489,Ic_8888358
-9.0,0.0,0.0,0.0,0.0,0.02636806,0.018449489,Ic_8888358
-6.0,0.0,0.0,0.0,0.0,0.02636806,0.018449489,Ic_8888358
-3.0,1546.4404296875,180.9906768798828,0.0,0.0,0.02636806,0.018449489,Ic_8888358
0.0,0.0,0.0,2123.766357421875,195.55010986328125,0.02636806,0.018449489,Ic_8888358
3.0,0.0,0.0,0.0,0.0,0.02636806,0.018449489,Ic_8888358
6.0,0.0,0.0,0.0,0.0,0.02636806,0.018449489,Ic_8888358
9.0,937.7693481445312,86.91461944580078,0.0,0.0,0.02636806,0.018449489,Ic_8888358
12.0,463.0692138671875,39.46817398071289,1031.689453125,69.89263813478922,0.02636806,0.018449489,Ic_8888358
15.0,0.0,0.0,0.0,0.0,0.02636806,0.018449489,Ic_8888358
18.0,0.0,0.0,0.0,0.0,0.02636806,0.018449489,Ic_8888358
21.0,0.0,0.0,0.0,0.0,0.02636806,0.018449489,Ic_8888358
24.0,756.2933959960938,308.39727783203125,0.0,0.0,0.02636806,0.018449489,Ic_8888358
27.0,-183.7777862548828,327.63421630859375,0.0,0.0,0.02636806,0.018449489,Ic_8888358
30.0,0.0,0.0,0.0,0.0,0.02636806,0.018449489,Ic_8888358
33.0,0.0,0.0,0.0,0.0,0.02636806,0.018449489,Ic_8888358
36.0,0.0,0.0,0.0,0.0,0.02636806,0.018449489,Ic_8888358
39.0,0.0,0.0,0.0,0.0,0.02636806,0.018449489,Ic_8888358
42.0,0.0,0.0,0.0,0.0,0.02636806,0.018449489,Ic_8888358
45.0,0.0,0.0,0.0,0.0,0.02636806,0.018449489,Ic_8888358
48.0,0.0,0.0,0.0,0.0,0.02636806,0.018449489,Ic_8888358
51.0,0.0,0.0,0.0,0.0,0.02636806,0.018449489,Ic_8888358
54.0,0.0,0.0,0.0,0.0,0.02636806,0.018449489,Ic_8888358
57.0,0.0,0.0,0.0,0.0,0.02636806,0.018449489,Ic_8888358
60.0,0.0,0.0,0.0,0.0,0.02636806,0.018449489,Ic_8888358
63.0,0.0,0.0,0.0,0.0,0.02636806,0.018449489,Ic_8888358
66.0,0.0,0.0,0.0,0.0,0.02636806,0.018449489,Ic_8888358
69.0,0.0,0.0,0.0,0.0,0.02636806,0.018449489,Ic_8888358
