relative_time,g_flux,g_uncert,r_flux,r_uncert,redshift,mwebv,id
-30.0,0.0,0.0,0.0,0.0,0.067721404,0.026335975,Ic_8731775
-27.0,0.0,0.0,102.84649753570557,129.28525379062094,0.067721404,0.026335975,Ic_8731775
-24.0,0.0,0.0,0.0,0.0,0.067721404,0.026335975,Ic_8731775
-21.0,56.66284942626953,131.13403511047363,0.0,0.0,0.067721404,0.026335975,Ic_8731775
-18.0,0.0,0.0,0.0,0.0,0.067721404,0.026335975,Ic_8731775
-15.0,426.68487548828125,268.03546142578125,0.0,0.0,0.067721404,0.026335975,Ic_8731775
-12.0,0.0,0.0,0.0,0.0,0.067721404,0.026335975,Ic_8731775
-9.0,0.0,0.0,200.45562286376952,277.2120560635232,0.067721404,0.026335975,Ic_8731775
-6.0,810.5049438476562,451.9192199707031,108.74275207519531,139.66703311749376,0.067721404,0.026335975,Ic_8731775
-3.0,0.0,0.0,889.134521484375,262.0006490280587,0.067721404,0.026335975,Ic_8731775
0.0,281.8655151367187,31.978359985351563,699.4933227539062,105.3781985002987,0.067721404,0.026335975,Ic_8731775
3.0,0.0,0.0,0.0,0.0,0.067721404,0.026335975,Ic_8731775
6.0,0.0,0.0,0.0,0.0,0.067721404,0.026335975,Ic_8731775
9.0,147.69741821289062,44.05928421020508,606.1102905273438,53.168871146802054,0.067721404,0.026335975,Ic_8731775
12.0,0.0,0.0,0.0,0.0,0.067721404,0.026335975,Ic_8731775
15.0,0.0,0.0,0.0,0.0,0.067721404,0.026335975,Ic_8731775
18.0,0.0,0.0,0.0,0.0,0.067721404,0.026335975,Ic_8731775
21.0,0.0,0.0,0.0,0.0,0.067721404,0.026335975,Ic_8731775
24.0,0.0,0.0,0.0,0.0,0.067721404,0.026335975,Ic_8731775
27.0,0.0,0.0,0.0,0.0,0.067721404,0.026335975,Ic_8731775
30.0,0.0,0.0,0.0,0.0,0.067721404,0.026335975,Ic_8731775
33.0,0.0,0.0,0.0,0.0,0.067721404,0.026335975,Ic_8731775
36.0,0.0,0.0,0.0,0.0,0.067721404,0.026335975,Ic_8731775
39.0,0.0,0.0,0.0,0.0,0.067721404,0.026335975,Ic_8731775
42.0,0.0,0.0,0.0,0.0,0.067721404,0.026335975,Ic_8731775
45.0,0.0,0.0,0.0,0.0,0.067721404,0.026335975,Ic_8731775
48.0,0.0,0.0,0.0,0.0,0.067721404,0.026335975,Ic_8731775
51.0,0.0,0.0,0.0,0.0,0.067721404,0.026335975,Ic_8731775
54.0,0.0,0.0,0.0,0.0,0.067721404,0.026335975,Ic_8731775
57.0,0.0,0.0,0.0,0.0,0.067721404,0.026335975,Ic_8731775
60.0,0.0,0.0,0.0,0.0,0.067721404,0.026335975,Ic_8731775
63.0,0.0,0.0,0.0,0.0,0.067721404,0.026335975,Ic_8731775
66.0,0.0,0.0,0.0,0.0,0.067721404,0.026335975,Ic_8731775
69.0,0.0,0.0,0.0,0.0,0.067721404,0.026335975,Ic_8731775
