relative_time,g_flux,g_uncert,r_flux,r_uncert,redshift,mwebv,id
-30.0,0.0,0.0,0.0,0.0,0.021235658,0.038020395,Ic_9809000
-27.0,0.0,0.0,-163.01939392089844,68.13175964355469,0.021235658,0.038020395,Ic_9809000
-24.0,-14.444091796875,23.8250675201416,103.06623840332031,105.02946095745308,0.021235658,0.038020395,Ic_9809000
-21.0,0.0,0.0,30.18902587890625,117.21322914333226,0.021235658,0.038020395,Ic_9809000
-18.0,0.0,0.0,0.0,0.0,0.021235658,0.038020395,Ic_9809000
-15.0,0.0,0.0,0.0,0.0,0.021235658,0.038020395,Ic_9809000
-12.0,-108.80536651611328,104.16917419433594,-84.21099853515625,82.93489881018667,0.021235658,0.038020395,Ic_9809000
-9.0,-26.166418075561523,69.40754699707031,37.16938018798828,131.82300963702747,0.021235658,0.038020395,Ic_9809000
-6.0,0.0,0.0,1064.2481689453125,159.76315307617188,0.021235658,0.038020395,Ic_9809000
-3.0,1948.5791015625,84.53853607177734,0.0,0.0,0.021235658,0.038020395,Ic_9809000
0.0,1188.443359375,46.40712356567383,1155.56298828125,87.72087643782112,0.021235658,0.038020395,Ic_9809000
3.0,0.0,0.0,0.0,0.0,0.021235658,0.038020395,Ic_9809000
6.0,2448.195068359375,97.96858215332031,0.0,0.0,0.021235658,0.038020395,Ic_9809000
9.0,1194.634033203125,51.74984359741211,1992.89599609375,90.86339401596285,0.021235658,0.038020395,Ic_9809000
12.0,0.0,0.0,0.0,0.0,0.021235658,0.038020395,Ic_9809000
15.0,1497.4405517578125,259.20794677734375,0.0,0.0,0.021235658,0.038020395,Ic_9809000
18.0,0.0,0.0,0.0,0.0,0.021235658,0.038020395,Ic_9809000
21.0,0.0,0.0,0.0,0.0,0.021235658,0.038020395,Ic_9809000
24.0,0.0,0.0,0.0,0.0,0.021235658,0.038020395,Ic_9809000
27.0,0.0,0.0,0.0,0.0,0.021235658,0.038020395,Ic_9809000
30.0,0.0,0.0,0.0,0.0,0.021235658,0.038020395,Ic_9809000
33.0,0.0,0.0,0.0,0.0,0.021235658,0.038020395,Ic_9809000
36.0,0.0,0.0,0.0,0.0,0.021235658,0.038020395,Ic_9809000
39.0,0.0,0.0,0.0,0.0,0.021235658,0.038020395,Ic_9809000
42.0,0.0,0.0,0.0,0.0,0.021235658,0.038020395,Ic_9809000
45.0,0.0,0.0,0.0,0.0,0.021235658,0.038020395,Ic_9809000
48.0,0.0,0.0,0.0,0.0,0.021235658,0.038020395,Ic_9809000
51.0,0.0,0.0,0.0,0.0,0.021235658,0.038020395,Ic_9809000
54.0,0.0,0.0,0.0,0.0,0.021235658,0.038020395,Ic_9809000
57.0,0.0,0.0,0.0,0.0,0.021235658,0.038020395,Ic_9809000
60.0,0.0,0.0,0.0,0.0,0.021235658,0.038020395,Ic_9809000
63.0,0.0,0.0,0.0,0.0,0.021235658,0.038020395,Ic_9809000
66.0,0.0,0.0,0.0,0.0,0.021235658,0.038020395,Ic_9809000
69.0,0.0,0.0,0.0,0.0,0.021235658,0.038020395,Ic_9809000
