relative_time,g_flux,g_uncert,r_flux,r_uncert,redshift,mwebv,id
-30.0,0.0,0.0,22.89603042602539,53.12199783325195,0.06892834,0.016284266,II_19985293
-27.0,-6.125804901123047,50.2548573811849,-65.33875020345052,86.56265902058526,0.06892834,0.016284266,II_19985293
-24.0,0.0,0.0,0.0,0.0,0.06892834,0.016284266,II_19985293
-21.0,-11.550423622131348,68.13848876953125,-55.1585578918457,65.47444537120364,0.06892834,0.016284266,II_19985293
-18.0,0.0,0.0,-106.30904388427734,137.95193481445312,0.06892834,0.016284266,II_19985293
-15.0,0.0,0.0,0.0,0.0,0.06892834,0.016284266,II_19985293
-12.0,0.0,0.0,0.0,0.0,0.06892834,0.016284266,II_19985293
-9.0,0.0,0.0,0.0,0.0,0.06892834,0.016284266,II_19985293
-6.0,0.0,0.0,0.0,0.0,0.06892834,0.016284266,II_19985293
-3.0,0.0,0.0,0.0,0.0,0.06892834,0.016284266,II_19985293
0.0,360.1175842285156,43.19603729248047,491.61285400390625,92.5649883937184,0.06892834,0.016284266,II_19985293
3.0,0.0,0.0,0.0,0.0,0.06892834,0.016284266,II_19985293
6.0,503.763916015625,179.97677612304688,0.0,0.0,0.06892834,0.016284266,II_19985293
9.0,482.33184814453125,167.94398498535156,408.8661804199219,209.20878828601136,0.06892834,0.016284266,II_19985293
12.0,0.0,0.0,0.0,0.0,0.06892834,0.016284266,II_19985293
15.0,0.0,0.0,0.0,0.0,0.06892834,0.016284266,II_19985293
18.0,0.0,0.0,0.0,0.0,0.06892834,0.016284266,II_19985293
21.0,0.0,0.0,0.0,0.0,0.06892834,0.016284266,II_19985293
24.0,0.0,0.0,0.0,0.0,0.06892834,0.016284266,II_19985293
27.0,0.0,0.0,0.0,0.0,0.06892834,0.016284266,II_19985293
30.0,0.0,0.0,0.0,0.0,0.06892834,0.016284266,II_19985293
33.0,0.0,0.0,0.0,0.0,0.06892834,0.016284266,II_19985293
36.0,0.0,0.0,0.0,0.0,0.06892834,0.016284266,II_19985293
39.0,0.0,0.0,0.0,0.0,0.06892834,0.016284266,II_19985293
42.0,0.0,0.0,0.0,0.0,0.06892834,0.016284266,II_19985293
45.0,0.0,0.0,0.0,0.0,0.06892834,0.016284266,II_19985293
48.0,0.0,0.0,0.0,0.0,0.06892834,0.016284266,II_19985293
51.0,0.0,0.0,0.0,0.0,0.06892834,0.016284266,II_19985293
54.0,0.0,0.0,0.0,0.0,0.06892834,0.016284266,II_19985293
57.0,0.0,0.0,0.0,0.0,0.06892834,0.016284266,II_19985293
60.0,0.0,0.0,0.0,0.0,0.06892834,0.016284266,II_19985293
63.0,0.0,0.0,0.0,0.0,0.06892834,0.016284266,II_19985293
66.0,0.0,0.0,0.0,0.0,0.06892834,0.016284266,II_19985293
69.0,0.0,0.0,0.0,0.0,0.06892834,0.016284266,II_19985293
