relative_time,g_flux,g_uncert,r_flux,r_uncert,redshift,mwebv,id
-30.0,0.0,0.0,0.0,0.0,0.08805776,0.043670293,II_19530990
-27.0,-16.095645904541016,34.773433685302734,17.167896270751953,54.92530902688869,0.08805776,0.043670293,II_19530990
-24.0,0.0,0.0,0.0,0.0,0.08805776,0.043670293,II_19530990
-21.0,24.17059898376465,72.20049285888672,39.020381927490234,76.13330108896045,0.08805776,0.043670293,II_19530990
-18.0,0.0,0.0,0.0,0.0,0.08805776,0.043670293,II_19530990
-15.0,0.0,0.0,12.613473892211914,85.2110366821289,0.08805776,0.043670293,II_19530990
-12.0,-67.6900405883789,74.72896575927734,6.1056060791015625,114.02509009094037,0.08805776,0.043670293,II_19530990
-9.0,-22.145761489868164,70.75961303710938,-5.9544758796691895,92.08713888924467,0.08805776,0.043670293,II_19530990
-6.0,0.0,0.0,0.0,0.0,0.08805776,0.043670293,II_19530990
-3.0,1305.6566162109375,237.23187255859375,840.472900390625,174.01899395543984,0.08805776,0.043670293,II_19530990
0.0,2769.811279296875,142.4438934326172,0.0,0.0,0.08805776,0.043670293,II_19530990
3.0,2704.597412109375,110.46288299560547,0.0,0.0,0.08805776,0.043670293,II_19530990
6.0,0.0,0.0,0.0,0.0,0.08805776,0.043670293,II_19530990
9.0,0.0,0.0,0.0,0.0,0.08805776,0.043670293,II_19530990
12.0,909.8156127929688,48.01389694213867,1120.2030029296875,82.16850860905949,0.08805776,0.043670293,II_19530990
15.0,0.0,0.0,0.0,0.0,0.08805776,0.043670293,II_19530990
18.0,0.0,0.0,1731.6090087890625,244.1171112060547,0.08805776,0.043670293,II_19530990
21.0,0.0,0.0,0.0,0.0,0.08805776,0.043670293,II_19530990
24.0,0.0,0.0,0.0,0.0,0.08805776,0.043670293,II_19530990
27.0,0.0,0.0,0.0,0.0,0.08805776,0.043670293,II_19530990
30.0,0.0,0.0,0.0,0.0,0.08805776,0.043670293,II_19530990
33.0,0.0,0.0,0.0,0.0,0.08805776,0.043670293,II_19530990
36.0,0.0,0.0,0.0,0.0,0.08805776,0.043670293,II_19530990
39.0,0.0,0.0,0.0,0.0,0.08805776,0.043670293,II_19530990
42.0,0.0,0.0,0.0,0.0,0.08805776,0.043670293,II_19530990
45.0,0.0,0.0,0.0,0.0,0.08805776,0.043670293,II_19530990
48.0,0.0,0.0,0.0,0.0,0.08805776,0.043670293,II_19530990
51.0,0.0,0.0,0.0,0.0,0.08805776,0.043670293,II_19530990
54.0,0.0,0.0,0.0,0.0,0.08805776,0.043670293,II_19530990
57.0,0.0,0.0,0.0,0.0,0.08805776,0.043670293,II_19530990
60.0,0.0,0.0,0.0,0.0,0.08805776,0.043670293,II_19530990
63.0,0.0,0.0,0.0,0.0,0.08805776,0.043670293,II_19530990
66.0,0.0,0.0,0.0,0.0,0.08805776,0.043670293,II_19530990
69.0,0.0,0.0,0.0,0.0,0.08805776,0.043670293,II_19530990
