relative_time,g_flux,g_uncert,r_flux,r_uncert,redshift,mwebv,id
-30.0,0.0,0.0,0.0,0.0,0.051295366,0.06453149,II_13547944
-27.0,0.0,0.0,0.0,0.0,0.051295366,0.06453149,II_13547944
-24.0,0.0,0.0,0.0,0.0,0.051295366,0.06453149,II_13547944
-21.0,0.0,0.0,0.0,0.0,0.051295366,0.06453149,II_13547944
-18.0,0.0,0.0,0.0,0.0,0.051295366,0.06453149,II_13547944
-15.0,0.0,0.0,0.0,0.0,0.051295366,0.06453149,II_13547944
-12.0,0.0,0.0,0.0,0.0,0.051295366,0.06453149,II_13547944
-9.0,0.0,0.0,0.0,0.0,0.051295366,0.06453149,II_13547944
-6.0,3195.48828125,103.72183990478516,0.0,0.0,0.051295366,0.06453149,II_13547944
-3.0,0.0,0.0,0.0,0.0,0.051295366,0.06453149,II_13547944
0.0,1435.259033203125,135.16456604003906,2676.0439453125,176.48516048786522,0.051295366,0.06453149,II_13547944
3.0,0.0,0.0,0.0,0.0,0.051295366,0.06453149,II_13547944
6.0,0.0,0.0,4327.30224609375,230.4532012939453,0.051295366,0.06453149,II_13547944
9.0,0.0,0.0,0.0,0.0,0.051295366,0.06453149,II_13547944
12.0,0.0,0.0,0.0,0.0,0.051295366,0.06453149,II_13547944
15.0,1391.24853515625,142.74041748046875,0.0,0.0,0.051295366,0.06453149,II_13547944
18.0,0.0,0.0,0.0,0.0,0.051295366,0.06453149,II_13547944
21.0,0.0,0.0,0.0,0.0,0.051295366,0.06453149,II_13547944
24.0,0.0,0.0,0.0,0.0,0.051295366,0.06453149,II_13547944
27.0,1080.564453125,837.56689453125,1866.0159912109375,223.91021326383145,0.051295366,0.06453149,II_13547944
30.0,1051.4322052001953,686.7973022460938,0.0,0.0,0.051295366,0.06453149,II_13547944
33.0,0.0,0.0,0.0,0.0,0.051295366,0.06453149,II_13547944
36.0,0.0,0.0,0.0,0.0,0.051295366,0.06453149,II_13547944
39.0,0.0,0.0,0.0,0.0,0.051295366,0.06453149,II_13547944
42.0,0.0,0.0,0.0,0.0,0.051295366,0.06453149,II_13547944
45.0,0.0,0.0,1886.78515625,338.818115234375,0.051295366,0.06453149,II_13547944
48.0,0.0,0.0,0.0,0.0,0.051295366,0.06453149,II_13547944
51.0,0.0,0.0,0.0,0.0,0.051295366,0.06453149,II_13547944
54.0,0.0,0.0,0.0,0.0,0.051295366,0.06453149,II_13547944
57.0,0.0,0.0,0.0,0.0,0.051295366,0.06453149,II_13547944
60.0,-0.5394073128700256,386.4657897949219,0.0,0.0,0.051295366,0.06453149,II_13547944
63.0,0.0,0.0,0.0,0.0,0.051295366,0.06453149,II_13547944
66.0,0.0,0.0,0.0,0.0,0.051295366,0.06453149,II_13547944
69.0,0.0,0.0,0.0,0.0,0.051295366,0.06453149,II_13547944
