relative_time,g_flux,g_uncert,r_flux,r_uncert,redshift,mwebv,id
-30.0,31.6551513671875,79.38252258300781,45.98854064941406,218.49524011511787,0.10797913,0.0524299,II_12065956
-27.0,-39.31315994262695,94.41077423095703,0.0,0.0,0.10797913,0.0524299,II_12065956
-24.0,0.0,0.0,-14.615043640136719,78.23165893554688,0.10797913,0.0524299,II_12065956
-21.0,21.764814376831055,48.99464416503906,-10.014541625976562,52.91820192234654,0.10797913,0.0524299,II_12065956
-18.0,27.605466842651367,29.9921875,16.194841384887695,60.24984920003899,0.10797913,0.0524299,II_12065956
-15.0,0.0,0.0,0.0,0.0,0.10797913,0.0524299,II_12065956
-12.0,0.0,0.0,0.0,0.0,0.10797913,0.0524299,II_12065956
-9.0,683.8670654296875,181.7235565185547,409.925048828125,162.37236176809614,0.10797913,0.0524299,II_12065956
-6.0,0.0,0.0,0.0,0.0,0.10797913,0.0524299,II_12065956
-3.0,1584.6923828125,199.43846130371094,0.0,0.0,0.10797913,0.0524299,II_12065956
0.0,1562.3323974609375,103.69389343261719,0.0,0.0,0.10797913,0.0524299,II_12065956
3.0,0.0,0.0,0.0,0.0,0.10797913,0.0524299,II_12065956
6.0,0.0,0.0,0.0,0.0,0.10797913,0.0524299,II_12065956
9.0,0.0,0.0,0.0,0.0,0.10797913,0.0524299,II_12065956
12.0,0.0,0.0,0.0,0.0,0.10797913,0.0524299,II_12065956
15.0,0.0,0.0,0.0,0.0,0.10797913,0.0524299,II_12065956
18.0,505.8173828125,407.4642333984375,0.0,0.0,0.10797913,0.0524299,II_12065956
21.0,0.0,0.0,0.0,0.0,0.10797913,0.0524299,II_12065956
24.0,368.9544982910156,199.2095489501953,0.0,0.0,0.10797913,0.0524299,II_12065956
27.0,0.0,0.0,0.0,0.0,0.10797913,0.0524299,II_12065956
30.0,0.0,0.0,0.0,0.0,0.10797913,0.0524299,II_12065956
33.0,0.0,0.0,0.0,0.0,0.10797913,0.0524299,II_12065956
36.0,0.0,0.0,0.0,0.0,0.10797913,0.0524299,II_12065956
39.0,0.0,0.0,0.0,0.0,0.10797913,0.0524299,II_12065956
42.0,0.0,0.0,0.0,0.0,0.10797913,0.0524299,II_12065956
45.0,0.0,0.0,0.0,0.0,0.10797913,0.0524299,II_12065956
48.0,0.0,0.0,0.0,0.0,0.10797913,0.0524299,II_12065956
51.0,0.0,0.0,0.0,0.0,0.10797913,0.0524299,II_12065956
54.0,0.0,0.0,0.0,0.0,0.10797913,0.0524299,II_12065956
57.0,0.0,0.0,0.0,0.0,0.10797913,0.0524299,II_12065956
60.0,0.0,0.0,0.0,0.0,0.10797913,0.0524299,II_12065956
63.0,0.0,0.0,0.0,0.0,0.10797913,0.0524299,II_12065956
66.0,0.0,0.0,0.0,0.0,0.10797913,0.0524299,II_12065956
69.0,0.0,0.0,0.0,0.0,0.10797913,0.0524299,II_12065956
