relative_time,g_flux,g_uncert,r_flux,r_uncert,redshift,mwebv,id
-30.0,0.0,0.0,0.0,0.0,0.06373222,0.047168326,II_17981073
-27.0,0.0,0.0,0.0,0.0,0.06373222,0.047168326,II_17981073
-24.0,60.3178825378418,85.55990600585938,-100.14566040039062,89.50050115373493,0.06373222,0.047168326,II_17981073
-21.0,0.0,0.0,0.0,0.0,0.06373222,0.047168326,II_17981073
-18.0,0.0,0.0,0.0,0.0,0.06373222,0.047168326,II_17981073
-15.0,0.0,0.0,0.0,0.0,0.06373222,0.047168326,II_17981073
-12.0,-138.2711181640625,67.56539154052734,-53.106075286865234,55.15883358771955,0.06373222,0.047168326,II_17981073
-9.0,-448.1052551269531,197.9939727783203,0.0,0.0,0.06373222,0.047168326,II_17981073
-6.0,0.0,0.0,2057.762451171875,141.63119506835938,0.06373222,0.047168326,II_17981073
-3.0,0.0,0.0,0.0,0.0,0.06373222,0.047168326,II_17981073
0.0,4134.2431640625,177.28237915039062,0.0,0.0,0.06373222,0.047168326,II_17981073
3.0,0.0,0.0,0.0,0.0,0.06373222,0.047168326,II_17981073
6.0,3820.419189453125,134.0345458984375,0.0,0.0,0.06373222,0.047168326,II_17981073
9.0,3008.073486328125,137.69369506835938,0.0,0.0,0.06373222,0.047168326,II_17981073
12.0,1507.602783203125,67.82360076904297,1520.900390625,105.61066397536958,0.06373222,0.047168326,II_17981073
15.0,0.0,0.0,0.0,0.0,0.06373222,0.047168326,II_17981073
18.0,0.0,0.0,0.0,0.0,0.06373222,0.047168326,II_17981073
21.0,0.0,0.0,0.0,0.0,0.06373222,0.047168326,II_17981073
24.0,0.0,0.0,0.0,0.0,0.06373222,0.047168326,II_17981073
27.0,0.0,0.0,0.0,0.0,0.06373222,0.047168326,II_17981073
30.0,0.0,0.0,0.0,0.0,0.06373222,0.047168326,II_17981073
33.0,0.0,0.0,0.0,0.0,0.06373222,0.047168326,II_17981073
36.0,0.0,0.0,0.0,0.0,0.06373222,0.047168326,II_17981073
39.0,0.0,0.0,0.0,0.0,0.06373222,0.047168326,II_17981073
42.0,0.0,0.0,0.0,0.0,0.06373222,0.047168326,II_17981073
45.0,0.0,0.0,0.0,0.0,0.06373222,0.047168326,II_17981073
48.0,0.0,0.0,0.0,0.0,0.06373222,0.047168326,II_17981073
51.0,0.0,0.0,0.0,0.0,0.06373222,0.047168326,II_17981073
54.0,0.0,0.0,0.0,0.0,0.06373222,0.047168326,II_17981073
57.0,0.0,0.0,0.0,0.0,0.06373222,0.047168326,II_17981073
60.0,0.0,0.0,0.0,0.0,0.06373222,0.047168326,II_17981073
63.0,0.0,0.0,0.0,0.0,0.06373222,0.047168326,II_17981073
66.0,0.0,0.0,0.0,0.0,0.06373222,0.047168326,II_17981073
69.0,0.0,0.0,0.0,0.0,0.06373222,0.047168326,II_17981073
