relative_time,g_flux,g_uncert,r_flux,r_uncert,redshift,mwebv,id
-30.0,64.38300323486328,91.67598724365234,-20.795392990112305,123.96582285283424,0.10887439,0.048482362,II_14517345
-27.0,0.0,0.0,0.0,0.0,0.10887439,0.048482362,II_14517345
-24.0,0.0,0.0,0.0,0.0,0.10887439,0.048482362,II_14517345
-21.0,-67.16146087646484,79.0748291015625,0.0,0.0,0.10887439,0.048482362,II_14517345
-18.0,0.0,0.0,12.757453918457031,225.2908477783203,0.10887439,0.048482362,II_14517345
-15.0,0.0,0.0,0.0,0.0,0.10887439,0.048482362,II_14517345
-12.0,96.12335968017578,237.23936462402344,0.0,0.0,0.10887439,0.048482362,II_14517345
-9.0,0.0,0.0,0.0,0.0,0.10887439,0.048482362,II_14517345
-6.0,0.0,0.0,0.0,0.0,0.10887439,0.048482362,II_14517345
-3.0,501.3350524902344,207.05438232421875,684.7200317382812,256.85755248777593,0.10887439,0.048482362,II_14517345
0.0,885.1636352539062,73.22953796386719,823.462158203125,121.38399188110347,0.10887439,0.048482362,II_14517345
3.0,1840.4986572265625,105.36442565917969,0.0,0.0,0.10887439,0.048482362,II_14517345
6.0,2435.7373046875,285.8673095703125,0.0,0.0,0.10887439,0.048482362,II_14517345
9.0,0.0,0.0,0.0,0.0,0.10887439,0.048482362,II_14517345
12.0,0.0,0.0,0.0,0.0,0.10887439,0.048482362,II_14517345
15.0,0.0,0.0,0.0,0.0,0.10887439,0.048482362,II_14517345
18.0,0.0,0.0,0.0,0.0,0.10887439,0.048482362,II_14517345
21.0,0.0,0.0,0.0,0.0,0.10887439,0.048482362,II_14517345
24.0,0.0,0.0,0.0,0.0,0.10887439,0.048482362,II_14517345
27.0,0.0,0.0,0.0,0.0,0.10887439,0.048482362,II_14517345
30.0,0.0,0.0,0.0,0.0,0.10887439,0.048482362,II_14517345
33.0,0.0,0.0,0.0,0.0,0.10887439,0.048482362,II_14517345
36.0,0.0,0.0,0.0,0.0,0.10887439,0.048482362,II_14517345
39.0,0.0,0.0,0.0,0.0,0.10887439,0.048482362,II_14517345
42.0,0.0,0.0,0.0,0.0,0.10887439,0.048482362,II_14517345
45.0,0.0,0.0,0.0,0.0,0.10887439,0.048482362,II_14517345
48.0,0.0,0.0,0.0,0.0,0.10887439,0.048482362,II_14517345
51.0,0.0,0.0,0.0,0.0,0.10887439,0.048482362,II_14517345
54.0,0.0,0.0,0.0,0.0,0.10887439,0.048482362,II_14517345
57.0,0.0,0.0,0.0,0.0,0.10887439,0.048482362,II_14517345
60.0,0.0,0.0,0.0,0.0,0.10887439,0.048482362,II_14517345
63.0,0.0,0.0,0.0,0.0,0.10887439,0.048482362,II_14517345
66.0,0.0,0.0,0.0,0.0,0.10887439,0.048482362,II_14517345
69.0,0.0,0.0,0.0,0.0,0.10887439,0.048482362,II_14517345
