relative_time,g_flux,g_uncert,r_flux,r_uncert,redshift,mwebv,id
-30.0,0.0,0.0,0.0,0.0,0.10334679,0.022536691,II_26915747
-27.0,0.0,0.0,0.0,0.0,0.10334679,0.022536691,II_26915747
-24.0,0.0,0.0,0.0,0.0,0.10334679,0.022536691,II_26915747
-21.0,0.0,0.0,0.0,0.0,0.10334679,0.022536691,II_26915747
-18.0,0.0,0.0,0.0,0.0,0.10334679,0.022536691,II_26915747
-15.0,0.0,0.0,0.0,0.0,0.10334679,0.022536691,II_26915747
-12.0,0.0,0.0,0.0,0.0,0.10334679,0.022536691,II_26915747
-9.0,0.0,0.0,0.0,0.0,0.10334679,0.022536691,II_26915747
-6.0,502.7789306640625,87.53669738769531,0.0,0.0,0.10334679,0.022536691,II_26915747
-3.0,141.04153442382812,74.83183288574219,338.4696044921875,72.05059993691988,0.10334679,0.022536691,II_26915747
0.0,273.7627868652344,28.01669692993164,289.11505126953125,50.16085124292912,0.10334679,0.022536691,II_26915747
3.0,253.27406311035156,223.9047088623047,0.0,0.0,0.10334679,0.022536691,II_26915747
6.0,310.90557861328125,113.44197845458984,143.53594970703125,242.97052600611005,0.10334679,0.022536691,II_26915747
9.0,0.0,0.0,0.0,0.0,0.10334679,0.022536691,II_26915747
12.0,0.0,0.0,517.513916015625,179.4735565185547,0.10334679,0.022536691,II_26915747
15.0,0.0,0.0,0.0,0.0,0.10334679,0.022536691,II_26915747
18.0,0.0,0.0,0.0,0.0,0.10334679,0.022536691,II_26915747
21.0,0.0,0.0,0.0,0.0,0.10334679,0.022536691,II_26915747
24.0,0.0,0.0,419.23046875,185.97296142578125,0.10334679,0.022536691,II_26915747
27.0,0.0,0.0,0.0,0.0,0.10334679,0.022536691,II_26915747
30.0,0.0,0.0,0.0,0.0,0.10334679,0.022536691,II_26915747
33.0,0.0,0.0,0.0,0.0,0.10334679,0.022536691,II_26915747
36.0,476.64666748046875,206.97088623046875,0.0,0.0,0.10334679,0.022536691,II_26915747
39.0,23.3660945892334,256.71685791015625,0.0,0.0,0.10334679,0.022536691,II_26915747
42.0,0.0,0.0,853.541748046875,279.1021423339844,0.10334679,0.022536691,II_26915747
45.0,0.0,0.0,0.0,0.0,0.10334679,0.022536691,II_26915747
48.0,0.0,0.0,95.41751861572266,250.91726684570312,0.10334679,0.022536691,II_26915747
51.0,0.0,0.0,0.0,0.0,0.10334679,0.022536691,II_26915747
54.0,76.40118408203125,95.66133117675781,0.0,0.0,0.10334679,0.022536691,II_26915747
57.0,0.0,0.0,0.0,0.0,0.10334679,0.022536691,II_26915747
60.0,0.0,0.0,0.0,0.0,0.10334679,0.022536691,II_26915747
63.0,0.0,0.0,0.0,0.0,0.10334679,0.022536691,II_26915747
66.0,0.0,0.0,0.0,0.0,0.10334679,0.022536691,II_26915747
69.0,0.0,0.0,0.0,0.0,0.10334679,0.022536691,II_26915747
