relative_time,g_flux,g_uncert,r_flux,r_uncert,redshift,mwebv,id
-30.0,0.0,0.0,0.0,0.0,0.0835764,0.0050204075,II_22733478
-27.0,-43.073116302490234,128.76022338867188,0.0,0.0,0.0835764,0.0050204075,II_22733478
-24.0,0.0,0.0,0.0,0.0,0.0835764,0.0050204075,II_22733478
-21.0,111.64157104492188,67.87434387207031,134.9499945640564,89.80123465557794,0.0835764,0.0050204075,II_22733478
-18.0,0.0,0.0,0.0,0.0,0.0835764,0.0050204075,II_22733478
-15.0,750.2818603515625,80.0914306640625,0.0,0.0,0.0835764,0.0050204075,II_22733478
-12.0,0.0,0.0,0.0,0.0,0.0835764,0.0050204075,II_22733478
-9.0,0.0,0.0,0.0,0.0,0.0835764,0.0050204075,II_22733478
-6.0,0.0,0.0,0.0,0.0,0.0835764,0.0050204075,II_22733478
-3.0,0.0,0.0,0.0,0.0,0.0835764,0.0050204075,II_22733478
0.0,596.463623046875,46.24500274658203,576.7802734375,75.83724004583348,0.0835764,0.0050204075,II_22733478
3.0,0.0,0.0,1453.7584228515625,205.5661430522795,0.0835764,0.0050204075,II_22733478
6.0,0.0,0.0,1298.7425842285156,263.76833667396727,0.0835764,0.0050204075,II_22733478
9.0,333.7257995605469,70.5606918334961,558.9273071289062,92.85485081554116,0.0835764,0.0050204075,II_22733478
12.0,0.0,0.0,0.0,0.0,0.0835764,0.0050204075,II_22733478
15.0,0.0,0.0,0.0,0.0,0.0835764,0.0050204075,II_22733478
18.0,159.5123087565104,19.71402104695638,788.0196126302084,49.20010957776809,0.0835764,0.0050204075,II_22733478
21.0,0.0,0.0,0.0,0.0,0.0835764,0.0050204075,II_22733478
24.0,0.0,0.0,0.0,0.0,0.0835764,0.0050204075,II_22733478
27.0,0.0,0.0,0.0,0.0,0.0835764,0.0050204075,II_22733478
30.0,0.0,0.0,0.0,0.0,0.0835764,0.0050204075,II_22733478
33.0,0.0,0.0,0.0,0.0,0.0835764,0.0050204075,II_22733478
36.0,0.0,0.0,0.0,0.0,0.0835764,0.0050204075,II_22733478
39.0,0.0,0.0,0.0,0.0,0.0835764,0.0050204075,II_22733478
42.0,0.0,0.0,0.0,0.0,0.0835764,0.0050204075,II_22733478
45.0,0.0,0.0,0.0,0.0,0.0835764,0.0050204075,II_22733478
48.0,0.0,0.0,0.0,0.0,0.0835764,0.0050204075,II_22733478
51.0,0.0,0.0,0.0,0.0,0.0835764,0.0050204075,II_22733478
54.0,0.0,0.0,0.0,0.0,0.0835764,0.0050204075,II_22733478
57.0,0.0,0.0,0.0,0.0,0.0835764,0.0050204075,II_22733478
60.0,0.0,0.0,0.0,0.0,0.0835764,0.0050204075,II_22733478
63.0,0.0,0.0,0.0,0.0,0.0835764,0.0050204075,II_22733478
66.0,0.0,0.0,0.0,0.0,0.0835764,0.0050204075,II_22733478
69.0,0.0,0.0,0.0,0.0,0.0835764,0.0050204075,II_22733478
