relative_time,g_flux,g_uncert,r_flux,r_uncert,redshift,mwebv,id
-30.0,0.0,0.0,0.0,0.0,0.03663385,0.006136744,II_27961400
-27.0,0.0,0.0,0.0,0.0,0.03663385,0.006136744,II_27961400
-24.0,0.0,0.0,0.0,0.0,0.03663385,0.006136744,II_27961400
-21.0,0.0,0.0,0.0,0.0,0.03663385,0.006136744,II_27961400
-18.0,0.0,0.0,0.0,0.0,0.03663385,0.006136744,II_27961400
-15.0,0.0,0.0,0.0,0.0,0.03663385,0.006136744,II_27961400
-12.0,0.0,0.0,0.0,0.0,0.03663385,0.006136744,II_27961400
-9.0,0.0,0.0,0.0,0.0,0.03663385,0.006136744,II_27961400
-6.0,0.0,0.0,0.0,0.0,0.03663385,0.006136744,II_27961400
-3.0,1529.00634765625,291.99871826171875,0.0,0.0,0.03663385,0.006136744,II_27961400
0.0,0.0,0.0,2754.4130859375,343.6174621582031,0.03663385,0.006136744,II_27961400
3.0,0.0,0.0,0.0,0.0,0.03663385,0.006136744,II_27961400
6.0,0.0,0.0,0.0,0.0,0.03663385,0.006136744,II_27961400
9.0,0.0,0.0,0.0,0.0,0.03663385,0.006136744,II_27961400
12.0,462.353759765625,26.285200119018555,1431.3941650390625,69.55020881480452,0.03663385,0.006136744,II_27961400
15.0,0.0,0.0,0.0,0.0,0.03663385,0.006136744,II_27961400
18.0,0.0,0.0,0.0,0.0,0.03663385,0.006136744,II_27961400
21.0,0.0,0.0,0.0,0.0,0.03663385,0.006136744,II_27961400
24.0,0.0,0.0,0.0,0.0,0.03663385,0.006136744,II_27961400
27.0,0.0,0.0,0.0,0.0,0.03663385,0.006136744,II_27961400
30.0,0.0,0.0,0.0,0.0,0.03663385,0.006136744,II_27961400
33.0,0.0,0.0,0.0,0.0,0.03663385,0.006136744,II_27961400
36.0,0.0,0.0,0.0,0.0,0.03663385,0.006136744,II_27961400
39.0,0.0,0.0,0.0,0.0,0.03663385,0.006136744,II_27961400
42.0,0.0,0.0,0.0,0.0,0.03663385,0.006136744,II_27961400
45.0,0.0,0.0,0.0,0.0,0.03663385,0.006136744,II_27961400
48.0,0.0,0.0,0.0,0.0,0.03663385,0.006136744,II_27961400
51.0,0.0,0.0,0.0,0.0,0.03663385,0.006136744,II_27961400
54.0,0.0,0.0,0.0,0.0,0.03663385,0.006136744,II_27961400
57.0,0.0,0.0,0.0,0.0,0.03663385,0.006136744,II_27961400
60.0,0.0,0.0,0.0,0.0,0.03663385,0.006136744,II_27961400
63.0,0.0,0.0,0.0,0.0,0.03663385,0.006136744,II_27961400
66.0,0.0,0.0,0.0,0.0,0.03663385,0.006136744,II_27961400
69.0,0.0,0.0,0.0,0.0,0.03663385,0.006136744,II_27961400
