relative_time,g_flux,g_uncert,r_flux,r_uncert,redshift,mwebv,id
-30.0,0.0,0.0,0.0,0.0,0.06520423,0.022076666,II_21917830
-27.0,0.0,0.0,56.57343292236328,61.03694534301758,0.06520423,0.022076666,II_21917830
-24.0,0.0,0.0,0.0,0.0,0.06520423,0.022076666,II_21917830
-21.0,0.0,0.0,-18.761302947998047,85.40461730957031,0.06520423,0.022076666,II_21917830
-18.0,50.42091751098633,56.12996292114258,0.0,0.0,0.06520423,0.022076666,II_21917830
-15.0,0.0,0.0,0.0,0.0,0.06520423,0.022076666,II_21917830
-12.0,0.0,0.0,0.0,0.0,0.06520423,0.022076666,II_21917830
-9.0,-58.47904586791992,106.37715148925781,-164.05250549316406,120.212242057543,0.06520423,0.022076666,II_21917830
-6.0,0.0,0.0,24.709882736206055,89.6829605102539,0.06520423,0.022076666,II_21917830
-3.0,754.52197265625,49.087833404541016,0.0,0.0,0.06520423,0.022076666,II_21917830
0.0,393.7886047363281,30.308494567871094,294.6059875488281,51.99732632551274,0.06520423,0.022076666,II_21917830
3.0,497.9225769042969,35.3348503112793,440.42437744140625,53.46275269209882,0.06520423,0.022076666,II_21917830
6.0,0.0,0.0,869.8838500976562,70.27240753173828,0.06520423,0.022076666,II_21917830
9.0,490.7975158691406,32.832183837890625,484.17095947265625,72.98128866878616,0.06520423,0.022076666,II_21917830
12.0,0.0,0.0,0.0,0.0,0.06520423,0.022076666,II_21917830
15.0,345.9095458984375,76.77133178710938,278.2735900878906,90.76403265201102,0.06520423,0.022076666,II_21917830
18.0,0.0,0.0,575.6664428710938,192.8690643310547,0.06520423,0.022076666,II_21917830
21.0,0.0,0.0,0.0,0.0,0.06520423,0.022076666,II_21917830
24.0,0.0,0.0,0.0,0.0,0.06520423,0.022076666,II_21917830
27.0,0.0,0.0,0.0,0.0,0.06520423,0.022076666,II_21917830
30.0,0.0,0.0,0.0,0.0,0.06520423,0.022076666,II_21917830
33.0,0.0,0.0,0.0,0.0,0.06520423,0.022076666,II_21917830
36.0,0.0,0.0,0.0,0.0,0.06520423,0.022076666,II_21917830
39.0,0.0,0.0,0.0,0.0,0.06520423,0.022076666,II_21917830
42.0,0.0,0.0,0.0,0.0,0.06520423,0.022076666,II_21917830
45.0,0.0,0.0,0.0,0.0,0.06520423,0.022076666,II_21917830
48.0,0.0,0.0,0.0,0.0,0.06520423,0.022076666,II_21917830
51.0,0.0,0.0,0.0,0.0,0.06520423,0.022076666,II_21917830
54.0,0.0,0.0,0.0,0.0,0.06520423,0.022076666,II_21917830
57.0,0.0,0.0,0.0,0.0,0.06520423,0.022076666,II_21917830
60.0,0.0,0.0,0.0,0.0,0.06520423,0.022076666,II_21917830
63.0,0.0,0.0,0.0,0.0,0.06520423,0.022076666,II_21917830
66.0,0.0,0.0,0.0,0.0,0.06520423,0.022076666,II_21917830
69.0,0.0,0.0,0.0,0.0,0.06520423,0.022076666,II_21917830
