relative_time,g_flux,g_uncert,r_flux,r_uncert,redshift,mwebv,id
-30.0,0.0,0.0,0.0,0.0,0.06919208,0.022835573,II_26107981
-27.0,12.819272994995117,55.19399642944336,0.0,0.0,0.06919208,0.022835573,II_26107981
-24.0,0.0,0.0,-61.20607376098633,86.21830370755767,0.06919208,0.022835573,II_26107981
-21.0,0.0,0.0,0.0,0.0,0.06919208,0.022835573,II_26107981
-18.0,0.0,0.0,0.0,0.0,0.06919208,0.022835573,II_26107981
-15.0,54.932586669921875,130.85704040527344,0.0,0.0,0.06919208,0.022835573,II_26107981
-12.0,0.0,0.0,0.0,0.0,0.06919208,0.022835573,II_26107981
-9.0,-12.993353843688965,21.490665435791016,54.843788146972656,36.39826113985551,0.06919208,0.022835573,II_26107981
-6.0,0.0,0.0,0.0,0.0,0.06919208,0.022835573,II_26107981
-3.0,0.0,0.0,997.2951049804688,82.07550048828125,0.06919208,0.022835573,II_26107981
0.0,490.4165954589844,32.920928955078125,512.0931396484375,67.14879602608173,0.06919208,0.022835573,II_26107981
3.0,0.0,0.0,0.0,0.0,0.06919208,0.022835573,II_26107981
6.0,0.0,0.0,0.0,0.0,0.06919208,0.022835573,II_26107981
9.0,0.0,0.0,1147.0015869140625,182.9340057373047,0.06919208,0.022835573,II_26107981
12.0,0.0,0.0,0.0,0.0,0.06919208,0.022835573,II_26107981
15.0,0.0,0.0,0.0,0.0,0.06919208,0.022835573,II_26107981
18.0,0.0,0.0,0.0,0.0,0.06919208,0.022835573,II_26107981
21.0,0.0,0.0,0.0,0.0,0.06919208,0.022835573,II_26107981
24.0,0.0,0.0,0.0,0.0,0.06919208,0.022835573,II_26107981
27.0,0.0,0.0,0.0,0.0,0.06919208,0.022835573,II_26107981
30.0,0.0,0.0,0.0,0.0,0.06919208,0.022835573,II_26107981
33.0,0.0,0.0,0.0,0.0,0.06919208,0.022835573,II_26107981
36.0,0.0,0.0,0.0,0.0,0.06919208,0.022835573,II_26107981
39.0,0.0,0.0,0.0,0.0,0.06919208,0.022835573,II_26107981
42.0,0.0,0.0,0.0,0.0,0.06919208,0.022835573,II_26107981
45.0,0.0,0.0,0.0,0.0,0.06919208,0.022835573,II_26107981
48.0,0.0,0.0,0.0,0.0,0.06919208,0.022835573,II_26107981
51.0,0.0,0.0,0.0,0.0,0.06919208,0.022835573,II_26107981
54.0,0.0,0.0,0.0,0.0,0.06919208,0.022835573,II_26107981
57.0,0.0,0.0,0.0,0.0,0.06919208,0.022835573,II_26107981
60.0,0.0,0.0,0.0,0.0,0.06919208,0.022835573,II_26107981
63.0,0.0,0.0,0.0,0.0,0.06919208,0.022835573,II_26107981
66.0,0.0,0.0,0.0,0.0,0.06919208,0.022835573,II_26107981
69.0,0.0,0.0,0.0,0.0,0.06919208,0.022835573,II_26107981
