relative_time,g_flux,g_uncert,r_flux,r_uncert,redshift,mwebv,id
-30.0,0.0,0.0,0.0,0.0,0.018060477,0.021038322,II_21134454
-27.0,0.0,0.0,0.0,0.0,0.018060477,0.021038322,II_21134454
-24.0,0.0,0.0,0.0,0.0,0.018060477,0.021038322,II_21134454
-21.0,0.0,0.0,0.0,0.0,0.018060477,0.021038322,II_21134454
-18.0,0.0,0.0,0.0,0.0,0.018060477,0.021038322,II_21134454
-15.0,0.0,0.0,0.0,0.0,0.018060477,0.021038322,II_21134454
-12.0,0.0,0.0,0.0,0.0,0.018060477,0.021038322,II_21134454
-9.0,0.0,0.0,0.0,0.0,0.018060477,0.021038322,II_21134454
-6.0,0.0,0.0,2106.4609375,136.63734436035156,0.018060477,0.021038322,II_21134454
-3.0,637.9461059570312,91.15397644042969,0.0,0.0,0.018060477,0.021038322,II_21134454
0.0,171.02171325683594,37.085243225097656,434.2779541015625,74.50415343487246,0.018060477,0.021038322,II_21134454
3.0,0.0,0.0,0.0,0.0,0.018060477,0.021038322,II_21134454
6.0,0.0,0.0,511.0486755371094,147.87704467773438,0.018060477,0.021038322,II_21134454
9.0,334.1751708984375,126.43511199951172,0.0,0.0,0.018060477,0.021038322,II_21134454
12.0,215.630859375,114.04981994628906,0.0,0.0,0.018060477,0.021038322,II_21134454
15.0,0.0,0.0,0.0,0.0,0.018060477,0.021038322,II_21134454
18.0,0.0,0.0,0.0,0.0,0.018060477,0.021038322,II_21134454
21.0,0.0,0.0,294.1430358886719,102.44778442382812,0.018060477,0.021038322,II_21134454
24.0,0.0,0.0,0.0,0.0,0.018060477,0.021038322,II_21134454
27.0,0.0,0.0,0.0,0.0,0.018060477,0.021038322,II_21134454
30.0,0.0,0.0,0.0,0.0,0.018060477,0.021038322,II_21134454
33.0,0.0,0.0,0.0,0.0,0.018060477,0.021038322,II_21134454
36.0,219.44398498535156,197.39816284179688,0.0,0.0,0.018060477,0.021038322,II_21134454
39.0,102.95773315429688,61.902506510416664,312.8567810058594,183.1588661118163,0.018060477,0.021038322,II_21134454
42.0,0.0,0.0,709.854736328125,594.9194946289062,0.018060477,0.021038322,II_21134454
45.0,0.0,0.0,331.4903869628906,164.2949676513672,0.018060477,0.021038322,II_21134454
48.0,0.0,0.0,0.0,0.0,0.018060477,0.021038322,II_21134454
51.0,0.0,0.0,0.0,0.0,0.018060477,0.021038322,II_21134454
54.0,53.3926887512207,26.58306121826172,148.3302001953125,41.22828728180566,0.018060477,0.021038322,II_21134454
57.0,0.0,0.0,0.0,0.0,0.018060477,0.021038322,II_21134454
60.0,0.0,0.0,0.0,0.0,0.018060477,0.021038322,II_21134454
63.0,0.0,0.0,0.0,0.0,0.018060477,0.021038322,II_21134454
66.0,0.0,0.0,0.0,0.0,0.018060477,0.021038322,II_21134454
69.0,0.0,0.0,0.0,0.0,0.018060477,0.021038322,II_21134454
