relative_time,g_flux,g_uncert,r_flux,r_uncert,redshift,mwebv,id
-30.0,0.0,0.0,-104.5829849243164,86.67666625976562,0.02278798,0.020536857,II_2772555
-27.0,0.0,0.0,0.0,0.0,0.02278798,0.020536857,II_2772555
-24.0,-2.043302536010742,21.800487518310547,58.74455642700195,50.6712907137202,0.02278798,0.020536857,II_2772555
-21.0,0.0,0.0,0.0,0.0,0.02278798,0.020536857,II_2772555
-18.0,0.0,0.0,0.0,0.0,0.02278798,0.020536857,II_2772555
-15.0,0.0,0.0,0.0,0.0,0.02278798,0.020536857,II_2772555
-12.0,0.0,0.0,0.0,0.0,0.02278798,0.020536857,II_2772555
-9.0,0.0,0.0,0.0,0.0,0.02278798,0.020536857,II_2772555
-6.0,0.0,0.0,0.0,0.0,0.02278798,0.020536857,II_2772555
-3.0,293.1536865234375,45.68415832519531,328.20953369140625,42.04314433567164,0.02278798,0.020536857,II_2772555
0.0,344.8570556640625,47.568389892578125,420.3980407714844,44.56176447553014,0.02278798,0.020536857,II_2772555
3.0,383.30670166015625,79.37934112548828,419.15087890625,58.406474172591956,0.02278798,0.020536857,II_2772555
6.0,172.72598266601562,90.96734619140625,372.9740295410156,97.68084164962748,0.02278798,0.020536857,II_2772555
9.0,0.0,0.0,998.6826171875,215.69512939453125,0.02278798,0.020536857,II_2772555
12.0,0.0,0.0,1046.902587890625,211.92999267578125,0.02278798,0.020536857,II_2772555
15.0,0.0,0.0,0.0,0.0,0.02278798,0.020536857,II_2772555
18.0,367.9455261230469,155.2823028564453,420.1254577636719,88.98671690904604,0.02278798,0.020536857,II_2772555
21.0,0.0,0.0,0.0,0.0,0.02278798,0.020536857,II_2772555
24.0,292.47430419921875,71.61943054199219,421.88702392578125,123.51605865950903,0.02278798,0.020536857,II_2772555
27.0,0.0,0.0,0.0,0.0,0.02278798,0.020536857,II_2772555
30.0,0.0,0.0,1258.08349609375,141.5625457763672,0.02278798,0.020536857,II_2772555
33.0,0.0,0.0,0.0,0.0,0.02278798,0.020536857,II_2772555
36.0,0.0,0.0,0.0,0.0,0.02278798,0.020536857,II_2772555
39.0,0.0,0.0,0.0,0.0,0.02278798,0.020536857,II_2772555
42.0,0.0,0.0,0.0,0.0,0.02278798,0.020536857,II_2772555
45.0,0.0,0.0,0.0,0.0,0.02278798,0.020536857,II_2772555
48.0,0.0,0.0,0.0,0.0,0.02278798,0.020536857,II_2772555
51.0,0.0,0.0,0.0,0.0,0.02278798,0.020536857,II_2772555
54.0,0.0,0.0,0.0,0.0,0.02278798,0.020536857,II_2772555
57.0,0.0,0.0,0.0,0.0,0.02278798,0.020536857,II_2772555
60.0,0.0,0.0,0.0,0.0,0.02278798,0.020536857,II_2772555
63.0,0.0,0.0,0.0,0.0,0.02278798,0.020536857,II_2772555
66.0,0.0,0.0,0.0,0.0,0.02278798,0.020536857,II_2772555
69.0,0.0,0.0,0.0,0.0,0.02278798,0.020536857,II_2772555
