relative_time,g_flux,g_uncert,r_flux,r_uncert,redshift,mwebv,id
-30.0,0.0,0.0,0.0,0.0,0.057057843,0.018234763,II_27862105
-27.0,0.0,0.0,0.0,0.0,0.057057843,0.018234763,II_27862105
-24.0,0.0,0.0,0.0,0.0,0.057057843,0.018234763,II_27862105
-21.0,0.0,0.0,0.0,0.0,0.057057843,0.018234763,II_27862105
-18.0,0.0,0.0,0.0,0.0,0.057057843,0.018234763,II_27862105
-15.0,133.97512817382812,171.81784057617188,0.0,0.0,0.057057843,0.018234763,II_27862105
-12.0,0.0,0.0,0.0,0.0,0.057057843,0.018234763,II_27862105
-9.0,159.29457092285156,95.29309844970703,306.34820556640625,236.56219816811546,0.057057843,0.018234763,II_27862105
-6.0,0.0,0.0,0.0,0.0,0.057057843,0.018234763,II_27862105
-3.0,0.0,0.0,0.0,0.0,0.057057843,0.018234763,II_27862105
0.0,192.2074737548828,23.94826316833496,539.3551025390625,62.97089829307179,0.057057843,0.018234763,II_27862105
3.0,0.0,0.0,0.0,0.0,0.057057843,0.018234763,II_27862105
6.0,0.0,0.0,0.0,0.0,0.057057843,0.018234763,II_27862105
9.0,0.0,0.0,0.0,0.0,0.057057843,0.018234763,II_27862105
12.0,0.0,0.0,0.0,0.0,0.057057843,0.018234763,II_27862105
15.0,0.0,0.0,0.0,0.0,0.057057843,0.018234763,II_27862105
18.0,0.0,0.0,0.0,0.0,0.057057843,0.018234763,II_27862105
21.0,0.0,0.0,0.0,0.0,0.057057843,0.018234763,II_27862105
24.0,0.0,0.0,0.0,0.0,0.057057843,0.018234763,II_27862105
27.0,0.0,0.0,0.0,0.0,0.057057843,0.018234763,II_27862105
30.0,0.0,0.0,0.0,0.0,0.057057843,0.018234763,II_27862105
33.0,0.0,0.0,0.0,0.0,0.057057843,0.018234763,II_27862105
36.0,0.0,0.0,0.0,0.0,0.057057843,0.018234763,II_27862105
39.0,0.0,0.0,0.0,0.0,0.057057843,0.018234763,II_27862105
42.0,0.0,0.0,0.0,0.0,0.057057843,0.018234763,II_27862105
45.0,0.0,0.0,0.0,0.0,0.057057843,0.018234763,II_27862105
48.0,0.0,0.0,0.0,0.0,0.057057843,0.018234763,II_27862105
51.0,0.0,0.0,0.0,0.0,0.057057843,0.018234763,II_27862105
54.0,0.0,0.0,0.0,0.0,0.057057843,0.018234763,II_27862105
57.0,0.0,0.0,0.0,0.0,0.057057843,0.018234763,II_27862105
60.0,0.0,0.0,0.0,0.0,0.057057843,0.018234763,II_27862105
63.0,0.0,0.0,0.0,0.0,0.057057843,0.018234763,II_27862105
66.0,0.0,0.0,0.0,0.0,0.057057843,0.018234763,II_27862105
69.0,0.0,0.0,0.0,0.0,0.057057843,0.018234763,II_27862105
