relative_time,g_flux,g_uncert,r_flux,r_uncert,redshift,mwebv,id
-30.0,0.0,0.0,0.0,0.0,0.13362503,0.016078232,II_20106460
-27.0,0.0,0.0,0.0,0.0,0.13362503,0.016078232,II_20106460
-24.0,-0.8252800107002258,69.9349365234375,-92.53756713867188,99.1910825916478,0.13362503,0.016078232,II_20106460
-21.0,-39.8274040222168,65.01256561279297,-16.559253692626953,120.59706368928433,0.13362503,0.016078232,II_20106460
-18.0,0.0,0.0,0.0,0.0,0.13362503,0.016078232,II_20106460
-15.0,0.0,0.0,0.0,0.0,0.13362503,0.016078232,II_20106460
-12.0,434.99456787109375,47.747432708740234,472.2305908203125,69.57952413957997,0.13362503,0.016078232,II_20106460
-9.0,0.0,0.0,0.0,0.0,0.13362503,0.016078232,II_20106460
-6.0,0.0,0.0,0.0,0.0,0.13362503,0.016078232,II_20106460
-3.0,0.0,0.0,0.0,0.0,0.13362503,0.016078232,II_20106460
0.0,305.99786376953125,56.43674087524414,543.0244750976562,78.94911517923387,0.13362503,0.016078232,II_20106460
3.0,0.0,0.0,0.0,0.0,0.13362503,0.016078232,II_20106460
6.0,0.0,0.0,0.0,0.0,0.13362503,0.016078232,II_20106460
9.0,0.0,0.0,0.0,0.0,0.13362503,0.016078232,II_20106460
12.0,0.0,0.0,0.0,0.0,0.13362503,0.016078232,II_20106460
15.0,0.0,0.0,0.0,0.0,0.13362503,0.016078232,II_20106460
18.0,0.0,0.0,0.0,0.0,0.13362503,0.016078232,II_20106460
21.0,0.0,0.0,0.0,0.0,0.13362503,0.016078232,II_20106460
24.0,0.0,0.0,0.0,0.0,0.13362503,0.016078232,II_20106460
27.0,0.0,0.0,0.0,0.0,0.13362503,0.016078232,II_20106460
30.0,0.0,0.0,0.0,0.0,0.13362503,0.016078232,II_20106460
33.0,0.0,0.0,0.0,0.0,0.13362503,0.016078232,II_20106460
36.0,0.0,0.0,0.0,0.0,0.13362503,0.016078232,II_20106460
39.0,-214.34555053710938,299.234130859375,0.0,0.0,0.13362503,0.016078232,II_20106460
42.0,0.0,0.0,0.0,0.0,0.13362503,0.016078232,II_20106460
45.0,0.0,0.0,0.0,0.0,0.13362503,0.016078232,II_20106460
48.0,0.0,0.0,0.0,0.0,0.13362503,0.016078232,II_20106460
51.0,0.0,0.0,0.0,0.0,0.13362503,0.016078232,II_20106460
54.0,0.0,0.0,0.0,0.0,0.13362503,0.016078232,II_20106460
57.0,0.0,0.0,0.0,0.0,0.13362503,0.016078232,II_20106460
60.0,114.11775970458984,159.9525146484375,0.0,0.0,0.13362503,0.016078232,II_20106460
63.0,0.0,0.0,0.0,0.0,0.13362503,0.016078232,II_20106460
66.0,90.98542022705078,107.414794921875,132.4254608154297,202.89817100420612,0.13362503,0.016078232,II_20106460
69.0,0.0,0.0,0.0,0.0,0.13362503,0.016078232,II_20106460
