relative_time,g_flux,g_uncert,r_flux,r_uncert,redshift,mwebv,id
-30.0,0.0,0.0,0.0,0.0,0.06629313,0.059060447,II_26279569
-27.0,0.0,0.0,-3.759675979614258,105.64132897762836,0.06629313,0.059060447,II_26279569
-24.0,-19.781292724609376,56.101123046875,1.6264747619628905,60.14625829186512,0.06629313,0.059060447,II_26279569
-21.0,38.98148193359375,78.95450286865234,57.208387756347655,72.2964596884682,0.06629313,0.059060447,II_26279569
-18.0,-61.79897435506185,98.47871907552083,14.741200764973959,66.74566339670784,0.06629313,0.059060447,II_26279569
-15.0,91.56733703613281,108.56648635864258,67.20687675476074,117.1018537902219,0.06629313,0.059060447,II_26279569
-12.0,0.0,0.0,0.0,0.0,0.06629313,0.059060447,II_26279569
-9.0,873.5550903320312,147.104296875,225.636181640625,83.60633465216445,0.06629313,0.059060447,II_26279569
-6.0,0.0,0.0,0.0,0.0,0.06629313,0.059060447,II_26279569
-3.0,0.0,0.0,0.0,0.0,0.06629313,0.059060447,II_26279569
0.0,896.2771402994791,131.55499776204428,508.4019368489583,104.87004349787256,0.06629313,0.059060447,II_26279569
3.0,0.0,0.0,0.0,0.0,0.06629313,0.059060447,II_26279569
6.0,0.0,0.0,0.0,0.0,0.06629313,0.059060447,II_26279569
9.0,0.0,0.0,0.0,0.0,0.06629313,0.059060447,II_26279569
12.0,0.0,0.0,0.0,0.0,0.06629313,0.059060447,II_26279569
15.0,844.2415161132812,362.5459899902344,316.42913818359375,368.8646865381927,0.06629313,0.059060447,II_26279569
18.0,841.0038452148438,539.4966430664062,0.0,0.0,0.06629313,0.059060447,II_26279569
21.0,0.0,0.0,0.0,0.0,0.06629313,0.059060447,II_26279569
24.0,0.0,0.0,0.0,0.0,0.06629313,0.059060447,II_26279569
27.0,0.0,0.0,0.0,0.0,0.06629313,0.059060447,II_26279569
30.0,0.0,0.0,0.0,0.0,0.06629313,0.059060447,II_26279569
33.0,0.0,0.0,0.0,0.0,0.06629313,0.059060447,II_26279569
36.0,0.0,0.0,0.0,0.0,0.06629313,0.059060447,II_26279569
39.0,0.0,0.0,0.0,0.0,0.06629313,0.059060447,II_26279569
42.0,0.0,0.0,0.0,0.0,0.06629313,0.059060447,II_26279569
45.0,0.0,0.0,0.0,0.0,0.06629313,0.059060447,II_26279569
48.0,0.0,0.0,0.0,0.0,0.06629313,0.059060447,II_26279569
51.0,0.0,0.0,0.0,0.0,0.06629313,0.059060447,II_26279569
54.0,0.0,0.0,0.0,0.0,0.06629313,0.059060447,II_26279569
57.0,0.0,0.0,0.0,0.0,0.06629313,0.059060447,II_26279569
60.0,0.0,0.0,0.0,0.0,0.06629313,0.059060447,II_26279569
63.0,0.0,0.0,0.0,0.0,0.06629313,0.059060447,II_26279569
66.0,0.0,0.0,0.0,0.0,0.06629313,0.059060447,II_26279569
69.0,0.0,0.0,0.0,0.0,0.06629313,0.059060447,II_26279569
