relative_time,g_flux,g_uncert,r_flux,r_uncert,redshift,mwebv,id
-30.0,0.0,0.0,0.0,0.0,0.034112837,0.08409275,II_26936931
-27.0,0.0,0.0,0.0,0.0,0.034112837,0.08409275,II_26936931
-24.0,0.0,0.0,0.0,0.0,0.034112837,0.08409275,II_26936931
-21.0,0.0,0.0,0.0,0.0,0.034112837,0.08409275,II_26936931
-18.0,0.0,0.0,0.0,0.0,0.034112837,0.08409275,II_26936931
-15.0,0.0,0.0,0.0,0.0,0.034112837,0.08409275,II_26936931
-12.0,0.0,0.0,0.0,0.0,0.034112837,0.08409275,II_26936931
-9.0,0.0,0.0,0.0,0.0,0.034112837,0.08409275,II_26936931
-6.0,0.0,0.0,0.0,0.0,0.034112837,0.08409275,II_26936931
-3.0,0.0,0.0,0.0,0.0,0.034112837,0.08409275,II_26936931
0.0,1400.63037109375,122.74146270751953,1500.42431640625,151.3263322872763,0.034112837,0.08409275,II_26936931
3.0,0.0,0.0,0.0,0.0,0.034112837,0.08409275,II_26936931
6.0,0.0,0.0,0.0,0.0,0.034112837,0.08409275,II_26936931
9.0,0.0,0.0,0.0,0.0,0.034112837,0.08409275,II_26936931
12.0,0.0,0.0,0.0,0.0,0.034112837,0.08409275,II_26936931
15.0,0.0,0.0,0.0,0.0,0.034112837,0.08409275,II_26936931
18.0,0.0,0.0,0.0,0.0,0.034112837,0.08409275,II_26936931
21.0,0.0,0.0,0.0,0.0,0.034112837,0.08409275,II_26936931
24.0,0.0,0.0,0.0,0.0,0.034112837,0.08409275,II_26936931
27.0,0.0,0.0,0.0,0.0,0.034112837,0.08409275,II_26936931
30.0,0.0,0.0,0.0,0.0,0.034112837,0.08409275,II_26936931
33.0,0.0,0.0,0.0,0.0,0.034112837,0.08409275,II_26936931
36.0,0.0,0.0,0.0,0.0,0.034112837,0.08409275,II_26936931
39.0,0.0,0.0,0.0,0.0,0.034112837,0.08409275,II_26936931
42.0,0.0,0.0,0.0,0.0,0.034112837,0.08409275,II_26936931
45.0,0.0,0.0,0.0,0.0,0.034112837,0.08409275,II_26936931
48.0,0.0,0.0,0.0,0.0,0.034112837,0.08409275,II_26936931
51.0,0.0,0.0,0.0,0.0,0.034112837,0.08409275,II_26936931
54.0,0.0,0.0,0.0,0.0,0.034112837,0.08409275,II_26936931
57.0,0.0,0.0,0.0,0.0,0.034112837,0.08409275,II_26936931
60.0,0.0,0.0,0.0,0.0,0.034112837,0.08409275,II_26936931
63.0,0.0,0.0,0.0,0.0,0.034112837,0.08409275,II_26936931
66.0,0.0,0.0,0.0,0.0,0.034112837,0.08409275,II_26936931
69.0,0.0,0.0,0.0,0.0,0.034112837,0.08409275,II_26936931
