relative_time,g_flux,g_uncert,r_flux,r_uncert,redshift,mwebv,id
-30.0,0.0,0.0,0.0,0.0,0.027667578,0.17174394,II_35464363
-27.0,13.363945007324219,241.361083984375,242.47506713867188,182.66587106731623,0.027667578,0.17174394,II_35464363
-24.0,215.2676239013672,539.5513916015625,0.0,0.0,0.027667578,0.17174394,II_35464363
-21.0,0.0,0.0,1.3909708261489868,173.55087280273438,0.027667578,0.17174394,II_35464363
-18.0,0.0,0.0,0.0,0.0,0.027667578,0.17174394,II_35464363
-15.0,-76.17505645751953,139.4508056640625,0.0,0.0,0.027667578,0.17174394,II_35464363
-12.0,0.0,0.0,0.0,0.0,0.027667578,0.17174394,II_35464363
-9.0,0.0,0.0,0.0,0.0,0.027667578,0.17174394,II_35464363
-6.0,0.0,0.0,2036.0079345703125,179.43260192871094,0.027667578,0.17174394,II_35464363
-3.0,0.0,0.0,0.0,0.0,0.027667578,0.17174394,II_35464363
0.0,23897.287109375,1238.5360107421875,0.0,0.0,0.027667578,0.17174394,II_35464363
3.0,0.0,0.0,0.0,0.0,0.027667578,0.17174394,II_35464363
6.0,0.0,0.0,0.0,0.0,0.027667578,0.17174394,II_35464363
9.0,0.0,0.0,0.0,0.0,0.027667578,0.17174394,II_35464363
12.0,8763.578125,280.7701721191406,10725.1083984375,342.540798061839,0.027667578,0.17174394,II_35464363
15.0,7412.271484375,247.31629943847656,10416.44140625,338.1959367685649,0.027667578,0.17174394,II_35464363
18.0,6993.63037109375,247.4503936767578,10693.7880859375,358.5321404881517,0.027667578,0.17174394,II_35464363
21.0,0.0,0.0,0.0,0.0,0.027667578,0.17174394,II_35464363
24.0,0.0,0.0,0.0,0.0,0.027667578,0.17174394,II_35464363
27.0,9215.48828125,586.4887084960938,0.0,0.0,0.027667578,0.17174394,II_35464363
30.0,0.0,0.0,0.0,0.0,0.027667578,0.17174394,II_35464363
33.0,0.0,0.0,0.0,0.0,0.027667578,0.17174394,II_35464363
36.0,0.0,0.0,0.0,0.0,0.027667578,0.17174394,II_35464363
39.0,0.0,0.0,0.0,0.0,0.027667578,0.17174394,II_35464363
42.0,0.0,0.0,0.0,0.0,0.027667578,0.17174394,II_35464363
45.0,0.0,0.0,0.0,0.0,0.027667578,0.17174394,II_35464363
48.0,0.0,0.0,0.0,0.0,0.027667578,0.17174394,II_35464363
51.0,0.0,0.0,0.0,0.0,0.027667578,0.17174394,II_35464363
54.0,0.0,0.0,0.0,0.0,0.027667578,0.17174394,II_35464363
57.0,0.0,0.0,0.0,0.0,0.027667578,0.17174394,II_35464363
60.0,0.0,0.0,0.0,0.0,0.027667578,0.17174394,II_35464363
63.0,0.0,0.0,0.0,0.0,0.027667578,0.17174394,II_35464363
66.0,0.0,0.0,0.0,0.0,0.027667578,0.17174394,II_35464363
69.0,0.0,0.0,0.0,0.0,0.027667578,0.17174394,II_35464363
