relative_time,g_flux,g_uncert,r_flux,r_uncert,redshift,mwebv,id
-30.0,0.0,0.0,0.0,0.0,0.023901867,0.02497734,II_37376113
-27.0,0.0,0.0,0.0,0.0,0.023901867,0.02497734,II_37376113
-24.0,0.0,0.0,0.0,0.0,0.023901867,0.02497734,II_37376113
-21.0,0.0,0.0,5942.60302734375,186.29576110839844,0.023901867,0.02497734,II_37376113
-18.0,0.0,0.0,0.0,0.0,0.023901867,0.02497734,II_37376113
-15.0,0.0,0.0,0.0,0.0,0.023901867,0.02497734,II_37376113
-12.0,0.0,0.0,0.0,0.0,0.023901867,0.02497734,II_37376113
-9.0,0.0,0.0,0.0,0.0,0.023901867,0.02497734,II_37376113
-6.0,0.0,0.0,0.0,0.0,0.023901867,0.02497734,II_37376113
-3.0,0.0,0.0,0.0,0.0,0.023901867,0.02497734,II_37376113
0.0,1250.054931640625,228.2124481201172,0.0,0.0,0.023901867,0.02497734,II_37376113
3.0,0.0,0.0,4300.83203125,201.93709155662847,0.023901867,0.02497734,II_37376113
6.0,0.0,0.0,0.0,0.0,0.023901867,0.02497734,II_37376113
9.0,0.0,0.0,0.0,0.0,0.023901867,0.02497734,II_37376113
12.0,0.0,0.0,0.0,0.0,0.023901867,0.02497734,II_37376113
15.0,364.1330261230469,34.25769805908203,1317.1171875,57.88817448314099,0.023901867,0.02497734,II_37376113
18.0,705.0658569335938,101.06401824951172,0.0,0.0,0.023901867,0.02497734,II_37376113
21.0,569.4151611328125,52.15082931518555,0.0,0.0,0.023901867,0.02497734,II_37376113
24.0,0.0,0.0,0.0,0.0,0.023901867,0.02497734,II_37376113
27.0,0.0,0.0,0.0,0.0,0.023901867,0.02497734,II_37376113
30.0,382.7022705078125,143.869140625,514.9254760742188,118.81443946645568,0.023901867,0.02497734,II_37376113
33.0,-23.577847798665363,246.47897338867188,196.77827962239584,214.85783339129432,0.023901867,0.02497734,II_37376113
36.0,0.0,0.0,0.0,0.0,0.023901867,0.02497734,II_37376113
39.0,165.79920959472656,105.24542999267578,0.0,0.0,0.023901867,0.02497734,II_37376113
42.0,0.0,0.0,0.0,0.0,0.023901867,0.02497734,II_37376113
45.0,0.0,0.0,0.0,0.0,0.023901867,0.02497734,II_37376113
48.0,0.0,0.0,0.0,0.0,0.023901867,0.02497734,II_37376113
51.0,116.46560668945312,37.15392303466797,431.0958557128906,56.23493366739546,0.023901867,0.02497734,II_37376113
54.0,0.0,0.0,0.0,0.0,0.023901867,0.02497734,II_37376113
57.0,0.0,0.0,0.0,0.0,0.023901867,0.02497734,II_37376113
60.0,0.0,0.0,0.0,0.0,0.023901867,0.02497734,II_37376113
63.0,0.0,0.0,0.0,0.0,0.023901867,0.02497734,II_37376113
66.0,0.0,0.0,859.7469482421875,128.3238067626953,0.023901867,0.02497734,II_37376113
69.0,0.0,0.0,587.3690185546875,103.01663208007812,0.023901867,0.02497734,II_37376113
