relative_time,g_flux,g_uncert,r_flux,r_uncert,redshift,mwebv,id
-30.0,4.888488292694092,77.19888305664062,-46.961265563964844,75.78268246772268,0.14759424,0.012081787,II_35877778
-27.0,36.327857971191406,66.79620869954427,19.259602546691895,84.72120453684293,0.14759424,0.012081787,II_35877778
-24.0,0.0,0.0,0.0,0.0,0.14759424,0.012081787,II_35877778
-21.0,0.2712070941925049,31.50755023956299,17.320568084716797,54.16529219323973,0.14759424,0.012081787,II_35877778
-18.0,0.0,0.0,0.0,0.0,0.14759424,0.012081787,II_35877778
-15.0,0.0,0.0,0.0,0.0,0.14759424,0.012081787,II_35877778
-12.0,0.0,0.0,0.0,0.0,0.14759424,0.012081787,II_35877778
-9.0,0.0,0.0,225.054931640625,242.75025939941406,0.14759424,0.012081787,II_35877778
-6.0,274.31385803222656,63.29251289367676,218.08448791503906,91.04222932029526,0.14759424,0.012081787,II_35877778
-3.0,94.68383534749348,82.25188446044922,338.2511901855469,288.7301573334084,0.14759424,0.012081787,II_35877778
0.0,199.03592936197916,24.001548767089844,424.61191813151044,104.08440345756559,0.14759424,0.012081787,II_35877778
3.0,0.0,0.0,0.0,0.0,0.14759424,0.012081787,II_35877778
6.0,0.0,0.0,0.0,0.0,0.14759424,0.012081787,II_35877778
9.0,209.31741333007812,27.87104034423828,298.5011444091797,68.77636701182863,0.14759424,0.012081787,II_35877778
12.0,0.0,0.0,0.0,0.0,0.14759424,0.012081787,II_35877778
15.0,0.0,0.0,0.0,0.0,0.14759424,0.012081787,II_35877778
18.0,0.0,0.0,0.0,0.0,0.14759424,0.012081787,II_35877778
21.0,0.0,0.0,0.0,0.0,0.14759424,0.012081787,II_35877778
24.0,0.0,0.0,0.0,0.0,0.14759424,0.012081787,II_35877778
27.0,0.0,0.0,0.0,0.0,0.14759424,0.012081787,II_35877778
30.0,0.0,0.0,0.0,0.0,0.14759424,0.012081787,II_35877778
33.0,0.0,0.0,0.0,0.0,0.14759424,0.012081787,II_35877778
36.0,0.0,0.0,0.0,0.0,0.14759424,0.012081787,II_35877778
39.0,0.0,0.0,0.0,0.0,0.14759424,0.012081787,II_35877778
42.0,0.0,0.0,0.0,0.0,0.14759424,0.012081787,II_35877778
45.0,0.0,0.0,0.0,0.0,0.14759424,0.012081787,II_35877778
48.0,0.0,0.0,0.0,0.0,0.14759424,0.012081787,II_35877778
51.0,0.0,0.0,0.0,0.0,0.14759424,0.012081787,II_35877778
54.0,0.0,0.0,0.0,0.0,0.14759424,0.012081787,II_35877778
57.0,0.0,0.0,0.0,0.0,0.14759424,0.012081787,II_35877778
60.0,0.0,0.0,0.0,0.0,0.14759424,0.012081787,II_35877778
63.0,0.0,0.0,0.0,0.0,0.14759424,0.012081787,II_35877778
66.0,0.0,0.0,0.0,0.0,0.14759424,0.012081787,II_35877778
69.0,0.0,0.0,0.0,0.0,0.14759424,0.012081787,II_35877778
