relative_time,g_flux,g_uncert,r_flux,r_uncert,redshift,mwebv,id
-30.0,0.0,0.0,0.0,0.0,0.03680502,0.04926654,II_30872741
-27.0,0.0,0.0,0.0,0.0,0.03680502,0.04926654,II_30872741
-24.0,0.0,0.0,0.0,0.0,0.03680502,0.04926654,II_30872741
-21.0,0.0,0.0,0.0,0.0,0.03680502,0.04926654,II_30872741
-18.0,0.0,0.0,-102.63397979736328,198.31455993652344,0.03680502,0.04926654,II_30872741
-15.0,5.879354476928711,77.61136627197266,-8.428296089172363,78.03839258961895,0.03680502,0.04926654,II_30872741
-12.0,-67.41909790039062,120.1803487141927,-130.15192540486655,206.56902561480186,0.03680502,0.04926654,II_30872741
-9.0,0.0,0.0,-141.69090270996094,70.77349090576172,0.03680502,0.04926654,II_30872741
-6.0,0.0,0.0,0.0,0.0,0.03680502,0.04926654,II_30872741
-3.0,0.0,0.0,0.0,0.0,0.03680502,0.04926654,II_30872741
0.0,347.5505676269531,32.92306137084961,289.7269592285156,48.667970756397835,0.03680502,0.04926654,II_30872741
3.0,0.0,0.0,0.0,0.0,0.03680502,0.04926654,II_30872741
6.0,0.0,0.0,0.0,0.0,0.03680502,0.04926654,II_30872741
9.0,0.0,0.0,0.0,0.0,0.03680502,0.04926654,II_30872741
12.0,0.0,0.0,0.0,0.0,0.03680502,0.04926654,II_30872741
15.0,0.0,0.0,0.0,0.0,0.03680502,0.04926654,II_30872741
18.0,0.0,0.0,0.0,0.0,0.03680502,0.04926654,II_30872741
21.0,0.0,0.0,0.0,0.0,0.03680502,0.04926654,II_30872741
24.0,0.0,0.0,0.0,0.0,0.03680502,0.04926654,II_30872741
27.0,0.0,0.0,0.0,0.0,0.03680502,0.04926654,II_30872741
30.0,0.0,0.0,0.0,0.0,0.03680502,0.04926654,II_30872741
33.0,0.0,0.0,0.0,0.0,0.03680502,0.04926654,II_30872741
36.0,0.0,0.0,0.0,0.0,0.03680502,0.04926654,II_30872741
39.0,0.0,0.0,0.0,0.0,0.03680502,0.04926654,II_30872741
42.0,0.0,0.0,0.0,0.0,0.03680502,0.04926654,II_30872741
45.0,0.0,0.0,0.0,0.0,0.03680502,0.04926654,II_30872741
48.0,0.0,0.0,0.0,0.0,0.03680502,0.04926654,II_30872741
51.0,0.0,0.0,0.0,0.0,0.03680502,0.04926654,II_30872741
54.0,0.0,0.0,0.0,0.0,0.03680502,0.04926654,II_30872741
57.0,0.0,0.0,0.0,0.0,0.03680502,0.04926654,II_30872741
60.0,0.0,0.0,0.0,0.0,0.03680502,0.04926654,II_30872741
63.0,0.0,0.0,0.0,0.0,0.03680502,0.04926654,II_30872741
66.0,0.0,0.0,0.0,0.0,0.03680502,0.04926654,II_30872741
69.0,0.0,0.0,0.0,0.0,0.03680502,0.04926654,II_30872741
