relative_time,g_flux,g_uncert,r_flux,r_uncert,redshift,mwebv,id
-30.0,0.0,0.0,0.0,0.0,0.021680865,0.046540014,II_3129913
-27.0,0.0,0.0,0.0,0.0,0.021680865,0.046540014,II_3129913
-24.0,0.0,0.0,0.0,0.0,0.021680865,0.046540014,II_3129913
-21.0,0.0,0.0,0.0,0.0,0.021680865,0.046540014,II_3129913
-18.0,0.0,0.0,0.0,0.0,0.021680865,0.046540014,II_3129913
-15.0,0.0,0.0,0.0,0.0,0.021680865,0.046540014,II_3129913
-12.0,0.0,0.0,4083.358642578125,356.55120849609375,0.021680865,0.046540014,II_3129913
-9.0,0.0,0.0,0.0,0.0,0.021680865,0.046540014,II_3129913
-6.0,0.0,0.0,0.0,0.0,0.021680865,0.046540014,II_3129913
-3.0,0.0,0.0,0.0,0.0,0.021680865,0.046540014,II_3129913
0.0,1621.1522827148438,110.6723403930664,0.0,0.0,0.021680865,0.046540014,II_3129913
3.0,0.0,0.0,0.0,0.0,0.021680865,0.046540014,II_3129913
6.0,0.0,0.0,0.0,0.0,0.021680865,0.046540014,II_3129913
9.0,0.0,0.0,0.0,0.0,0.021680865,0.046540014,II_3129913
12.0,0.0,0.0,0.0,0.0,0.021680865,0.046540014,II_3129913
15.0,1598.4188385009766,523.5972595214844,0.0,0.0,0.021680865,0.046540014,II_3129913
18.0,313.56695556640625,94.3612060546875,1199.7542724609375,134.94406131946042,0.021680865,0.046540014,II_3129913
21.0,0.0,0.0,0.0,0.0,0.021680865,0.046540014,II_3129913
24.0,0.0,0.0,0.0,0.0,0.021680865,0.046540014,II_3129913
27.0,0.0,0.0,0.0,0.0,0.021680865,0.046540014,II_3129913
30.0,0.0,0.0,0.0,0.0,0.021680865,0.046540014,II_3129913
33.0,-7.5515289306640625,61.54701614379883,354.9857482910156,117.55571473195856,0.021680865,0.046540014,II_3129913
36.0,0.0,0.0,0.0,0.0,0.021680865,0.046540014,II_3129913
39.0,0.0,0.0,0.0,0.0,0.021680865,0.046540014,II_3129913
42.0,0.0,0.0,0.0,0.0,0.021680865,0.046540014,II_3129913
45.0,0.0,0.0,0.0,0.0,0.021680865,0.046540014,II_3129913
48.0,0.0,0.0,0.0,0.0,0.021680865,0.046540014,II_3129913
51.0,27.553558349609375,66.21632194519043,0.0,0.0,0.021680865,0.046540014,II_3129913
54.0,9.498269399007162,29.746971130371094,91.95060475667317,47.074627916196924,0.021680865,0.046540014,II_3129913
57.0,0.0,0.0,0.0,0.0,0.021680865,0.046540014,II_3129913
60.0,0.0,0.0,0.0,0.0,0.021680865,0.046540014,II_3129913
63.0,19.092774709065754,88.56017557779948,27.67597198486328,59.21264576357269,0.021680865,0.046540014,II_3129913
66.0,-9.675092220306396,63.11289310455322,-21.180948734283447,76.62827970408647,0.021680865,0.046540014,II_3129913
69.0,0.0,0.0,0.0,0.0,0.021680865,0.046540014,II_3129913
