relative_time,g_flux,g_uncert,r_flux,r_uncert,redshift,mwebv,id
-30.0,0.0,0.0,0.0,0.0,0.05318136,0.06540689,II_31764558
-27.0,0.0,0.0,0.0,0.0,0.05318136,0.06540689,II_31764558
-24.0,0.0,0.0,0.0,0.0,0.05318136,0.06540689,II_31764558
-21.0,0.0,0.0,0.0,0.0,0.05318136,0.06540689,II_31764558
-18.0,20.77864752875434,32.948832194010414,-84.781920115153,396.58578935627764,0.05318136,0.06540689,II_31764558
-15.0,-39.63164605034722,38.516682942708336,-27.3251473903656,238.64181091606804,0.05318136,0.06540689,II_31764558
-12.0,-70.97019871798429,151.48388117009944,92.24013007770886,248.50792047670464,0.05318136,0.06540689,II_31764558
-9.0,218.9419288635254,39.28809356689453,322.6441993713379,134.67483052559558,0.05318136,0.06540689,II_31764558
-6.0,0.0,0.0,0.0,0.0,0.05318136,0.06540689,II_31764558
-3.0,0.0,0.0,0.0,0.0,0.05318136,0.06540689,II_31764558
0.0,987.3251749674479,48.515787760416664,947.4510091145834,70.52243977954855,0.05318136,0.06540689,II_31764558
3.0,0.0,0.0,0.0,0.0,0.05318136,0.06540689,II_31764558
6.0,0.0,0.0,0.0,0.0,0.05318136,0.06540689,II_31764558
9.0,0.0,0.0,0.0,0.0,0.05318136,0.06540689,II_31764558
12.0,0.0,0.0,0.0,0.0,0.05318136,0.06540689,II_31764558
15.0,0.0,0.0,0.0,0.0,0.05318136,0.06540689,II_31764558
18.0,0.0,0.0,0.0,0.0,0.05318136,0.06540689,II_31764558
21.0,0.0,0.0,0.0,0.0,0.05318136,0.06540689,II_31764558
24.0,0.0,0.0,0.0,0.0,0.05318136,0.06540689,II_31764558
27.0,0.0,0.0,0.0,0.0,0.05318136,0.06540689,II_31764558
30.0,0.0,0.0,0.0,0.0,0.05318136,0.06540689,II_31764558
33.0,0.0,0.0,0.0,0.0,0.05318136,0.06540689,II_31764558
36.0,0.0,0.0,0.0,0.0,0.05318136,0.06540689,II_31764558
39.0,0.0,0.0,0.0,0.0,0.05318136,0.06540689,II_31764558
42.0,0.0,0.0,0.0,0.0,0.05318136,0.06540689,II_31764558
45.0,0.0,0.0,0.0,0.0,0.05318136,0.06540689,II_31764558
48.0,0.0,0.0,0.0,0.0,0.05318136,0.06540689,II_31764558
51.0,0.0,0.0,0.0,0.0,0.05318136,0.06540689,II_31764558
54.0,0.0,0.0,0.0,0.0,0.05318136,0.06540689,II_31764558
57.0,0.0,0.0,0.0,0.0,0.05318136,0.06540689,II_31764558
60.0,0.0,0.0,0.0,0.0,0.05318136,0.06540689,II_31764558
63.0,0.0,0.0,0.0,0.0,0.05318136,0.06540689,II_31764558
66.0,0.0,0.0,0.0,0.0,0.05318136,0.06540689,II_31764558
69.0,0.0,0.0,0.0,0.0,0.05318136,0.06540689,II_31764558
