relative_time,g_flux,g_uncert,r_flux,r_uncert,redshift,mwebv,id
-30.0,0.0,0.0,0.0,0.0,0.021203784,0.093116686,II_34773188
-27.0,0.0,0.0,0.0,0.0,0.021203784,0.093116686,II_34773188
-24.0,0.0,0.0,0.0,0.0,0.021203784,0.093116686,II_34773188
-21.0,0.0,0.0,0.0,0.0,0.021203784,0.093116686,II_34773188
-18.0,0.0,0.0,0.0,0.0,0.021203784,0.093116686,II_34773188
-15.0,0.0,0.0,0.0,0.0,0.021203784,0.093116686,II_34773188
-12.0,0.0,0.0,0.0,0.0,0.021203784,0.093116686,II_34773188
-9.0,0.0,0.0,0.0,0.0,0.021203784,0.093116686,II_34773188
-6.0,0.0,0.0,0.0,0.0,0.021203784,0.093116686,II_34773188
-3.0,0.0,0.0,0.0,0.0,0.021203784,0.093116686,II_34773188
0.0,1940.8819580078125,148.9331512451172,2112.563720703125,253.61271180234382,0.021203784,0.093116686,II_34773188
3.0,0.0,0.0,0.0,0.0,0.021203784,0.093116686,II_34773188
6.0,0.0,0.0,0.0,0.0,0.021203784,0.093116686,II_34773188
9.0,0.0,0.0,0.0,0.0,0.021203784,0.093116686,II_34773188
12.0,0.0,0.0,0.0,0.0,0.021203784,0.093116686,II_34773188
15.0,1434.1361083984375,70.40574645996094,2165.556640625,88.7882315521932,0.021203784,0.093116686,II_34773188
18.0,0.0,0.0,0.0,0.0,0.021203784,0.093116686,II_34773188
21.0,0.0,0.0,0.0,0.0,0.021203784,0.093116686,II_34773188
24.0,1876.0672607421875,111.92413330078125,0.0,0.0,0.021203784,0.093116686,II_34773188
27.0,783.2147827148438,54.766448974609375,1703.4649658203125,107.01784272296403,0.021203784,0.093116686,II_34773188
30.0,0.0,0.0,3889.969482421875,207.10496520996094,0.021203784,0.093116686,II_34773188
33.0,1224.0439453125,721.2243041992188,0.0,0.0,0.021203784,0.093116686,II_34773188
36.0,0.0,0.0,0.0,0.0,0.021203784,0.093116686,II_34773188
39.0,0.0,0.0,2894.763427734375,158.171630859375,0.021203784,0.093116686,II_34773188
42.0,0.0,0.0,0.0,0.0,0.021203784,0.093116686,II_34773188
45.0,0.0,0.0,0.0,0.0,0.021203784,0.093116686,II_34773188
48.0,0.0,0.0,2108.8603515625,112.8442153930664,0.021203784,0.093116686,II_34773188
51.0,0.0,0.0,0.0,0.0,0.021203784,0.093116686,II_34773188
54.0,0.0,0.0,0.0,0.0,0.021203784,0.093116686,II_34773188
57.0,0.0,0.0,0.0,0.0,0.021203784,0.093116686,II_34773188
60.0,297.767578125,49.67982482910156,1003.3786010742188,83.86301422407028,0.021203784,0.093116686,II_34773188
63.0,0.0,0.0,0.0,0.0,0.021203784,0.093116686,II_34773188
66.0,0.0,0.0,0.0,0.0,0.021203784,0.093116686,II_34773188
69.0,0.0,0.0,1652.7237548828125,107.66436004638672,0.021203784,0.093116686,II_34773188
