relative_time,g_flux,g_uncert,r_flux,r_uncert,redshift,mwebv,id
-30.0,0.0,0.0,0.0,0.0,0.02162242,0.020619038,II_6985873
-27.0,0.0,0.0,0.0,0.0,0.02162242,0.020619038,II_6985873
-24.0,0.0,0.0,0.0,0.0,0.02162242,0.020619038,II_6985873
-21.0,0.0,0.0,0.0,0.0,0.02162242,0.020619038,II_6985873
-18.0,0.0,0.0,0.0,0.0,0.02162242,0.020619038,II_6985873
-15.0,0.0,0.0,0.0,0.0,0.02162242,0.020619038,II_6985873
-12.0,0.0,0.0,0.0,0.0,0.02162242,0.020619038,II_6985873
-9.0,0.0,0.0,0.0,0.0,0.02162242,0.020619038,II_6985873
-6.0,0.0,0.0,0.0,0.0,0.02162242,0.020619038,II_6985873
-3.0,0.0,0.0,0.0,0.0,0.02162242,0.020619038,II_6985873
0.0,4158.8203125,124.13987731933594,4633.26513671875,356.3060316152512,0.02162242,0.020619038,II_6985873
3.0,0.0,0.0,0.0,0.0,0.02162242,0.020619038,II_6985873
6.0,0.0,0.0,0.0,0.0,0.02162242,0.020619038,II_6985873
9.0,0.0,0.0,0.0,0.0,0.02162242,0.020619038,II_6985873
12.0,0.0,0.0,0.0,0.0,0.02162242,0.020619038,II_6985873
15.0,0.0,0.0,0.0,0.0,0.02162242,0.020619038,II_6985873
18.0,0.0,0.0,0.0,0.0,0.02162242,0.020619038,II_6985873
21.0,0.0,0.0,0.0,0.0,0.02162242,0.020619038,II_6985873
24.0,0.0,0.0,0.0,0.0,0.02162242,0.020619038,II_6985873
27.0,0.0,0.0,0.0,0.0,0.02162242,0.020619038,II_6985873
30.0,0.0,0.0,0.0,0.0,0.02162242,0.020619038,II_6985873
33.0,0.0,0.0,0.0,0.0,0.02162242,0.020619038,II_6985873
36.0,0.0,0.0,0.0,0.0,0.02162242,0.020619038,II_6985873
39.0,0.0,0.0,0.0,0.0,0.02162242,0.020619038,II_6985873
42.0,0.0,0.0,0.0,0.0,0.02162242,0.020619038,II_6985873
45.0,0.0,0.0,0.0,0.0,0.02162242,0.020619038,II_6985873
48.0,0.0,0.0,0.0,0.0,0.02162242,0.020619038,II_6985873
51.0,0.0,0.0,0.0,0.0,0.02162242,0.020619038,II_6985873
54.0,0.0,0.0,0.0,0.0,0.02162242,0.020619038,II_6985873
57.0,0.0,0.0,0.0,0.0,0.02162242,0.020619038,II_6985873
60.0,0.0,0.0,0.0,0.0,0.02162242,0.020619038,II_6985873
63.0,0.0,0.0,0.0,0.0,0.02162242,0.020619038,II_6985873
66.0,0.0,0.0,0.0,0.0,0.02162242,0.020619038,II_6985873
69.0,0.0,0.0,0.0,0.0,0.02162242,0.020619038,II_6985873
