relative_time,g_flux,g_uncert,r_flux,r_uncert,redshift,mwebv,id
-30.0,0.0,0.0,0.0,0.0,0.06745873,0.015110681,IIb_35008314
-27.0,0.0,0.0,0.0,0.0,0.06745873,0.015110681,IIb_35008314
-24.0,0.0,0.0,0.0,0.0,0.06745873,0.015110681,IIb_35008314
-21.0,0.0,0.0,0.0,0.0,0.06745873,0.015110681,IIb_35008314
-18.0,0.0,0.0,0.0,0.0,0.06745873,0.015110681,IIb_35008314
-15.0,0.0,0.0,0.0,0.0,0.06745873,0.015110681,IIb_35008314
-12.0,0.0,0.0,0.0,0.0,0.06745873,0.015110681,IIb_35008314
-9.0,0.0,0.0,0.0,0.0,0.06745873,0.015110681,IIb_35008314
-6.0,0.0,0.0,0.0,0.0,0.06745873,0.015110681,IIb_35008314
-3.0,0.0,0.0,0.0,0.0,0.06745873,0.015110681,IIb_35008314
0.0,4681.95166015625,186.31875610351562,7021.4296875,170.06116616051693,0.06745873,0.015110681,IIb_35008314
3.0,0.0,0.0,0.0,0.0,0.06745873,0.015110681,IIb_35008314
6.0,0.0,0.0,0.0,0.0,0.06745873,0.015110681,IIb_35008314
9.0,3574.840576171875,84.7153549194336,0.0,0.0,0.06745873,0.015110681,IIb_35008314
12.0,0.0,0.0,0.0,0.0,0.06745873,0.015110681,IIb_35008314
15.0,0.0,0.0,0.0,0.0,0.06745873,0.015110681,IIb_35008314
18.0,0.0,0.0,0.0,0.0,0.06745873,0.015110681,IIb_35008314
21.0,2610.61083984375,808.8453063964844,0.0,0.0,0.06745873,0.015110681,IIb_35008314
24.0,961.6287231445312,265.20849609375,2488.80126953125,153.45572324656362,0.06745873,0.015110681,IIb_35008314
27.0,1231.3584899902344,189.258544921875,2561.7183837890625,224.8228080150501,0.06745873,0.015110681,IIb_35008314
30.0,1959.8707275390625,88.19804382324219,0.0,0.0,0.06745873,0.015110681,IIb_35008314
33.0,0.0,0.0,0.0,0.0,0.06745873,0.015110681,IIb_35008314
36.0,0.0,0.0,0.0,0.0,0.06745873,0.015110681,IIb_35008314
39.0,0.0,0.0,0.0,0.0,0.06745873,0.015110681,IIb_35008314
42.0,0.0,0.0,3817.341796875,111.37847356499395,0.06745873,0.015110681,IIb_35008314
45.0,0.0,0.0,0.0,0.0,0.06745873,0.015110681,IIb_35008314
48.0,0.0,0.0,0.0,0.0,0.06745873,0.015110681,IIb_35008314
51.0,0.0,0.0,3332.17724609375,482.2624206542969,0.06745873,0.015110681,IIb_35008314
54.0,714.1846008300781,72.6579532623291,1577.6307983398438,133.38449764103146,0.06745873,0.015110681,IIb_35008314
57.0,686.0547485351562,32.769314765930176,1582.793701171875,61.08275739931683,0.06745873,0.015110681,IIb_35008314
60.0,0.0,0.0,0.0,0.0,0.06745873,0.015110681,IIb_35008314
63.0,1405.7564086914062,101.16609191894531,0.0,0.0,0.06745873,0.015110681,IIb_35008314
66.0,0.0,0.0,0.0,0.0,0.06745873,0.015110681,IIb_35008314
69.0,0.0,0.0,0.0,0.0,0.06745873,0.015110681,IIb_35008314
