relative_time,g_flux,g_uncert,r_flux,r_uncert,redshift,mwebv,id
-30.0,0.0,0.0,-208.06390380859375,169.3126678466797,0.24073844,0.009519243,IIb_26611362
-27.0,-112.9322738647461,142.29678344726562,0.0,0.0,0.24073844,0.009519243,IIb_26611362
-24.0,11.199676513671875,116.1015396118164,0.0,0.0,0.24073844,0.009519243,IIb_26611362
-21.0,0.0,0.0,0.0,0.0,0.24073844,0.009519243,IIb_26611362
-18.0,0.0,0.0,40.755523681640625,98.34986877441406,0.24073844,0.009519243,IIb_26611362
-15.0,0.0,0.0,0.0,0.0,0.24073844,0.009519243,IIb_26611362
-12.0,0.0,0.0,0.0,0.0,0.24073844,0.009519243,IIb_26611362
-9.0,0.0,0.0,0.0,0.0,0.24073844,0.009519243,IIb_26611362
-6.0,0.0,0.0,0.0,0.0,0.24073844,0.009519243,IIb_26611362
-3.0,-33.065521240234375,126.85713958740234,37.866586685180664,168.6910156246666,0.24073844,0.009519243,IIb_26611362
0.0,550.4223225911459,55.950757344563804,324.63083902994794,43.46428424838155,0.24073844,0.009519243,IIb_26611362
3.0,0.0,0.0,0.0,0.0,0.24073844,0.009519243,IIb_26611362
6.0,0.0,0.0,0.0,0.0,0.24073844,0.009519243,IIb_26611362
9.0,105.27359771728516,57.602394104003906,0.0,0.0,0.24073844,0.009519243,IIb_26611362
12.0,0.0,0.0,0.0,0.0,0.24073844,0.009519243,IIb_26611362
15.0,0.0,0.0,0.0,0.0,0.24073844,0.009519243,IIb_26611362
18.0,0.0,0.0,0.0,0.0,0.24073844,0.009519243,IIb_26611362
21.0,0.0,0.0,0.0,0.0,0.24073844,0.009519243,IIb_26611362
24.0,0.0,0.0,0.0,0.0,0.24073844,0.009519243,IIb_26611362
27.0,0.0,0.0,0.0,0.0,0.24073844,0.009519243,IIb_26611362
30.0,0.0,0.0,0.0,0.0,0.24073844,0.009519243,IIb_26611362
33.0,0.0,0.0,0.0,0.0,0.24073844,0.009519243,IIb_26611362
36.0,0.0,0.0,0.0,0.0,0.24073844,0.009519243,IIb_26611362
39.0,0.0,0.0,0.0,0.0,0.24073844,0.009519243,IIb_26611362
42.0,0.0,0.0,0.0,0.0,0.24073844,0.009519243,IIb_26611362
45.0,0.0,0.0,0.0,0.0,0.24073844,0.009519243,IIb_26611362
48.0,0.0,0.0,0.0,0.0,0.24073844,0.009519243,IIb_26611362
51.0,0.0,0.0,0.0,0.0,0.24073844,0.009519243,IIb_26611362
54.0,0.0,0.0,0.0,0.0,0.24073844,0.009519243,IIb_26611362
57.0,0.0,0.0,0.0,0.0,0.24073844,0.009519243,IIb_26611362
60.0,0.0,0.0,0.0,0.0,0.24073844,0.009519243,IIb_26611362
63.0,0.0,0.0,0.0,0.0,0.24073844,0.009519243,IIb_26611362
66.0,0.0,0.0,0.0,0.0,0.24073844,0.009519243,IIb_26611362
69.0,0.0,0.0,0.0,0.0,0.24073844,0.009519243,IIb_26611362
