relative_time,g_flux,g_uncert,r_flux,r_uncert,redshift,mwebv,id
-30.0,0.0,0.0,0.0,0.0,0.06982134,0.03606397,IIb_35617542
-27.0,0.0,0.0,0.0,0.0,0.06982134,0.03606397,IIb_35617542
-24.0,0.0,0.0,0.0,0.0,0.06982134,0.03606397,IIb_35617542
-21.0,0.0,0.0,0.0,0.0,0.06982134,0.03606397,IIb_35617542
-18.0,0.0,0.0,0.0,0.0,0.06982134,0.03606397,IIb_35617542
-15.0,0.0,0.0,0.0,0.0,0.06982134,0.03606397,IIb_35617542
-12.0,0.0,0.0,5196.634765625,142.15882873535156,0.06982134,0.03606397,IIb_35617542
-9.0,0.0,0.0,0.0,0.0,0.06982134,0.03606397,IIb_35617542
-6.0,0.0,0.0,0.0,0.0,0.06982134,0.03606397,IIb_35617542
-3.0,0.0,0.0,0.0,0.0,0.06982134,0.03606397,IIb_35617542
0.0,0.0,0.0,4186.0224609375,327.2444152832031,0.06982134,0.03606397,IIb_35617542
3.0,0.0,0.0,0.0,0.0,0.06982134,0.03606397,IIb_35617542
6.0,0.0,0.0,0.0,0.0,0.06982134,0.03606397,IIb_35617542
9.0,0.0,0.0,0.0,0.0,0.06982134,0.03606397,IIb_35617542
12.0,0.0,0.0,0.0,0.0,0.06982134,0.03606397,IIb_35617542
15.0,0.0,0.0,0.0,0.0,0.06982134,0.03606397,IIb_35617542
18.0,0.0,0.0,0.0,0.0,0.06982134,0.03606397,IIb_35617542
21.0,0.0,0.0,0.0,0.0,0.06982134,0.03606397,IIb_35617542
24.0,0.0,0.0,0.0,0.0,0.06982134,0.03606397,IIb_35617542
27.0,0.0,0.0,0.0,0.0,0.06982134,0.03606397,IIb_35617542
30.0,665.438720703125,277.2298278808594,0.0,0.0,0.06982134,0.03606397,IIb_35617542
33.0,0.0,0.0,0.0,0.0,0.06982134,0.03606397,IIb_35617542
36.0,0.0,0.0,0.0,0.0,0.06982134,0.03606397,IIb_35617542
39.0,0.0,0.0,0.0,0.0,0.06982134,0.03606397,IIb_35617542
42.0,0.0,0.0,0.0,0.0,0.06982134,0.03606397,IIb_35617542
45.0,0.0,0.0,0.0,0.0,0.06982134,0.03606397,IIb_35617542
48.0,0.0,0.0,0.0,0.0,0.06982134,0.03606397,IIb_35617542
51.0,0.0,0.0,0.0,0.0,0.06982134,0.03606397,IIb_35617542
54.0,0.0,0.0,0.0,0.0,0.06982134,0.03606397,IIb_35617542
57.0,0.0,0.0,0.0,0.0,0.06982134,0.03606397,IIb_35617542
60.0,0.0,0.0,0.0,0.0,0.06982134,0.03606397,IIb_35617542
63.0,0.0,0.0,0.0,0.0,0.06982134,0.03606397,IIb_35617542
66.0,0.0,0.0,0.0,0.0,0.06982134,0.03606397,IIb_35617542
69.0,0.0,0.0,0.0,0.0,0.06982134,0.03606397,IIb_35617542
