relative_time,g_flux,g_uncert,r_flux,r_uncert,redshift,mwebv,id
-30.0,0.0,0.0,0.0,0.0,0.3328386,0.019505331,IIb_27322795
-27.0,0.0,0.0,0.0,0.0,0.3328386,0.019505331,IIb_27322795
-24.0,0.0,0.0,0.0,0.0,0.3328386,0.019505331,IIb_27322795
-21.0,0.0,0.0,0.0,0.0,0.3328386,0.019505331,IIb_27322795
-18.0,0.0,0.0,0.0,0.0,0.3328386,0.019505331,IIb_27322795
-15.0,0.0,0.0,0.0,0.0,0.3328386,0.019505331,IIb_27322795
-12.0,0.0,0.0,-83.60574340820312,184.95437622070312,0.3328386,0.019505331,IIb_27322795
-9.0,231.34783935546875,110.41828918457031,0.0,0.0,0.3328386,0.019505331,IIb_27322795
-6.0,0.0,0.0,-103.77690887451172,99.64270782470703,0.3328386,0.019505331,IIb_27322795
-3.0,799.2418212890625,67.61768341064453,0.0,0.0,0.3328386,0.019505331,IIb_27322795
0.0,157.22718811035156,26.8026065826416,279.4570617675781,63.023939933335356,0.3328386,0.019505331,IIb_27322795
3.0,0.0,0.0,0.0,0.0,0.3328386,0.019505331,IIb_27322795
6.0,0.0,0.0,-117.13445281982422,126.55339050292969,0.3328386,0.019505331,IIb_27322795
9.0,140.6448974609375,114.9249267578125,138.96034240722656,159.28312859606538,0.3328386,0.019505331,IIb_27322795
12.0,0.0,0.0,0.0,0.0,0.3328386,0.019505331,IIb_27322795
15.0,0.0,0.0,232.63987731933594,89.55136108398438,0.3328386,0.019505331,IIb_27322795
18.0,0.0,0.0,0.0,0.0,0.3328386,0.019505331,IIb_27322795
21.0,0.0,0.0,0.0,0.0,0.3328386,0.019505331,IIb_27322795
24.0,0.0,0.0,0.0,0.0,0.3328386,0.019505331,IIb_27322795
27.0,-48.29853820800781,97.93677520751953,105.83111572265625,96.99918751884405,0.3328386,0.019505331,IIb_27322795
30.0,65.44637298583984,39.10964584350586,149.5729637145996,290.8282372528932,0.3328386,0.019505331,IIb_27322795
33.0,-14.988968849182129,54.56916809082031,7.742312431335449,100.94041012980325,0.3328386,0.019505331,IIb_27322795
36.0,0.0,0.0,0.0,0.0,0.3328386,0.019505331,IIb_27322795
39.0,0.0,0.0,78.4839096069336,63.09031677246094,0.3328386,0.019505331,IIb_27322795
42.0,0.0,0.0,0.0,0.0,0.3328386,0.019505331,IIb_27322795
45.0,0.0,0.0,0.0,0.0,0.3328386,0.019505331,IIb_27322795
48.0,0.0,0.0,0.0,0.0,0.3328386,0.019505331,IIb_27322795
51.0,0.0,0.0,0.0,0.0,0.3328386,0.019505331,IIb_27322795
54.0,0.0,0.0,0.0,0.0,0.3328386,0.019505331,IIb_27322795
57.0,0.0,0.0,0.0,0.0,0.3328386,0.019505331,IIb_27322795
60.0,0.0,0.0,0.0,0.0,0.3328386,0.019505331,IIb_27322795
63.0,0.0,0.0,0.0,0.0,0.3328386,0.019505331,IIb_27322795
66.0,0.0,0.0,0.0,0.0,0.3328386,0.019505331,IIb_27322795
69.0,0.0,0.0,0.0,0.0,0.3328386,0.019505331,IIb_27322795
