relative_time,g_flux,g_uncert,r_flux,r_uncert,redshift,mwebv,id
-30.0,0.0,0.0,0.0,0.0,0.113444306,0.021882031,IIb_14583386
-27.0,-12.734715461730957,63.24555969238281,81.57445526123047,63.274646921367136,0.113444306,0.021882031,IIb_14583386
-24.0,-21.323585510253906,18.81768035888672,19.150218963623047,48.116811360799055,0.113444306,0.021882031,IIb_14583386
-21.0,0.0,0.0,0.0,0.0,0.113444306,0.021882031,IIb_14583386
-18.0,0.0,0.0,0.0,0.0,0.113444306,0.021882031,IIb_14583386
-15.0,0.0,0.0,237.58287048339844,100.53768920898438,0.113444306,0.021882031,IIb_14583386
-12.0,0.0,0.0,0.0,0.0,0.113444306,0.021882031,IIb_14583386
-9.0,0.0,0.0,0.0,0.0,0.113444306,0.021882031,IIb_14583386
-6.0,993.8328857421875,323.9761962890625,0.0,0.0,0.113444306,0.021882031,IIb_14583386
-3.0,0.0,0.0,1640.2979736328125,99.74476623535156,0.113444306,0.021882031,IIb_14583386
0.0,947.32958984375,69.73829650878906,0.0,0.0,0.113444306,0.021882031,IIb_14583386
3.0,831.3663330078125,99.6431884765625,0.0,0.0,0.113444306,0.021882031,IIb_14583386
6.0,0.0,0.0,0.0,0.0,0.113444306,0.021882031,IIb_14583386
9.0,0.0,0.0,0.0,0.0,0.113444306,0.021882031,IIb_14583386
12.0,0.0,0.0,0.0,0.0,0.113444306,0.021882031,IIb_14583386
15.0,-134.5710906982422,197.56216430664062,0.0,0.0,0.113444306,0.021882031,IIb_14583386
18.0,0.0,0.0,0.0,0.0,0.113444306,0.021882031,IIb_14583386
21.0,0.0,0.0,0.0,0.0,0.113444306,0.021882031,IIb_14583386
24.0,0.0,0.0,0.0,0.0,0.113444306,0.021882031,IIb_14583386
27.0,0.0,0.0,0.0,0.0,0.113444306,0.021882031,IIb_14583386
30.0,0.0,0.0,0.0,0.0,0.113444306,0.021882031,IIb_14583386
33.0,0.0,0.0,0.0,0.0,0.113444306,0.021882031,IIb_14583386
36.0,0.0,0.0,0.0,0.0,0.113444306,0.021882031,IIb_14583386
39.0,0.0,0.0,0.0,0.0,0.113444306,0.021882031,IIb_14583386
42.0,0.0,0.0,0.0,0.0,0.113444306,0.021882031,IIb_14583386
45.0,0.0,0.0,0.0,0.0,0.113444306,0.021882031,IIb_14583386
48.0,0.0,0.0,0.0,0.0,0.113444306,0.021882031,IIb_14583386
51.0,0.0,0.0,0.0,0.0,0.113444306,0.021882031,IIb_14583386
54.0,0.0,0.0,0.0,0.0,0.113444306,0.021882031,IIb_14583386
57.0,0.0,0.0,0.0,0.0,0.113444306,0.021882031,IIb_14583386
60.0,0.0,0.0,0.0,0.0,0.113444306,0.021882031,IIb_14583386
63.0,0.0,0.0,0.0,0.0,0.113444306,0.021882031,IIb_14583386
66.0,0.0,0.0,0.0,0.0,0.113444306,0.021882031,IIb_14583386
69.0,0.0,0.0,0.0,0.0,0.113444306,0.021882031,IIb_14583386
