relative_time,g_flux,g_uncert,r_flux,r_uncert,redshift,mwebv,id
-30.0,0.0,0.0,0.0,0.0,0.060570154,0.495206,IIb_38375343
-27.0,0.0,0.0,0.0,0.0,0.060570154,0.495206,IIb_38375343
-24.0,-252.2285614013672,191.44338989257812,-108.46975708007812,292.1565914496877,0.060570154,0.495206,IIb_38375343
-21.0,0.0,0.0,-311.28790283203125,293.6272277832031,0.060570154,0.495206,IIb_38375343
-18.0,0.0,0.0,219.337158203125,231.3120880126953,0.060570154,0.495206,IIb_38375343
-15.0,660.805419921875,450.7249755859375,0.0,0.0,0.060570154,0.495206,IIb_38375343
-12.0,-345.49402872721356,552.0587158203125,-204.3724161783854,379.4824933033827,0.060570154,0.495206,IIb_38375343
-9.0,0.0,0.0,683.4664306640625,629.497802734375,0.060570154,0.495206,IIb_38375343
-6.0,27.984020900726318,511.79347534179686,-25.58375663757324,311.6593384882844,0.060570154,0.495206,IIb_38375343
-3.0,0.0,0.0,0.0,0.0,0.060570154,0.495206,IIb_38375343
0.0,1776.97265625,202.47450256347656,6106.846435546875,550.3521332379358,0.060570154,0.495206,IIb_38375343
3.0,0.0,0.0,9468.6787109375,704.0394897460938,0.060570154,0.495206,IIb_38375343
6.0,0.0,0.0,3964.119873046875,353.9315185546875,0.060570154,0.495206,IIb_38375343
9.0,0.0,0.0,0.0,0.0,0.060570154,0.495206,IIb_38375343
12.0,0.0,0.0,0.0,0.0,0.060570154,0.495206,IIb_38375343
15.0,0.0,0.0,0.0,0.0,0.060570154,0.495206,IIb_38375343
18.0,3635.21142578125,1479.5640258789062,0.0,0.0,0.060570154,0.495206,IIb_38375343
21.0,0.0,0.0,4859.3603515625,525.4150390625,0.060570154,0.495206,IIb_38375343
24.0,0.0,0.0,5646.99072265625,958.26806640625,0.060570154,0.495206,IIb_38375343
27.0,0.0,0.0,0.0,0.0,0.060570154,0.495206,IIb_38375343
30.0,0.0,0.0,0.0,0.0,0.060570154,0.495206,IIb_38375343
33.0,0.0,0.0,4111.26806640625,366.4946594238281,0.060570154,0.495206,IIb_38375343
36.0,0.0,0.0,0.0,0.0,0.060570154,0.495206,IIb_38375343
39.0,0.0,0.0,0.0,0.0,0.060570154,0.495206,IIb_38375343
42.0,0.0,0.0,0.0,0.0,0.060570154,0.495206,IIb_38375343
45.0,0.0,0.0,0.0,0.0,0.060570154,0.495206,IIb_38375343
48.0,0.0,0.0,0.0,0.0,0.060570154,0.495206,IIb_38375343
51.0,0.0,0.0,0.0,0.0,0.060570154,0.495206,IIb_38375343
54.0,0.0,0.0,0.0,0.0,0.060570154,0.495206,IIb_38375343
57.0,0.0,0.0,0.0,0.0,0.060570154,0.495206,IIb_38375343
60.0,0.0,0.0,0.0,0.0,0.060570154,0.495206,IIb_38375343
63.0,0.0,0.0,0.0,0.0,0.060570154,0.495206,IIb_38375343
66.0,0.0,0.0,0.0,0.0,0.060570154,0.495206,IIb_38375343
69.0,0.0,0.0,0.0,0.0,0.060570154,0.495206,IIb_38375343
