relative_time,g_flux,g_uncert,r_flux,r_uncert,redshift,mwebv,id
-30.0,-38.75840377807617,55.9797248840332,97.79093933105469,129.28268623040935,0.23481132,0.1040455,IIb_1389641
-27.0,0.0,0.0,0.0,0.0,0.23481132,0.1040455,IIb_1389641
-24.0,0.0,0.0,0.0,0.0,0.23481132,0.1040455,IIb_1389641
-21.0,8.425226211547852,57.67311096191406,40.90801239013672,72.88904843635873,0.23481132,0.1040455,IIb_1389641
-18.0,0.0,0.0,0.0,0.0,0.23481132,0.1040455,IIb_1389641
-15.0,0.0,0.0,0.0,0.0,0.23481132,0.1040455,IIb_1389641
-12.0,0.0,0.0,0.0,0.0,0.23481132,0.1040455,IIb_1389641
-9.0,910.3955078125,414.20281982421875,57.96571350097656,376.35771376165854,0.23481132,0.1040455,IIb_1389641
-6.0,0.0,0.0,725.5094604492188,100.3163833618164,0.23481132,0.1040455,IIb_1389641
-3.0,0.0,0.0,0.0,0.0,0.23481132,0.1040455,IIb_1389641
0.0,0.0,0.0,699.1910400390625,100.37636017706154,0.23481132,0.1040455,IIb_1389641
3.0,0.0,0.0,0.0,0.0,0.23481132,0.1040455,IIb_1389641
6.0,0.0,0.0,92.71092987060547,281.833984375,0.23481132,0.1040455,IIb_1389641
9.0,0.0,0.0,370.2623291015625,195.55606079101562,0.23481132,0.1040455,IIb_1389641
12.0,-16.96671994527181,380.59014892578125,0.0,0.0,0.23481132,0.1040455,IIb_1389641
15.0,0.0,0.0,274.2757263183594,79.96549224853516,0.23481132,0.1040455,IIb_1389641
18.0,0.0,0.0,0.0,0.0,0.23481132,0.1040455,IIb_1389641
21.0,0.0,0.0,0.0,0.0,0.23481132,0.1040455,IIb_1389641
24.0,0.0,0.0,0.0,0.0,0.23481132,0.1040455,IIb_1389641
27.0,23.862762451171875,152.631103515625,0.0,0.0,0.23481132,0.1040455,IIb_1389641
30.0,0.0,0.0,0.0,0.0,0.23481132,0.1040455,IIb_1389641
33.0,-31.544492721557617,230.90696716308594,0.0,0.0,0.23481132,0.1040455,IIb_1389641
36.0,0.0,0.0,199.05926513671875,274.4813232421875,0.23481132,0.1040455,IIb_1389641
39.0,-10.55331802368164,191.74658203125,0.0,0.0,0.23481132,0.1040455,IIb_1389641
42.0,-6.597342014312744,123.27178192138672,-23.383947372436523,91.26574873668471,0.23481132,0.1040455,IIb_1389641
45.0,0.0,0.0,0.0,0.0,0.23481132,0.1040455,IIb_1389641
48.0,132.53781127929688,185.5248565673828,0.0,0.0,0.23481132,0.1040455,IIb_1389641
51.0,0.0,0.0,0.0,0.0,0.23481132,0.1040455,IIb_1389641
54.0,0.0,0.0,0.0,0.0,0.23481132,0.1040455,IIb_1389641
57.0,0.0,0.0,0.0,0.0,0.23481132,0.1040455,IIb_1389641
60.0,0.0,0.0,0.0,0.0,0.23481132,0.1040455,IIb_1389641
63.0,0.0,0.0,0.0,0.0,0.23481132,0.1040455,IIb_1389641
66.0,0.0,0.0,0.0,0.0,0.23481132,0.1040455,IIb_1389641
69.0,0.0,0.0,0.0,0.0,0.23481132,0.1040455,IIb_1389641
