relative_time,g_flux,g_uncert,r_flux,r_uncert,redshift,mwebv,id
-30.0,0.0,0.0,0.0,0.0,0.078145206,0.1562921,IIb_38332036
-27.0,0.0,0.0,0.0,0.0,0.078145206,0.1562921,IIb_38332036
-24.0,0.0,0.0,0.0,0.0,0.078145206,0.1562921,IIb_38332036
-21.0,0.0,0.0,0.0,0.0,0.078145206,0.1562921,IIb_38332036
-18.0,0.0,0.0,0.0,0.0,0.078145206,0.1562921,IIb_38332036
-15.0,0.0,0.0,0.0,0.0,0.078145206,0.1562921,IIb_38332036
-12.0,0.0,0.0,0.0,0.0,0.078145206,0.1562921,IIb_38332036
-9.0,0.0,0.0,0.0,0.0,0.078145206,0.1562921,IIb_38332036
-6.0,197.74420166015625,80.8182144165039,176.16061401367188,126.41372260394019,0.078145206,0.1562921,IIb_38332036
-3.0,487.56134033203125,237.55154418945312,0.0,0.0,0.078145206,0.1562921,IIb_38332036
0.0,658.1220703125,72.95453643798828,723.5853881835938,79.7678456970654,0.078145206,0.1562921,IIb_38332036
3.0,1287.662109375,176.6688690185547,974.4044189453125,176.06873613758606,0.078145206,0.1562921,IIb_38332036
6.0,3429.73095703125,703.9440307617188,0.0,0.0,0.078145206,0.1562921,IIb_38332036
9.0,0.0,0.0,0.0,0.0,0.078145206,0.1562921,IIb_38332036
12.0,0.0,0.0,0.0,0.0,0.078145206,0.1562921,IIb_38332036
15.0,0.0,0.0,0.0,0.0,0.078145206,0.1562921,IIb_38332036
18.0,0.0,0.0,0.0,0.0,0.078145206,0.1562921,IIb_38332036
21.0,0.0,0.0,0.0,0.0,0.078145206,0.1562921,IIb_38332036
24.0,0.0,0.0,0.0,0.0,0.078145206,0.1562921,IIb_38332036
27.0,0.0,0.0,0.0,0.0,0.078145206,0.1562921,IIb_38332036
30.0,0.0,0.0,0.0,0.0,0.078145206,0.1562921,IIb_38332036
33.0,0.0,0.0,0.0,0.0,0.078145206,0.1562921,IIb_38332036
36.0,450.1341552734375,371.7477722167969,0.0,0.0,0.078145206,0.1562921,IIb_38332036
39.0,0.0,0.0,0.0,0.0,0.078145206,0.1562921,IIb_38332036
42.0,0.0,0.0,0.0,0.0,0.078145206,0.1562921,IIb_38332036
45.0,0.0,0.0,0.0,0.0,0.078145206,0.1562921,IIb_38332036
48.0,0.0,0.0,0.0,0.0,0.078145206,0.1562921,IIb_38332036
51.0,0.0,0.0,0.0,0.0,0.078145206,0.1562921,IIb_38332036
54.0,0.0,0.0,0.0,0.0,0.078145206,0.1562921,IIb_38332036
57.0,0.0,0.0,0.0,0.0,0.078145206,0.1562921,IIb_38332036
60.0,0.0,0.0,0.0,0.0,0.078145206,0.1562921,IIb_38332036
63.0,0.0,0.0,0.0,0.0,0.078145206,0.1562921,IIb_38332036
66.0,0.0,0.0,0.0,0.0,0.078145206,0.1562921,IIb_38332036
69.0,0.0,0.0,0.0,0.0,0.078145206,0.1562921,IIb_38332036
