relative_time,g_flux,g_uncert,r_flux,r_uncert,redshift,mwebv,id
-30.0,0.0,0.0,0.0,0.0,0.038329195,0.028086962,IIb_23437600
-27.0,0.0,0.0,0.0,0.0,0.038329195,0.028086962,IIb_23437600
-24.0,0.0,0.0,0.0,0.0,0.038329195,0.028086962,IIb_23437600
-21.0,0.0,0.0,0.0,0.0,0.038329195,0.028086962,IIb_23437600
-18.0,0.0,0.0,0.0,0.0,0.038329195,0.028086962,IIb_23437600
-15.0,0.0,0.0,0.0,0.0,0.038329195,0.028086962,IIb_23437600
-12.0,0.0,0.0,0.0,0.0,0.038329195,0.028086962,IIb_23437600
-9.0,0.0,0.0,0.0,0.0,0.038329195,0.028086962,IIb_23437600
-6.0,0.0,0.0,780.1740112304688,118.22049713134766,0.038329195,0.028086962,IIb_23437600
-3.0,591.3111572265625,82.33655548095703,0.0,0.0,0.038329195,0.028086962,IIb_23437600
0.0,305.98419189453125,37.64666748046875,370.0520935058594,85.51532174000239,0.038329195,0.028086962,IIb_23437600
3.0,0.0,0.0,0.0,0.0,0.038329195,0.028086962,IIb_23437600
6.0,0.0,0.0,989.55908203125,154.62744140625,0.038329195,0.028086962,IIb_23437600
9.0,0.0,0.0,0.0,0.0,0.038329195,0.028086962,IIb_23437600
12.0,-29.656394958496094,115.79312133789062,574.270263671875,165.43279751582594,0.038329195,0.028086962,IIb_23437600
15.0,0.0,0.0,0.0,0.0,0.038329195,0.028086962,IIb_23437600
18.0,0.0,0.0,417.69482421875,119.70059204101562,0.038329195,0.028086962,IIb_23437600
21.0,0.0,0.0,0.0,0.0,0.038329195,0.028086962,IIb_23437600
24.0,0.0,0.0,0.0,0.0,0.038329195,0.028086962,IIb_23437600
27.0,0.0,0.0,0.0,0.0,0.038329195,0.028086962,IIb_23437600
30.0,0.0,0.0,0.0,0.0,0.038329195,0.028086962,IIb_23437600
33.0,0.0,0.0,0.0,0.0,0.038329195,0.028086962,IIb_23437600
36.0,110.1147232055664,90.59246063232422,139.91151428222656,62.429897299488495,0.038329195,0.028086962,IIb_23437600
39.0,0.0,0.0,-57.94343948364258,229.35240173339844,0.038329195,0.028086962,IIb_23437600
42.0,-8.141919136047363,105.6423110961914,-480.2841796875,339.48171101326153,0.038329195,0.028086962,IIb_23437600
45.0,0.0,0.0,0.0,0.0,0.038329195,0.028086962,IIb_23437600
48.0,0.0,0.0,0.0,0.0,0.038329195,0.028086962,IIb_23437600
51.0,0.0,0.0,193.80178833007812,79.61489868164062,0.038329195,0.028086962,IIb_23437600
54.0,0.0,0.0,0.0,0.0,0.038329195,0.028086962,IIb_23437600
57.0,0.0,0.0,0.0,0.0,0.038329195,0.028086962,IIb_23437600
60.0,0.0,0.0,0.0,0.0,0.038329195,0.028086962,IIb_23437600
63.0,0.0,0.0,0.0,0.0,0.038329195,0.028086962,IIb_23437600
66.0,0.0,0.0,0.0,0.0,0.038329195,0.028086962,IIb_23437600
69.0,0.0,0.0,0.0,0.0,0.038329195,0.028086962,IIb_23437600
