relative_time,g_flux,g_uncert,r_flux,r_uncert,redshift,mwebv,id
-30.0,0.0,0.0,0.0,0.0,0.09827378,0.022403818,IIb_20008374
-27.0,0.0,0.0,0.0,0.0,0.09827378,0.022403818,IIb_20008374
-24.0,0.0,0.0,0.0,0.0,0.09827378,0.022403818,IIb_20008374
-21.0,0.0,0.0,0.0,0.0,0.09827378,0.022403818,IIb_20008374
-18.0,0.0,0.0,0.0,0.0,0.09827378,0.022403818,IIb_20008374
-15.0,43.33735148111979,39.59774907430013,-3.192854563395182,59.4020359626547,0.09827378,0.022403818,IIb_20008374
-12.0,9.12117830912272,51.02707163492838,-23.192240397135418,55.26878295405836,0.09827378,0.022403818,IIb_20008374
-9.0,0.0,0.0,0.0,0.0,0.09827378,0.022403818,IIb_20008374
-6.0,0.0,0.0,-73.03237915039062,117.38748931884766,0.09827378,0.022403818,IIb_20008374
-3.0,426.0724182128906,60.4396858215332,0.0,0.0,0.09827378,0.022403818,IIb_20008374
0.0,3859.68408203125,151.80569458007812,0.0,0.0,0.09827378,0.022403818,IIb_20008374
3.0,989.7889404296875,149.16488647460938,1109.2900390625,84.9243055870534,0.09827378,0.022403818,IIb_20008374
6.0,0.0,0.0,0.0,0.0,0.09827378,0.022403818,IIb_20008374
9.0,0.0,0.0,0.0,0.0,0.09827378,0.022403818,IIb_20008374
12.0,0.0,0.0,0.0,0.0,0.09827378,0.022403818,IIb_20008374
15.0,1338.652099609375,137.12649536132812,0.0,0.0,0.09827378,0.022403818,IIb_20008374
18.0,0.0,0.0,2064.9697265625,127.2783203125,0.09827378,0.022403818,IIb_20008374
21.0,0.0,0.0,2163.10888671875,189.2356414794922,0.09827378,0.022403818,IIb_20008374
24.0,0.0,0.0,1898.052978515625,119.71271514892578,0.09827378,0.022403818,IIb_20008374
27.0,0.0,0.0,0.0,0.0,0.09827378,0.022403818,IIb_20008374
30.0,0.0,0.0,1098.1541748046875,246.1400909423828,0.09827378,0.022403818,IIb_20008374
33.0,0.0,0.0,0.0,0.0,0.09827378,0.022403818,IIb_20008374
36.0,0.0,0.0,0.0,0.0,0.09827378,0.022403818,IIb_20008374
39.0,0.0,0.0,0.0,0.0,0.09827378,0.022403818,IIb_20008374
42.0,0.0,0.0,0.0,0.0,0.09827378,0.022403818,IIb_20008374
45.0,0.0,0.0,0.0,0.0,0.09827378,0.022403818,IIb_20008374
48.0,0.0,0.0,0.0,0.0,0.09827378,0.022403818,IIb_20008374
51.0,0.0,0.0,0.0,0.0,0.09827378,0.022403818,IIb_20008374
54.0,0.0,0.0,0.0,0.0,0.09827378,0.022403818,IIb_20008374
57.0,0.0,0.0,0.0,0.0,0.09827378,0.022403818,IIb_20008374
60.0,0.0,0.0,0.0,0.0,0.09827378,0.022403818,IIb_20008374
63.0,0.0,0.0,0.0,0.0,0.09827378,0.022403818,IIb_20008374
66.0,0.0,0.0,0.0,0.0,0.09827378,0.022403818,IIb_20008374
69.0,126.24498748779297,72.76870727539062,327.79150390625,92.12245322784977,0.09827378,0.022403818,IIb_20008374
