relative_time,g_flux,g_uncert,r_flux,r_uncert,redshift,mwebv,id
-30.0,0.0,0.0,0.0,0.0,0.015833879,0.05840093,IIb_4866653
-27.0,0.0,0.0,0.0,0.0,0.015833879,0.05840093,IIb_4866653
-24.0,0.0,0.0,0.0,0.0,0.015833879,0.05840093,IIb_4866653
-21.0,0.0,0.0,0.0,0.0,0.015833879,0.05840093,IIb_4866653
-18.0,0.0,0.0,0.0,0.0,0.015833879,0.05840093,IIb_4866653
-15.0,0.0,0.0,0.0,0.0,0.015833879,0.05840093,IIb_4866653
-12.0,0.0,0.0,0.0,0.0,0.015833879,0.05840093,IIb_4866653
-9.0,0.0,0.0,0.0,0.0,0.015833879,0.05840093,IIb_4866653
-6.0,0.0,0.0,0.0,0.0,0.015833879,0.05840093,IIb_4866653
-3.0,7091.75390625,149.36306762695312,0.0,0.0,0.015833879,0.05840093,IIb_4866653
0.0,3931.26123046875,119.90179443359375,3985.22705078125,240.26503550649875,0.015833879,0.05840093,IIb_4866653
3.0,8369.166015625,329.5173034667969,0.0,0.0,0.015833879,0.05840093,IIb_4866653
6.0,0.0,0.0,0.0,0.0,0.015833879,0.05840093,IIb_4866653
9.0,0.0,0.0,9112.04296875,309.3270568847656,0.015833879,0.05840093,IIb_4866653
12.0,0.0,0.0,0.0,0.0,0.015833879,0.05840093,IIb_4866653
15.0,0.0,0.0,0.0,0.0,0.015833879,0.05840093,IIb_4866653
18.0,0.0,0.0,0.0,0.0,0.015833879,0.05840093,IIb_4866653
21.0,2405.696044921875,144.31155395507812,0.0,0.0,0.015833879,0.05840093,IIb_4866653
24.0,0.0,0.0,0.0,0.0,0.015833879,0.05840093,IIb_4866653
27.0,0.0,0.0,0.0,0.0,0.015833879,0.05840093,IIb_4866653
30.0,0.0,0.0,0.0,0.0,0.015833879,0.05840093,IIb_4866653
33.0,1280.6571044921875,542.4027709960938,2410.856689453125,462.0385208876541,0.015833879,0.05840093,IIb_4866653
36.0,0.0,0.0,0.0,0.0,0.015833879,0.05840093,IIb_4866653
39.0,916.1432495117188,81.07264709472656,1693.02099609375,99.42705099534271,0.015833879,0.05840093,IIb_4866653
42.0,2049.568115234375,165.94314575195312,0.0,0.0,0.015833879,0.05840093,IIb_4866653
45.0,0.0,0.0,0.0,0.0,0.015833879,0.05840093,IIb_4866653
48.0,0.0,0.0,0.0,0.0,0.015833879,0.05840093,IIb_4866653
51.0,0.0,0.0,1915.3170166015625,404.5718994140625,0.015833879,0.05840093,IIb_4866653
54.0,0.0,0.0,0.0,0.0,0.015833879,0.05840093,IIb_4866653
57.0,0.0,0.0,0.0,0.0,0.015833879,0.05840093,IIb_4866653
60.0,0.0,0.0,0.0,0.0,0.015833879,0.05840093,IIb_4866653
63.0,0.0,0.0,0.0,0.0,0.015833879,0.05840093,IIb_4866653
66.0,0.0,0.0,0.0,0.0,0.015833879,0.05840093,IIb_4866653
69.0,0.0,0.0,0.0,0.0,0.015833879,0.05840093,IIb_4866653
