relative_time,g_flux,g_uncert,r_flux,r_uncert,redshift,mwebv,id
-30.0,0.0,0.0,0.0,0.0,0.080633774,0.011006089,IIb_4053725
-27.0,-75.30079650878906,69.35589599609375,0.0,0.0,0.080633774,0.011006089,IIb_4053725
-24.0,0.0,0.0,0.0,0.0,0.080633774,0.011006089,IIb_4053725
-21.0,0.0,0.0,0.0,0.0,0.080633774,0.011006089,IIb_4053725
-18.0,0.0,0.0,0.0,0.0,0.080633774,0.011006089,IIb_4053725
-15.0,0.0,0.0,0.0,0.0,0.080633774,0.011006089,IIb_4053725
-12.0,0.0,0.0,0.0,0.0,0.080633774,0.011006089,IIb_4053725
-9.0,0.0,0.0,0.0,0.0,0.080633774,0.011006089,IIb_4053725
-6.0,0.0,0.0,0.0,0.0,0.080633774,0.011006089,IIb_4053725
-3.0,906.5311889648438,48.49001693725586,1160.780029296875,90.56673415041226,0.080633774,0.011006089,IIb_4053725
0.0,1900.064453125,105.84876251220703,0.0,0.0,0.080633774,0.011006089,IIb_4053725
3.0,0.0,0.0,0.0,0.0,0.080633774,0.011006089,IIb_4053725
6.0,1201.908203125,136.16111755371094,0.0,0.0,0.080633774,0.011006089,IIb_4053725
9.0,0.0,0.0,0.0,0.0,0.080633774,0.011006089,IIb_4053725
12.0,0.0,0.0,0.0,0.0,0.080633774,0.011006089,IIb_4053725
15.0,0.0,0.0,0.0,0.0,0.080633774,0.011006089,IIb_4053725
18.0,0.0,0.0,0.0,0.0,0.080633774,0.011006089,IIb_4053725
21.0,0.0,0.0,0.0,0.0,0.080633774,0.011006089,IIb_4053725
24.0,0.0,0.0,0.0,0.0,0.080633774,0.011006089,IIb_4053725
27.0,0.0,0.0,0.0,0.0,0.080633774,0.011006089,IIb_4053725
30.0,0.0,0.0,0.0,0.0,0.080633774,0.011006089,IIb_4053725
33.0,0.0,0.0,0.0,0.0,0.080633774,0.011006089,IIb_4053725
36.0,0.0,0.0,0.0,0.0,0.080633774,0.011006089,IIb_4053725
39.0,0.0,0.0,0.0,0.0,0.080633774,0.011006089,IIb_4053725
42.0,0.0,0.0,0.0,0.0,0.080633774,0.011006089,IIb_4053725
45.0,0.0,0.0,0.0,0.0,0.080633774,0.011006089,IIb_4053725
48.0,0.0,0.0,0.0,0.0,0.080633774,0.011006089,IIb_4053725
51.0,0.0,0.0,0.0,0.0,0.080633774,0.011006089,IIb_4053725
54.0,0.0,0.0,0.0,0.0,0.080633774,0.011006089,IIb_4053725
57.0,0.0,0.0,0.0,0.0,0.080633774,0.011006089,IIb_4053725
60.0,0.0,0.0,0.0,0.0,0.080633774,0.011006089,IIb_4053725
63.0,0.0,0.0,0.0,0.0,0.080633774,0.011006089,IIb_4053725
66.0,0.0,0.0,0.0,0.0,0.080633774,0.011006089,IIb_4053725
69.0,0.0,0.0,0.0,0.0,0.080633774,0.011006089,IIb_4053725
