relative_time,g_flux,g_uncert,r_flux,r_uncert,redshift,mwebv,id
-30.0,0.0,0.0,0.0,0.0,0.10583577,0.049447577,IIb_30866357
-27.0,0.0,0.0,93.91341400146484,162.129638671875,0.10583577,0.049447577,IIb_30866357
-24.0,0.0,0.0,0.0,0.0,0.10583577,0.049447577,IIb_30866357
-21.0,38.022315979003906,58.11601638793945,0.0,0.0,0.10583577,0.049447577,IIb_30866357
-18.0,0.0,0.0,0.0,0.0,0.10583577,0.049447577,IIb_30866357
-15.0,0.0,0.0,0.0,0.0,0.10583577,0.049447577,IIb_30866357
-12.0,0.0,0.0,0.0,0.0,0.10583577,0.049447577,IIb_30866357
-9.0,0.0,0.0,466.75022888183594,297.5741471421914,0.10583577,0.049447577,IIb_30866357
-6.0,527.1549072265625,325.68406168619794,472.61745198567706,163.3156304294288,0.10583577,0.049447577,IIb_30866357
-3.0,0.0,0.0,1116.7158813476562,296.33298664091683,0.10583577,0.049447577,IIb_30866357
0.0,194.26422119140625,28.617525736490887,676.0765177408854,128.19086068178305,0.10583577,0.049447577,IIb_30866357
3.0,0.0,0.0,0.0,0.0,0.10583577,0.049447577,IIb_30866357
6.0,0.0,0.0,0.0,0.0,0.10583577,0.049447577,IIb_30866357
9.0,0.0,0.0,873.1248168945312,76.50325012207031,0.10583577,0.049447577,IIb_30866357
12.0,0.0,0.0,0.0,0.0,0.10583577,0.049447577,IIb_30866357
15.0,0.0,0.0,0.0,0.0,0.10583577,0.049447577,IIb_30866357
18.0,0.0,0.0,0.0,0.0,0.10583577,0.049447577,IIb_30866357
21.0,0.0,0.0,0.0,0.0,0.10583577,0.049447577,IIb_30866357
24.0,0.0,0.0,0.0,0.0,0.10583577,0.049447577,IIb_30866357
27.0,0.0,0.0,0.0,0.0,0.10583577,0.049447577,IIb_30866357
30.0,0.0,0.0,0.0,0.0,0.10583577,0.049447577,IIb_30866357
33.0,0.0,0.0,0.0,0.0,0.10583577,0.049447577,IIb_30866357
36.0,0.0,0.0,0.0,0.0,0.10583577,0.049447577,IIb_30866357
39.0,0.0,0.0,0.0,0.0,0.10583577,0.049447577,IIb_30866357
42.0,0.0,0.0,0.0,0.0,0.10583577,0.049447577,IIb_30866357
45.0,0.0,0.0,0.0,0.0,0.10583577,0.049447577,IIb_30866357
48.0,0.0,0.0,0.0,0.0,0.10583577,0.049447577,IIb_30866357
51.0,0.0,0.0,0.0,0.0,0.10583577,0.049447577,IIb_30866357
54.0,0.0,0.0,0.0,0.0,0.10583577,0.049447577,IIb_30866357
57.0,0.0,0.0,0.0,0.0,0.10583577,0.049447577,IIb_30866357
60.0,0.0,0.0,0.0,0.0,0.10583577,0.049447577,IIb_30866357
63.0,0.0,0.0,0.0,0.0,0.10583577,0.049447577,IIb_30866357
66.0,0.0,0.0,0.0,0.0,0.10583577,0.049447577,IIb_30866357
69.0,0.0,0.0,0.0,0.0,0.10583577,0.049447577,IIb_30866357
