relative_time,g_flux,g_uncert,r_flux,r_uncert,redshift,mwebv,id
-30.0,-28.99001121520996,72.68548583984375,0.0,0.0,0.17243958,0.011672138,IIb_4555002
-27.0,0.0,0.0,0.0,0.0,0.17243958,0.011672138,IIb_4555002
-24.0,0.0,0.0,79.45034074783325,141.15832401524827,0.17243958,0.011672138,IIb_4555002
-21.0,-93.81801350911458,66.0145263671875,124.52073669433594,154.98402595093825,0.17243958,0.011672138,IIb_4555002
-18.0,0.0,0.0,0.0,0.0,0.17243958,0.011672138,IIb_4555002
-15.0,-17.023536682128906,52.01186752319336,0.0,0.0,0.17243958,0.011672138,IIb_4555002
-12.0,-88.93827056884766,79.0356674194336,0.0,0.0,0.17243958,0.011672138,IIb_4555002
-9.0,50.46110153198242,33.11456298828125,12.418501853942871,71.81907207751773,0.17243958,0.011672138,IIb_4555002
-6.0,0.0,0.0,0.0,0.0,0.17243958,0.011672138,IIb_4555002
-3.0,0.0,0.0,0.0,0.0,0.17243958,0.011672138,IIb_4555002
0.0,2437.1646728515625,179.40447235107422,0.0,0.0,0.17243958,0.011672138,IIb_4555002
3.0,0.0,0.0,0.0,0.0,0.17243958,0.011672138,IIb_4555002
6.0,0.0,0.0,0.0,0.0,0.17243958,0.011672138,IIb_4555002
9.0,0.0,0.0,0.0,0.0,0.17243958,0.011672138,IIb_4555002
12.0,0.0,0.0,0.0,0.0,0.17243958,0.011672138,IIb_4555002
15.0,0.0,0.0,1286.2991943359375,125.32108306884766,0.17243958,0.011672138,IIb_4555002
18.0,0.0,0.0,0.0,0.0,0.17243958,0.011672138,IIb_4555002
21.0,0.0,0.0,0.0,0.0,0.17243958,0.011672138,IIb_4555002
24.0,0.0,0.0,0.0,0.0,0.17243958,0.011672138,IIb_4555002
27.0,0.0,0.0,0.0,0.0,0.17243958,0.011672138,IIb_4555002
30.0,0.0,0.0,0.0,0.0,0.17243958,0.011672138,IIb_4555002
33.0,0.0,0.0,0.0,0.0,0.17243958,0.011672138,IIb_4555002
36.0,0.0,0.0,0.0,0.0,0.17243958,0.011672138,IIb_4555002
39.0,0.0,0.0,0.0,0.0,0.17243958,0.011672138,IIb_4555002
42.0,0.0,0.0,0.0,0.0,0.17243958,0.011672138,IIb_4555002
45.0,0.0,0.0,0.0,0.0,0.17243958,0.011672138,IIb_4555002
48.0,0.0,0.0,0.0,0.0,0.17243958,0.011672138,IIb_4555002
51.0,0.0,0.0,0.0,0.0,0.17243958,0.011672138,IIb_4555002
54.0,0.0,0.0,0.0,0.0,0.17243958,0.011672138,IIb_4555002
57.0,0.0,0.0,0.0,0.0,0.17243958,0.011672138,IIb_4555002
60.0,0.0,0.0,0.0,0.0,0.17243958,0.011672138,IIb_4555002
63.0,-43.63352584838867,103.76158142089844,13.00127124786377,103.93098326144141,0.17243958,0.011672138,IIb_4555002
66.0,19.387372334798176,84.82689412434895,168.72552490234375,71.6302135291256,0.17243958,0.011672138,IIb_4555002
69.0,49.19460678100586,39.24583053588867,0.0,0.0,0.17243958,0.011672138,IIb_4555002
