relative_time,g_flux,g_uncert,r_flux,r_uncert,redshift,mwebv,id
-30.0,0.0,0.0,0.8307823538780212,147.90281677246094,0.1442276,0.029502792,IIb_12019249
-27.0,0.0,0.0,0.0,0.0,0.1442276,0.029502792,IIb_12019249
-24.0,0.0,0.0,0.0,0.0,0.1442276,0.029502792,IIb_12019249
-21.0,0.0,0.0,32.84881269931793,150.13709730425273,0.1442276,0.029502792,IIb_12019249
-18.0,0.0,0.0,0.0,0.0,0.1442276,0.029502792,IIb_12019249
-15.0,-151.4580535888672,102.14469146728516,0.0,0.0,0.1442276,0.029502792,IIb_12019249
-12.0,41.67927169799805,119.69075775146484,0.0,0.0,0.1442276,0.029502792,IIb_12019249
-9.0,-189.3480682373047,138.72714233398438,-60.66732406616211,121.00366950973438,0.1442276,0.029502792,IIb_12019249
-6.0,0.0,0.0,0.0,0.0,0.1442276,0.029502792,IIb_12019249
-3.0,0.0,0.0,1.559719443321228,238.77699279785156,0.1442276,0.029502792,IIb_12019249
0.0,805.3626708984375,82.54181671142578,923.6146850585938,194.79676177750562,0.1442276,0.029502792,IIb_12019249
3.0,0.0,0.0,0.0,0.0,0.1442276,0.029502792,IIb_12019249
6.0,687.645263671875,79.3469467163086,0.0,0.0,0.1442276,0.029502792,IIb_12019249
9.0,412.9425354003906,56.00323486328125,413.5400085449219,76.3155427132224,0.1442276,0.029502792,IIb_12019249
12.0,0.0,0.0,0.0,0.0,0.1442276,0.029502792,IIb_12019249
15.0,0.0,0.0,0.0,0.0,0.1442276,0.029502792,IIb_12019249
18.0,405.3265380859375,144.85870361328125,590.6669311523438,767.3733057029061,0.1442276,0.029502792,IIb_12019249
21.0,0.0,0.0,813.0213623046875,473.48211669921875,0.1442276,0.029502792,IIb_12019249
24.0,525.6365966796875,189.84878540039062,0.0,0.0,0.1442276,0.029502792,IIb_12019249
27.0,0.0,0.0,0.0,0.0,0.1442276,0.029502792,IIb_12019249
30.0,0.0,0.0,0.0,0.0,0.1442276,0.029502792,IIb_12019249
33.0,0.0,0.0,0.0,0.0,0.1442276,0.029502792,IIb_12019249
36.0,0.0,0.0,0.0,0.0,0.1442276,0.029502792,IIb_12019249
39.0,0.0,0.0,0.0,0.0,0.1442276,0.029502792,IIb_12019249
42.0,0.0,0.0,0.0,0.0,0.1442276,0.029502792,IIb_12019249
45.0,0.0,0.0,0.0,0.0,0.1442276,0.029502792,IIb_12019249
48.0,0.0,0.0,0.0,0.0,0.1442276,0.029502792,IIb_12019249
51.0,98.6427001953125,199.43582153320312,0.0,0.0,0.1442276,0.029502792,IIb_12019249
54.0,0.0,0.0,0.0,0.0,0.1442276,0.029502792,IIb_12019249
57.0,0.0,0.0,0.0,0.0,0.1442276,0.029502792,IIb_12019249
60.0,0.0,0.0,0.0,0.0,0.1442276,0.029502792,IIb_12019249
63.0,0.0,0.0,0.0,0.0,0.1442276,0.029502792,IIb_12019249
66.0,0.0,0.0,0.0,0.0,0.1442276,0.029502792,IIb_12019249
69.0,0.0,0.0,0.0,0.0,0.1442276,0.029502792,IIb_12019249
