relative_time,g_flux,g_uncert,r_flux,r_uncert,redshift,mwebv,id
-30.0,0.0,0.0,0.0,0.0,0.1171629,0.018218752,IIb_16348739
-27.0,0.0,0.0,0.0,0.0,0.1171629,0.018218752,IIb_16348739
-24.0,0.0,0.0,0.0,0.0,0.1171629,0.018218752,IIb_16348739
-21.0,0.0,0.0,0.0,0.0,0.1171629,0.018218752,IIb_16348739
-18.0,0.0,0.0,0.0,0.0,0.1171629,0.018218752,IIb_16348739
-15.0,0.0,0.0,0.0,0.0,0.1171629,0.018218752,IIb_16348739
-12.0,0.0,0.0,0.0,0.0,0.1171629,0.018218752,IIb_16348739
-9.0,0.0,0.0,0.0,0.0,0.1171629,0.018218752,IIb_16348739
-6.0,0.0,0.0,0.0,0.0,0.1171629,0.018218752,IIb_16348739
-3.0,3250.3916015625,137.82659912109375,0.0,0.0,0.1171629,0.018218752,IIb_16348739
0.0,1409.6265869140625,76.55681610107422,1632.1505126953125,89.47582535404356,0.1171629,0.018218752,IIb_16348739
3.0,0.0,0.0,0.0,0.0,0.1171629,0.018218752,IIb_16348739
6.0,0.0,0.0,4873.86962890625,256.0205383300781,0.1171629,0.018218752,IIb_16348739
9.0,0.0,0.0,0.0,0.0,0.1171629,0.018218752,IIb_16348739
12.0,3454.967041015625,354.3296813964844,0.0,0.0,0.1171629,0.018218752,IIb_16348739
15.0,0.0,0.0,0.0,0.0,0.1171629,0.018218752,IIb_16348739
18.0,0.0,0.0,0.0,0.0,0.1171629,0.018218752,IIb_16348739
21.0,0.0,0.0,0.0,0.0,0.1171629,0.018218752,IIb_16348739
24.0,0.0,0.0,0.0,0.0,0.1171629,0.018218752,IIb_16348739
27.0,0.0,0.0,0.0,0.0,0.1171629,0.018218752,IIb_16348739
30.0,0.0,0.0,0.0,0.0,0.1171629,0.018218752,IIb_16348739
33.0,0.0,0.0,2270.48486328125,106.73857116699219,0.1171629,0.018218752,IIb_16348739
36.0,565.192138671875,114.46121978759766,1179.7369384765625,190.4058289211873,0.1171629,0.018218752,IIb_16348739
39.0,337.3449401855469,129.47412109375,739.181884765625,312.0793379571305,0.1171629,0.018218752,IIb_16348739
42.0,0.0,0.0,0.0,0.0,0.1171629,0.018218752,IIb_16348739
45.0,0.0,0.0,0.0,0.0,0.1171629,0.018218752,IIb_16348739
48.0,0.0,0.0,0.0,0.0,0.1171629,0.018218752,IIb_16348739
51.0,0.0,0.0,0.0,0.0,0.1171629,0.018218752,IIb_16348739
54.0,0.0,0.0,0.0,0.0,0.1171629,0.018218752,IIb_16348739
57.0,0.0,0.0,0.0,0.0,0.1171629,0.018218752,IIb_16348739
60.0,0.0,0.0,0.0,0.0,0.1171629,0.018218752,IIb_16348739
63.0,0.0,0.0,0.0,0.0,0.1171629,0.018218752,IIb_16348739
66.0,0.0,0.0,0.0,0.0,0.1171629,0.018218752,IIb_16348739
69.0,0.0,0.0,0.0,0.0,0.1171629,0.018218752,IIb_16348739
