relative_time,g_flux,g_uncert,r_flux,r_uncert,redshift,mwebv,id
-30.0,0.0,0.0,0.0,0.0,0.06263,0.011672138,IIb_37185785
-27.0,7.78573751449585,33.68483829498291,52.76812553405762,82.39840795353489,0.06263,0.011672138,IIb_37185785
-24.0,11.308568000793457,42.24788284301758,38.47416305541992,63.72769654582747,0.06263,0.011672138,IIb_37185785
-21.0,0.0,0.0,0.0,0.0,0.06263,0.011672138,IIb_37185785
-18.0,0.0,0.0,0.0,0.0,0.06263,0.011672138,IIb_37185785
-15.0,0.0,0.0,0.0,0.0,0.06263,0.011672138,IIb_37185785
-12.0,0.0,0.0,0.0,0.0,0.06263,0.011672138,IIb_37185785
-9.0,0.0,0.0,0.0,0.0,0.06263,0.011672138,IIb_37185785
-6.0,0.0,0.0,0.0,0.0,0.06263,0.011672138,IIb_37185785
-3.0,1983.4521484375,86.99101257324219,0.0,0.0,0.06263,0.011672138,IIb_37185785
0.0,1229.9293212890625,91.0947494506836,0.0,0.0,0.06263,0.011672138,IIb_37185785
3.0,0.0,0.0,0.0,0.0,0.06263,0.011672138,IIb_37185785
6.0,217.1956787109375,57.790748596191406,759.6253662109375,89.94299855602729,0.06263,0.011672138,IIb_37185785
9.0,0.0,0.0,0.0,0.0,0.06263,0.011672138,IIb_37185785
12.0,0.0,0.0,0.0,0.0,0.06263,0.011672138,IIb_37185785
15.0,0.0,0.0,0.0,0.0,0.06263,0.011672138,IIb_37185785
18.0,0.0,0.0,0.0,0.0,0.06263,0.011672138,IIb_37185785
21.0,0.0,0.0,0.0,0.0,0.06263,0.011672138,IIb_37185785
24.0,0.0,0.0,0.0,0.0,0.06263,0.011672138,IIb_37185785
27.0,0.0,0.0,0.0,0.0,0.06263,0.011672138,IIb_37185785
30.0,0.0,0.0,0.0,0.0,0.06263,0.011672138,IIb_37185785
33.0,0.0,0.0,0.0,0.0,0.06263,0.011672138,IIb_37185785
36.0,0.0,0.0,0.0,0.0,0.06263,0.011672138,IIb_37185785
39.0,0.0,0.0,0.0,0.0,0.06263,0.011672138,IIb_37185785
42.0,0.0,0.0,0.0,0.0,0.06263,0.011672138,IIb_37185785
45.0,0.0,0.0,0.0,0.0,0.06263,0.011672138,IIb_37185785
48.0,0.0,0.0,0.0,0.0,0.06263,0.011672138,IIb_37185785
51.0,0.0,0.0,0.0,0.0,0.06263,0.011672138,IIb_37185785
54.0,0.0,0.0,0.0,0.0,0.06263,0.011672138,IIb_37185785
57.0,0.0,0.0,0.0,0.0,0.06263,0.011672138,IIb_37185785
60.0,0.0,0.0,281.4237976074219,111.45243835449219,0.06263,0.011672138,IIb_37185785
63.0,356.31585693359375,578.6390991210938,0.0,0.0,0.06263,0.011672138,IIb_37185785
66.0,73.4959716796875,36.16885757446289,187.76547241210938,68.48418082039835,0.06263,0.011672138,IIb_37185785
69.0,46.612491607666016,33.505409240722656,181.86968994140625,60.1590655626961,0.06263,0.011672138,IIb_37185785
