relative_time,g_flux,g_uncert,r_flux,r_uncert,redshift,mwebv,id
-30.0,0.0,0.0,-124.51250457763672,85.50520324707031,0.38739923,0.01753927,IIb_38312137
-27.0,0.0,0.0,130.3594207763672,76.4856185913086,0.38739923,0.01753927,IIb_38312137
-24.0,7.013867378234863,56.205020904541016,0.0,0.0,0.38739923,0.01753927,IIb_38312137
-21.0,0.0,0.0,0.0,0.0,0.38739923,0.01753927,IIb_38312137
-18.0,0.0,0.0,-21.740589141845703,93.69117080353209,0.38739923,0.01753927,IIb_38312137
-15.0,0.0,0.0,0.0,0.0,0.38739923,0.01753927,IIb_38312137
-12.0,-65.50146484375,230.31082153320312,0.0,0.0,0.38739923,0.01753927,IIb_38312137
-9.0,0.0,0.0,-11.24508285522461,103.81825256347656,0.38739923,0.01753927,IIb_38312137
-6.0,9.414944648742676,49.65209197998047,0.0,0.0,0.38739923,0.01753927,IIb_38312137
-3.0,77.67447916666667,24.605679829915363,34.782752990722656,78.0733115975114,0.38739923,0.01753927,IIb_38312137
0.0,537.2572021484375,58.96760559082031,557.0641479492188,55.925828006066986,0.38739923,0.01753927,IIb_38312137
3.0,695.5372314453125,94.94465637207031,0.0,0.0,0.38739923,0.01753927,IIb_38312137
6.0,145.8377685546875,86.71511840820312,172.14820861816406,132.2149631898864,0.38739923,0.01753927,IIb_38312137
9.0,0.0,0.0,0.0,0.0,0.38739923,0.01753927,IIb_38312137
12.0,0.0,0.0,0.0,0.0,0.38739923,0.01753927,IIb_38312137
15.0,0.0,0.0,0.0,0.0,0.38739923,0.01753927,IIb_38312137
18.0,0.0,0.0,0.0,0.0,0.38739923,0.01753927,IIb_38312137
21.0,0.0,0.0,0.0,0.0,0.38739923,0.01753927,IIb_38312137
24.0,0.0,0.0,0.0,0.0,0.38739923,0.01753927,IIb_38312137
27.0,0.0,0.0,0.0,0.0,0.38739923,0.01753927,IIb_38312137
30.0,0.0,0.0,0.0,0.0,0.38739923,0.01753927,IIb_38312137
33.0,0.0,0.0,0.0,0.0,0.38739923,0.01753927,IIb_38312137
36.0,0.0,0.0,0.0,0.0,0.38739923,0.01753927,IIb_38312137
39.0,0.0,0.0,0.0,0.0,0.38739923,0.01753927,IIb_38312137
42.0,0.0,0.0,0.0,0.0,0.38739923,0.01753927,IIb_38312137
45.0,0.0,0.0,0.0,0.0,0.38739923,0.01753927,IIb_38312137
48.0,0.0,0.0,0.0,0.0,0.38739923,0.01753927,IIb_38312137
51.0,0.0,0.0,0.0,0.0,0.38739923,0.01753927,IIb_38312137
54.0,0.0,0.0,0.0,0.0,0.38739923,0.01753927,IIb_38312137
57.0,0.0,0.0,0.0,0.0,0.38739923,0.01753927,IIb_38312137
60.0,0.0,0.0,0.0,0.0,0.38739923,0.01753927,IIb_38312137
63.0,0.0,0.0,0.0,0.0,0.38739923,0.01753927,IIb_38312137
66.0,0.0,0.0,0.0,0.0,0.38739923,0.01753927,IIb_38312137
69.0,0.0,0.0,0.0,0.0,0.38739923,0.01753927,IIb_38312137
