relative_time,g_flux,g_uncert,r_flux,r_uncert,redshift,mwebv,id
-30.0,77.06184387207031,51.86670684814453,8.93329906463623,54.49775521120436,0.13866727,0.05684396,IIb_21519534
-27.0,0.0,0.0,0.0,0.0,0.13866727,0.05684396,IIb_21519534
-24.0,0.0,0.0,0.0,0.0,0.13866727,0.05684396,IIb_21519534
-21.0,0.0,0.0,0.0,0.0,0.13866727,0.05684396,IIb_21519534
-18.0,0.0,0.0,0.0,0.0,0.13866727,0.05684396,IIb_21519534
-15.0,0.0,0.0,0.0,0.0,0.13866727,0.05684396,IIb_21519534
-12.0,0.0,0.0,0.0,0.0,0.13866727,0.05684396,IIb_21519534
-9.0,0.0,0.0,0.0,0.0,0.13866727,0.05684396,IIb_21519534
-6.0,0.0,0.0,0.0,0.0,0.13866727,0.05684396,IIb_21519534
-3.0,0.0,0.0,0.0,0.0,0.13866727,0.05684396,IIb_21519534
0.0,852.8856506347656,100.82661056518555,855.4579162597656,139.59177880680392,0.13866727,0.05684396,IIb_21519534
3.0,1410.46337890625,213.05384826660156,0.0,0.0,0.13866727,0.05684396,IIb_21519534
6.0,665.2958374023438,108.66583251953125,0.0,0.0,0.13866727,0.05684396,IIb_21519534
9.0,80.2378412246704,147.16663208007813,310.3052459716797,174.31649631471217,0.13866727,0.05684396,IIb_21519534
12.0,0.0,0.0,0.0,0.0,0.13866727,0.05684396,IIb_21519534
15.0,0.0,0.0,0.0,0.0,0.13866727,0.05684396,IIb_21519534
18.0,0.0,0.0,0.0,0.0,0.13866727,0.05684396,IIb_21519534
21.0,0.0,0.0,0.0,0.0,0.13866727,0.05684396,IIb_21519534
24.0,0.0,0.0,0.0,0.0,0.13866727,0.05684396,IIb_21519534
27.0,0.0,0.0,0.0,0.0,0.13866727,0.05684396,IIb_21519534
30.0,-439.77630615234375,848.2389526367188,0.0,0.0,0.13866727,0.05684396,IIb_21519534
33.0,0.0,0.0,0.0,0.0,0.13866727,0.05684396,IIb_21519534
36.0,0.0,0.0,0.0,0.0,0.13866727,0.05684396,IIb_21519534
39.0,0.0,0.0,0.0,0.0,0.13866727,0.05684396,IIb_21519534
42.0,0.0,0.0,0.0,0.0,0.13866727,0.05684396,IIb_21519534
45.0,0.0,0.0,0.0,0.0,0.13866727,0.05684396,IIb_21519534
48.0,0.0,0.0,0.0,0.0,0.13866727,0.05684396,IIb_21519534
51.0,0.0,0.0,0.0,0.0,0.13866727,0.05684396,IIb_21519534
54.0,0.0,0.0,0.0,0.0,0.13866727,0.05684396,IIb_21519534
57.0,0.0,0.0,0.0,0.0,0.13866727,0.05684396,IIb_21519534
60.0,0.0,0.0,0.0,0.0,0.13866727,0.05684396,IIb_21519534
63.0,0.0,0.0,0.0,0.0,0.13866727,0.05684396,IIb_21519534
66.0,0.0,0.0,0.0,0.0,0.13866727,0.05684396,IIb_21519534
69.0,0.0,0.0,0.0,0.0,0.13866727,0.05684396,IIb_21519534
