relative_time,g_flux,g_uncert,r_flux,r_uncert,redshift,mwebv,id
-30.0,0.0,0.0,0.0,0.0,0.1417441,0.020781448,IIb_29159612
-27.0,-119.58321380615234,124.9737777709961,0.0,0.0,0.1417441,0.020781448,IIb_29159612
-24.0,0.0,0.0,0.0,0.0,0.1417441,0.020781448,IIb_29159612
-21.0,0.0,0.0,0.0,0.0,0.1417441,0.020781448,IIb_29159612
-18.0,72.40772247314453,27.942455291748047,52.81159210205078,111.40032732779204,0.1417441,0.020781448,IIb_29159612
-15.0,44.07969665527344,37.46330261230469,193.00814819335938,93.06077205665004,0.1417441,0.020781448,IIb_29159612
-12.0,0.0,0.0,0.0,0.0,0.1417441,0.020781448,IIb_29159612
-9.0,210.90943908691406,37.303924560546875,238.75469970703125,50.272717745421524,0.1417441,0.020781448,IIb_29159612
-6.0,0.0,0.0,0.0,0.0,0.1417441,0.020781448,IIb_29159612
-3.0,0.0,0.0,0.0,0.0,0.1417441,0.020781448,IIb_29159612
0.0,130.7132364908854,15.96215565999349,432.7260335286458,52.000626674434166,0.1417441,0.020781448,IIb_29159612
3.0,0.0,0.0,0.0,0.0,0.1417441,0.020781448,IIb_29159612
6.0,0.0,0.0,0.0,0.0,0.1417441,0.020781448,IIb_29159612
9.0,0.0,0.0,0.0,0.0,0.1417441,0.020781448,IIb_29159612
12.0,0.0,0.0,0.0,0.0,0.1417441,0.020781448,IIb_29159612
15.0,0.0,0.0,0.0,0.0,0.1417441,0.020781448,IIb_29159612
18.0,0.0,0.0,0.0,0.0,0.1417441,0.020781448,IIb_29159612
21.0,0.0,0.0,0.0,0.0,0.1417441,0.020781448,IIb_29159612
24.0,0.0,0.0,0.0,0.0,0.1417441,0.020781448,IIb_29159612
27.0,0.0,0.0,0.0,0.0,0.1417441,0.020781448,IIb_29159612
30.0,0.0,0.0,0.0,0.0,0.1417441,0.020781448,IIb_29159612
33.0,0.0,0.0,0.0,0.0,0.1417441,0.020781448,IIb_29159612
36.0,0.0,0.0,0.0,0.0,0.1417441,0.020781448,IIb_29159612
39.0,0.0,0.0,0.0,0.0,0.1417441,0.020781448,IIb_29159612
42.0,0.0,0.0,0.0,0.0,0.1417441,0.020781448,IIb_29159612
45.0,0.0,0.0,0.0,0.0,0.1417441,0.020781448,IIb_29159612
48.0,0.0,0.0,0.0,0.0,0.1417441,0.020781448,IIb_29159612
51.0,0.0,0.0,0.0,0.0,0.1417441,0.020781448,IIb_29159612
54.0,0.0,0.0,0.0,0.0,0.1417441,0.020781448,IIb_29159612
57.0,0.0,0.0,0.0,0.0,0.1417441,0.020781448,IIb_29159612
60.0,0.0,0.0,0.0,0.0,0.1417441,0.020781448,IIb_29159612
63.0,0.0,0.0,0.0,0.0,0.1417441,0.020781448,IIb_29159612
66.0,0.0,0.0,0.0,0.0,0.1417441,0.020781448,IIb_29159612
69.0,0.0,0.0,0.0,0.0,0.1417441,0.020781448,IIb_29159612
