relative_time,g_flux,g_uncert,r_flux,r_uncert,redshift,mwebv,id
-30.0,0.0,0.0,0.0,0.0,0.0351342,0.05953058,IIb_20462790
-27.0,-47.14367167154948,277.4944254557292,233.68043200174967,403.28308826137203,0.0351342,0.05953058,IIb_20462790
-24.0,-240.35171508789062,232.6556854248047,-19.621137619018555,177.72702108816137,0.0351342,0.05953058,IIb_20462790
-21.0,-112.8016357421875,99.37214660644531,584.5525512695312,394.07905956467187,0.0351342,0.05953058,IIb_20462790
-18.0,0.0,0.0,0.0,0.0,0.0351342,0.05953058,IIb_20462790
-15.0,156.2005844116211,165.74356842041016,0.0,0.0,0.0351342,0.05953058,IIb_20462790
-12.0,0.0,0.0,0.0,0.0,0.0351342,0.05953058,IIb_20462790
-9.0,573.02783203125,123.32664998372395,374.1129557291667,220.9567299055598,0.0351342,0.05953058,IIb_20462790
-6.0,835.2572021484375,181.7109603881836,641.5117492675781,128.91477858281374,0.0351342,0.05953058,IIb_20462790
-3.0,0.0,0.0,0.0,0.0,0.0351342,0.05953058,IIb_20462790
0.0,100.604736328125,431.8191833496094,1064.8492431640625,214.90517560505737,0.0351342,0.05953058,IIb_20462790
3.0,0.0,0.0,0.0,0.0,0.0351342,0.05953058,IIb_20462790
6.0,0.0,0.0,0.0,0.0,0.0351342,0.05953058,IIb_20462790
9.0,0.0,0.0,0.0,0.0,0.0351342,0.05953058,IIb_20462790
12.0,0.0,0.0,0.0,0.0,0.0351342,0.05953058,IIb_20462790
15.0,0.0,0.0,0.0,0.0,0.0351342,0.05953058,IIb_20462790
18.0,0.0,0.0,0.0,0.0,0.0351342,0.05953058,IIb_20462790
21.0,0.0,0.0,0.0,0.0,0.0351342,0.05953058,IIb_20462790
24.0,0.0,0.0,0.0,0.0,0.0351342,0.05953058,IIb_20462790
27.0,0.0,0.0,0.0,0.0,0.0351342,0.05953058,IIb_20462790
30.0,0.0,0.0,0.0,0.0,0.0351342,0.05953058,IIb_20462790
33.0,0.0,0.0,0.0,0.0,0.0351342,0.05953058,IIb_20462790
36.0,0.0,0.0,0.0,0.0,0.0351342,0.05953058,IIb_20462790
39.0,0.0,0.0,0.0,0.0,0.0351342,0.05953058,IIb_20462790
42.0,0.0,0.0,0.0,0.0,0.0351342,0.05953058,IIb_20462790
45.0,0.0,0.0,0.0,0.0,0.0351342,0.05953058,IIb_20462790
48.0,0.0,0.0,0.0,0.0,0.0351342,0.05953058,IIb_20462790
51.0,0.0,0.0,0.0,0.0,0.0351342,0.05953058,IIb_20462790
54.0,0.0,0.0,0.0,0.0,0.0351342,0.05953058,IIb_20462790
57.0,0.0,0.0,0.0,0.0,0.0351342,0.05953058,IIb_20462790
60.0,0.0,0.0,0.0,0.0,0.0351342,0.05953058,IIb_20462790
63.0,0.0,0.0,0.0,0.0,0.0351342,0.05953058,IIb_20462790
66.0,0.0,0.0,0.0,0.0,0.0351342,0.05953058,IIb_20462790
69.0,0.0,0.0,0.0,0.0,0.0351342,0.05953058,IIb_20462790
