relative_time,g_flux,g_uncert,r_flux,r_uncert,redshift,mwebv,id
-30.0,0.0,0.0,0.0,0.0,0.06693309,0.033886667,IIn_12632027
-27.0,0.0,0.0,0.0,0.0,0.06693309,0.033886667,IIn_12632027
-24.0,0.0,0.0,0.0,0.0,0.06693309,0.033886667,IIn_12632027
-21.0,0.0,0.0,0.0,0.0,0.06693309,0.033886667,IIn_12632027
-18.0,0.0,0.0,0.0,0.0,0.06693309,0.033886667,IIn_12632027
-15.0,0.0,0.0,0.0,0.0,0.06693309,0.033886667,IIn_12632027
-12.0,0.0,0.0,0.0,0.0,0.06693309,0.033886667,IIn_12632027
-9.0,0.0,0.0,0.0,0.0,0.06693309,0.033886667,IIn_12632027
-6.0,0.0,0.0,0.0,0.0,0.06693309,0.033886667,IIn_12632027
-3.0,3489.892822265625,137.3162841796875,0.0,0.0,0.06693309,0.033886667,IIn_12632027
0.0,2947.657470703125,137.65890502929688,0.0,0.0,0.06693309,0.033886667,IIn_12632027
3.0,0.0,0.0,2650.985107421875,181.3894805908203,0.06693309,0.033886667,IIn_12632027
6.0,0.0,0.0,0.0,0.0,0.06693309,0.033886667,IIn_12632027
9.0,2018.6654052734375,421.99578857421875,0.0,0.0,0.06693309,0.033886667,IIn_12632027
12.0,0.0,0.0,0.0,0.0,0.06693309,0.033886667,IIn_12632027
15.0,921.1132202148438,41.60960006713867,1220.925537109375,76.43264216842591,0.06693309,0.033886667,IIn_12632027
18.0,1607.9256591796875,118.83043670654297,0.0,0.0,0.06693309,0.033886667,IIn_12632027
21.0,1367.2457275390625,66.3743667602539,0.0,0.0,0.06693309,0.033886667,IIn_12632027
24.0,0.0,0.0,0.0,0.0,0.06693309,0.033886667,IIn_12632027
27.0,0.0,0.0,0.0,0.0,0.06693309,0.033886667,IIn_12632027
30.0,0.0,0.0,0.0,0.0,0.06693309,0.033886667,IIn_12632027
33.0,575.0011596679688,548.2108764648438,0.0,0.0,0.06693309,0.033886667,IIn_12632027
36.0,0.0,0.0,0.0,0.0,0.06693309,0.033886667,IIn_12632027
39.0,0.0,0.0,0.0,0.0,0.06693309,0.033886667,IIn_12632027
42.0,0.0,0.0,0.0,0.0,0.06693309,0.033886667,IIn_12632027
45.0,0.0,0.0,0.0,0.0,0.06693309,0.033886667,IIn_12632027
48.0,196.00946044921875,49.64474105834961,667.4241943359375,71.44991630844686,0.06693309,0.033886667,IIn_12632027
51.0,0.0,0.0,0.0,0.0,0.06693309,0.033886667,IIn_12632027
54.0,0.0,0.0,0.0,0.0,0.06693309,0.033886667,IIn_12632027
57.0,0.0,0.0,0.0,0.0,0.06693309,0.033886667,IIn_12632027
60.0,0.0,0.0,0.0,0.0,0.06693309,0.033886667,IIn_12632027
63.0,0.0,0.0,1164.620361328125,141.88546752929688,0.06693309,0.033886667,IIn_12632027
66.0,0.0,0.0,978.6392822265625,130.33595275878906,0.06693309,0.033886667,IIn_12632027
69.0,0.0,0.0,0.0,0.0,0.06693309,0.033886667,IIn_12632027
