relative_time,g_flux,g_uncert,r_flux,r_uncert,redshift,mwebv,id
-30.0,0.0,0.0,0.0,0.0,0.17064588,0.023850167,IIn_10873941
-27.0,0.0,0.0,0.0,0.0,0.17064588,0.023850167,IIn_10873941
-24.0,0.0,0.0,0.0,0.0,0.17064588,0.023850167,IIn_10873941
-21.0,0.0,0.0,0.0,0.0,0.17064588,0.023850167,IIn_10873941
-18.0,0.0,0.0,0.0,0.0,0.17064588,0.023850167,IIn_10873941
-15.0,72.86334991455078,224.35910034179688,433.8847961425781,80.33321498693333,0.17064588,0.023850167,IIn_10873941
-12.0,396.18634033203125,204.9473419189453,464.93603515625,315.96991421752074,0.17064588,0.023850167,IIn_10873941
-9.0,0.0,0.0,0.0,0.0,0.17064588,0.023850167,IIn_10873941
-6.0,0.0,0.0,0.0,0.0,0.17064588,0.023850167,IIn_10873941
-3.0,0.0,0.0,0.0,0.0,0.17064588,0.023850167,IIn_10873941
0.0,294.2375793457031,26.92959976196289,300.2009582519531,56.90494582709581,0.17064588,0.023850167,IIn_10873941
3.0,0.0,0.0,0.0,0.0,0.17064588,0.023850167,IIn_10873941
6.0,0.0,0.0,0.0,0.0,0.17064588,0.023850167,IIn_10873941
9.0,0.0,0.0,0.0,0.0,0.17064588,0.023850167,IIn_10873941
12.0,0.0,0.0,0.0,0.0,0.17064588,0.023850167,IIn_10873941
15.0,0.0,0.0,0.0,0.0,0.17064588,0.023850167,IIn_10873941
18.0,0.0,0.0,0.0,0.0,0.17064588,0.023850167,IIn_10873941
21.0,0.0,0.0,0.0,0.0,0.17064588,0.023850167,IIn_10873941
24.0,0.0,0.0,0.0,0.0,0.17064588,0.023850167,IIn_10873941
27.0,0.0,0.0,0.0,0.0,0.17064588,0.023850167,IIn_10873941
30.0,0.0,0.0,0.0,0.0,0.17064588,0.023850167,IIn_10873941
33.0,0.0,0.0,0.0,0.0,0.17064588,0.023850167,IIn_10873941
36.0,0.0,0.0,0.0,0.0,0.17064588,0.023850167,IIn_10873941
39.0,0.0,0.0,0.0,0.0,0.17064588,0.023850167,IIn_10873941
42.0,0.0,0.0,0.0,0.0,0.17064588,0.023850167,IIn_10873941
45.0,0.0,0.0,0.0,0.0,0.17064588,0.023850167,IIn_10873941
48.0,0.0,0.0,0.0,0.0,0.17064588,0.023850167,IIn_10873941
51.0,0.0,0.0,0.0,0.0,0.17064588,0.023850167,IIn_10873941
54.0,0.0,0.0,0.0,0.0,0.17064588,0.023850167,IIn_10873941
57.0,0.0,0.0,0.0,0.0,0.17064588,0.023850167,IIn_10873941
60.0,0.0,0.0,0.0,0.0,0.17064588,0.023850167,IIn_10873941
63.0,0.0,0.0,0.0,0.0,0.17064588,0.023850167,IIn_10873941
66.0,0.0,0.0,0.0,0.0,0.17064588,0.023850167,IIn_10873941
69.0,0.0,0.0,0.0,0.0,0.17064588,0.023850167,IIn_10873941
