relative_time,g_flux,g_uncert,r_flux,r_uncert,redshift,mwebv,id
-30.0,0.0,0.0,0.0,0.0,0.07714639,0.06164186,IIn_35073836
-27.0,0.0,0.0,96.16039276123047,60.35285949707031,0.07714639,0.06164186,IIn_35073836
-24.0,50.02913284301758,75.76155090332031,0.0,0.0,0.07714639,0.06164186,IIn_35073836
-21.0,0.0,0.0,0.0,0.0,0.07714639,0.06164186,IIn_35073836
-18.0,0.0,0.0,32.830881118774414,68.12303522794163,0.07714639,0.06164186,IIn_35073836
-15.0,0.0,0.0,0.0,0.0,0.07714639,0.06164186,IIn_35073836
-12.0,0.0,0.0,786.0701293945312,271.18194580078125,0.07714639,0.06164186,IIn_35073836
-9.0,0.0,0.0,0.0,0.0,0.07714639,0.06164186,IIn_35073836
-6.0,252.4099884033203,467.2792053222656,131.5212860107422,113.66648864746094,0.07714639,0.06164186,IIn_35073836
-3.0,0.0,0.0,0.0,0.0,0.07714639,0.06164186,IIn_35073836
0.0,271.317626953125,49.04028828938802,775.4527587890625,66.78292580511213,0.07714639,0.06164186,IIn_35073836
3.0,0.0,0.0,0.0,0.0,0.07714639,0.06164186,IIn_35073836
6.0,0.0,0.0,0.0,0.0,0.07714639,0.06164186,IIn_35073836
9.0,0.0,0.0,0.0,0.0,0.07714639,0.06164186,IIn_35073836
12.0,1308.287841796875,123.25647735595703,0.0,0.0,0.07714639,0.06164186,IIn_35073836
15.0,1382.4219970703125,227.84979248046875,0.0,0.0,0.07714639,0.06164186,IIn_35073836
18.0,1429.34033203125,318.429443359375,0.0,0.0,0.07714639,0.06164186,IIn_35073836
21.0,1416.640380859375,187.9374542236328,0.0,0.0,0.07714639,0.06164186,IIn_35073836
24.0,1625.4071044921875,301.8179931640625,0.0,0.0,0.07714639,0.06164186,IIn_35073836
27.0,1621.36962890625,108.78966522216797,0.0,0.0,0.07714639,0.06164186,IIn_35073836
30.0,0.0,0.0,0.0,0.0,0.07714639,0.06164186,IIn_35073836
33.0,0.0,0.0,0.0,0.0,0.07714639,0.06164186,IIn_35073836
36.0,1748.5177001953125,127.05836486816406,0.0,0.0,0.07714639,0.06164186,IIn_35073836
39.0,0.0,0.0,0.0,0.0,0.07714639,0.06164186,IIn_35073836
42.0,0.0,0.0,0.0,0.0,0.07714639,0.06164186,IIn_35073836
45.0,0.0,0.0,0.0,0.0,0.07714639,0.06164186,IIn_35073836
48.0,0.0,0.0,0.0,0.0,0.07714639,0.06164186,IIn_35073836
51.0,0.0,0.0,0.0,0.0,0.07714639,0.06164186,IIn_35073836
54.0,0.0,0.0,0.0,0.0,0.07714639,0.06164186,IIn_35073836
57.0,0.0,0.0,0.0,0.0,0.07714639,0.06164186,IIn_35073836
60.0,0.0,0.0,0.0,0.0,0.07714639,0.06164186,IIn_35073836
63.0,0.0,0.0,0.0,0.0,0.07714639,0.06164186,IIn_35073836
66.0,0.0,0.0,0.0,0.0,0.07714639,0.06164186,IIn_35073836
69.0,0.0,0.0,0.0,0.0,0.07714639,0.06164186,IIn_35073836
