relative_time,g_flux,g_uncert,r_flux,r_uncert,redshift,mwebv,id
-30.0,0.0,0.0,0.0,0.0,0.068581745,0.00915315,IIn_13762617
-27.0,-14.622537851333618,28.131888389587402,21.466904520988464,72.47783486046295,0.068581745,0.00915315,IIn_13762617
-24.0,0.0,0.0,0.0,0.0,0.068581745,0.00915315,IIn_13762617
-21.0,-72.07577514648438,72.07080078125,0.0,0.0,0.068581745,0.00915315,IIn_13762617
-18.0,0.0,0.0,0.0,0.0,0.068581745,0.00915315,IIn_13762617
-15.0,0.0,0.0,36.60964298248291,129.52549511983742,0.068581745,0.00915315,IIn_13762617
-12.0,0.0,0.0,-220.47894287109375,130.7901611328125,0.068581745,0.00915315,IIn_13762617
-9.0,224.1845703125,98.77144622802734,135.3946990966797,102.930852707619,0.068581745,0.00915315,IIn_13762617
-6.0,0.0,0.0,0.0,0.0,0.068581745,0.00915315,IIn_13762617
-3.0,1895.3762817382812,69.33354187011719,0.0,0.0,0.068581745,0.00915315,IIn_13762617
0.0,1271.9558715820312,37.06902885437012,1151.1876220703125,60.92533936526967,0.068581745,0.00915315,IIn_13762617
3.0,0.0,0.0,0.0,0.0,0.068581745,0.00915315,IIn_13762617
6.0,0.0,0.0,0.0,0.0,0.068581745,0.00915315,IIn_13762617
9.0,1759.1793212890625,114.92536926269531,0.0,0.0,0.068581745,0.00915315,IIn_13762617
12.0,1749.8529052734375,156.08670043945312,0.0,0.0,0.068581745,0.00915315,IIn_13762617
15.0,0.0,0.0,1503.5001220703125,145.98941040039062,0.068581745,0.00915315,IIn_13762617
18.0,0.0,0.0,0.0,0.0,0.068581745,0.00915315,IIn_13762617
21.0,0.0,0.0,0.0,0.0,0.068581745,0.00915315,IIn_13762617
24.0,0.0,0.0,0.0,0.0,0.068581745,0.00915315,IIn_13762617
27.0,0.0,0.0,452.8157653808594,114.66284656846899,0.068581745,0.00915315,IIn_13762617
30.0,0.0,0.0,0.0,0.0,0.068581745,0.00915315,IIn_13762617
33.0,0.0,0.0,0.0,0.0,0.068581745,0.00915315,IIn_13762617
36.0,0.0,0.0,0.0,0.0,0.068581745,0.00915315,IIn_13762617
39.0,0.0,0.0,0.0,0.0,0.068581745,0.00915315,IIn_13762617
42.0,0.0,0.0,0.0,0.0,0.068581745,0.00915315,IIn_13762617
45.0,0.0,0.0,0.0,0.0,0.068581745,0.00915315,IIn_13762617
48.0,0.0,0.0,0.0,0.0,0.068581745,0.00915315,IIn_13762617
51.0,0.0,0.0,0.0,0.0,0.068581745,0.00915315,IIn_13762617
54.0,0.0,0.0,0.0,0.0,0.068581745,0.00915315,IIn_13762617
57.0,0.0,0.0,0.0,0.0,0.068581745,0.00915315,IIn_13762617
60.0,0.0,0.0,0.0,0.0,0.068581745,0.00915315,IIn_13762617
63.0,0.0,0.0,0.0,0.0,0.068581745,0.00915315,IIn_13762617
66.0,0.0,0.0,0.0,0.0,0.068581745,0.00915315,IIn_13762617
69.0,0.0,0.0,0.0,0.0,0.068581745,0.00915315,IIn_13762617
