relative_time,g_flux,g_uncert,r_flux,r_uncert,redshift,mwebv,id
-30.0,0.0,0.0,0.0,0.0,0.24444455,0.019184614,IIn_551429
-27.0,0.0,0.0,0.0,0.0,0.24444455,0.019184614,IIn_551429
-24.0,0.0,0.0,0.0,0.0,0.24444455,0.019184614,IIn_551429
-21.0,0.0,0.0,0.0,0.0,0.24444455,0.019184614,IIn_551429
-18.0,0.0,0.0,0.0,0.0,0.24444455,0.019184614,IIn_551429
-15.0,0.0,0.0,0.0,0.0,0.24444455,0.019184614,IIn_551429
-12.0,0.0,0.0,-122.36544799804688,170.29132080078125,0.24444455,0.019184614,IIn_551429
-9.0,-42.482147216796875,110.16645812988281,0.0,0.0,0.24444455,0.019184614,IIn_551429
-6.0,0.0,0.0,320.6217498779297,105.81893904307012,0.24444455,0.019184614,IIn_551429
-3.0,542.0960083007812,72.59701156616211,0.0,0.0,0.24444455,0.019184614,IIn_551429
0.0,357.59214782714844,37.10602569580078,309.45884704589844,65.43197032071153,0.24444455,0.019184614,IIn_551429
3.0,0.0,0.0,0.0,0.0,0.24444455,0.019184614,IIn_551429
6.0,0.0,0.0,542.604248046875,140.30823017171528,0.24444455,0.019184614,IIn_551429
9.0,618.2944030761719,130.80642890930176,0.0,0.0,0.24444455,0.019184614,IIn_551429
12.0,0.0,0.0,0.0,0.0,0.24444455,0.019184614,IIn_551429
15.0,0.0,0.0,396.1843719482422,83.40167135696582,0.24444455,0.019184614,IIn_551429
18.0,0.0,0.0,0.0,0.0,0.24444455,0.019184614,IIn_551429
21.0,0.0,0.0,0.0,0.0,0.24444455,0.019184614,IIn_551429
24.0,0.0,0.0,0.0,0.0,0.24444455,0.019184614,IIn_551429
27.0,0.0,0.0,341.15101623535156,220.40295002679795,0.24444455,0.019184614,IIn_551429
30.0,152.41699981689453,112.27574157714844,0.0,0.0,0.24444455,0.019184614,IIn_551429
33.0,61.08232307434082,175.60511016845703,127.57124257087708,164.72921071637683,0.24444455,0.019184614,IIn_551429
36.0,36.00530515398298,61.344744546072825,29.55894579206194,39.0988418082848,0.24444455,0.019184614,IIn_551429
39.0,0.0,0.0,0.0,0.0,0.24444455,0.019184614,IIn_551429
42.0,17.236223220825195,19.882064819335938,-22.45033836364746,77.93073402848188,0.24444455,0.019184614,IIn_551429
45.0,0.0,0.0,0.0,0.0,0.24444455,0.019184614,IIn_551429
48.0,0.0,0.0,0.0,0.0,0.24444455,0.019184614,IIn_551429
51.0,0.0,0.0,0.0,0.0,0.24444455,0.019184614,IIn_551429
54.0,0.0,0.0,0.0,0.0,0.24444455,0.019184614,IIn_551429
57.0,0.0,0.0,0.0,0.0,0.24444455,0.019184614,IIn_551429
60.0,0.0,0.0,0.0,0.0,0.24444455,0.019184614,IIn_551429
63.0,0.0,0.0,0.0,0.0,0.24444455,0.019184614,IIn_551429
66.0,0.0,0.0,0.0,0.0,0.24444455,0.019184614,IIn_551429
69.0,0.0,0.0,0.0,0.0,0.24444455,0.019184614,IIn_551429
