relative_time,g_flux,g_uncert,r_flux,r_uncert,redshift,mwebv,id
-30.0,0.0,0.0,0.0,0.0,0.058745854,0.20780624,IIn_578393
-27.0,0.0,0.0,0.0,0.0,0.058745854,0.20780624,IIn_578393
-24.0,-23.765452067057293,32.295674641927086,0.24401346842447916,97.3033003719097,0.058745854,0.20780624,IIn_578393
-21.0,0.0,0.0,0.0,0.0,0.058745854,0.20780624,IIn_578393
-18.0,0.0,0.0,0.0,0.0,0.058745854,0.20780624,IIn_578393
-15.0,-67.90796947479248,263.74607849121094,0.0,0.0,0.058745854,0.20780624,IIn_578393
-12.0,31.916920979817707,74.6080551147461,-39.332804679870605,144.49573942890797,0.058745854,0.20780624,IIn_578393
-9.0,12.898099899291992,52.88580131530762,-88.2603874206543,155.1938163002608,0.058745854,0.20780624,IIn_578393
-6.0,0.0,0.0,0.0,0.0,0.058745854,0.20780624,IIn_578393
-3.0,0.0,0.0,0.0,0.0,0.058745854,0.20780624,IIn_578393
0.0,1391.664306640625,89.40722274780273,976.7458190917969,157.5501445318102,0.058745854,0.20780624,IIn_578393
3.0,0.0,0.0,0.0,0.0,0.058745854,0.20780624,IIn_578393
6.0,0.0,0.0,0.0,0.0,0.058745854,0.20780624,IIn_578393
9.0,0.0,0.0,0.0,0.0,0.058745854,0.20780624,IIn_578393
12.0,0.0,0.0,0.0,0.0,0.058745854,0.20780624,IIn_578393
15.0,0.0,0.0,0.0,0.0,0.058745854,0.20780624,IIn_578393
18.0,0.0,0.0,0.0,0.0,0.058745854,0.20780624,IIn_578393
21.0,0.0,0.0,0.0,0.0,0.058745854,0.20780624,IIn_578393
24.0,0.0,0.0,0.0,0.0,0.058745854,0.20780624,IIn_578393
27.0,0.0,0.0,0.0,0.0,0.058745854,0.20780624,IIn_578393
30.0,0.0,0.0,0.0,0.0,0.058745854,0.20780624,IIn_578393
33.0,0.0,0.0,0.0,0.0,0.058745854,0.20780624,IIn_578393
36.0,0.0,0.0,0.0,0.0,0.058745854,0.20780624,IIn_578393
39.0,0.0,0.0,0.0,0.0,0.058745854,0.20780624,IIn_578393
42.0,0.0,0.0,0.0,0.0,0.058745854,0.20780624,IIn_578393
45.0,0.0,0.0,0.0,0.0,0.058745854,0.20780624,IIn_578393
48.0,0.0,0.0,0.0,0.0,0.058745854,0.20780624,IIn_578393
51.0,0.0,0.0,0.0,0.0,0.058745854,0.20780624,IIn_578393
54.0,0.0,0.0,0.0,0.0,0.058745854,0.20780624,IIn_578393
57.0,0.0,0.0,0.0,0.0,0.058745854,0.20780624,IIn_578393
60.0,0.0,0.0,0.0,0.0,0.058745854,0.20780624,IIn_578393
63.0,0.0,0.0,0.0,0.0,0.058745854,0.20780624,IIn_578393
66.0,0.0,0.0,0.0,0.0,0.058745854,0.20780624,IIn_578393
69.0,0.0,0.0,0.0,0.0,0.058745854,0.20780624,IIn_578393
