relative_time,g_flux,g_uncert,r_flux,r_uncert,redshift,mwebv,id
-30.0,-374.20928955078125,360.7757263183594,0.0,0.0,0.1774704,0.17014077,IIn_16419030
-27.0,0.0,0.0,0.0,0.0,0.1774704,0.17014077,IIn_16419030
-24.0,0.0,0.0,0.0,0.0,0.1774704,0.17014077,IIn_16419030
-21.0,0.0,0.0,0.0,0.0,0.1774704,0.17014077,IIn_16419030
-18.0,0.0,0.0,13.144380569458008,321.8382263183594,0.1774704,0.17014077,IIn_16419030
-15.0,0.0,0.0,0.0,0.0,0.1774704,0.17014077,IIn_16419030
-12.0,-20.85210609436035,251.23764038085938,257.8290100097656,333.1594625499664,0.1774704,0.17014077,IIn_16419030
-9.0,0.0,0.0,11.899296760559082,171.54856872558594,0.1774704,0.17014077,IIn_16419030
-6.0,409.22576904296875,122.02294921875,467.59527587890625,130.76594239978948,0.1774704,0.17014077,IIn_16419030
-3.0,898.4080200195312,77.25857543945312,484.2914733886719,130.6686742169221,0.1774704,0.17014077,IIn_16419030
0.0,675.8145141601562,75.42353057861328,654.2369384765625,136.7667365123172,0.1774704,0.17014077,IIn_16419030
3.0,1435.7315673828125,174.7044219970703,0.0,0.0,0.1774704,0.17014077,IIn_16419030
6.0,546.4868774414062,121.79386138916016,675.2923583984375,335.0067703841417,0.1774704,0.17014077,IIn_16419030
9.0,699.3533325195312,181.30018615722656,287.9656677246094,257.91504051914944,0.1774704,0.17014077,IIn_16419030
12.0,0.0,0.0,0.0,0.0,0.1774704,0.17014077,IIn_16419030
15.0,0.0,0.0,0.0,0.0,0.1774704,0.17014077,IIn_16419030
18.0,0.0,0.0,0.0,0.0,0.1774704,0.17014077,IIn_16419030
21.0,0.0,0.0,0.0,0.0,0.1774704,0.17014077,IIn_16419030
24.0,0.0,0.0,0.0,0.0,0.1774704,0.17014077,IIn_16419030
27.0,0.0,0.0,0.0,0.0,0.1774704,0.17014077,IIn_16419030
30.0,0.0,0.0,0.0,0.0,0.1774704,0.17014077,IIn_16419030
33.0,0.0,0.0,0.0,0.0,0.1774704,0.17014077,IIn_16419030
36.0,0.0,0.0,0.0,0.0,0.1774704,0.17014077,IIn_16419030
39.0,0.0,0.0,0.0,0.0,0.1774704,0.17014077,IIn_16419030
42.0,0.0,0.0,0.0,0.0,0.1774704,0.17014077,IIn_16419030
45.0,0.0,0.0,0.0,0.0,0.1774704,0.17014077,IIn_16419030
48.0,233.69332885742188,238.4612274169922,0.0,0.0,0.1774704,0.17014077,IIn_16419030
51.0,0.0,0.0,0.0,0.0,0.1774704,0.17014077,IIn_16419030
54.0,0.0,0.0,0.0,0.0,0.1774704,0.17014077,IIn_16419030
57.0,0.0,0.0,0.0,0.0,0.1774704,0.17014077,IIn_16419030
60.0,0.0,0.0,0.0,0.0,0.1774704,0.17014077,IIn_16419030
63.0,0.0,0.0,0.0,0.0,0.1774704,0.17014077,IIn_16419030
66.0,0.0,0.0,0.0,0.0,0.1774704,0.17014077,IIn_16419030
69.0,0.0,0.0,0.0,0.0,0.1774704,0.17014077,IIn_16419030
