relative_time,g_flux,g_uncert,r_flux,r_uncert,redshift,mwebv,id
-30.0,0.0,0.0,0.0,0.0,0.1283009,0.033272255,IIn_13950074
-27.0,0.0,0.0,0.0,0.0,0.1283009,0.033272255,IIn_13950074
-24.0,0.0,0.0,0.0,0.0,0.1283009,0.033272255,IIn_13950074
-21.0,0.0,0.0,0.0,0.0,0.1283009,0.033272255,IIn_13950074
-18.0,0.0,0.0,-224.8212127685547,172.98358334165255,0.1283009,0.033272255,IIn_13950074
-15.0,-144.36264038085938,291.5906677246094,-15.32203483581543,150.8920187914404,0.1283009,0.033272255,IIn_13950074
-12.0,9.09012222290039,101.81636810302734,211.84794235229492,366.35774521797174,0.1283009,0.033272255,IIn_13950074
-9.0,0.0,0.0,-61.89896011352539,65.80463409423828,0.1283009,0.033272255,IIn_13950074
-6.0,0.0,0.0,0.0,0.0,0.1283009,0.033272255,IIn_13950074
-3.0,0.0,0.0,0.0,0.0,0.1283009,0.033272255,IIn_13950074
0.0,356.52557373046875,38.14525604248047,246.6488494873047,47.2763559970215,0.1283009,0.033272255,IIn_13950074
3.0,0.0,0.0,0.0,0.0,0.1283009,0.033272255,IIn_13950074
6.0,0.0,0.0,0.0,0.0,0.1283009,0.033272255,IIn_13950074
9.0,0.0,0.0,0.0,0.0,0.1283009,0.033272255,IIn_13950074
12.0,0.0,0.0,0.0,0.0,0.1283009,0.033272255,IIn_13950074
15.0,0.0,0.0,0.0,0.0,0.1283009,0.033272255,IIn_13950074
18.0,0.0,0.0,0.0,0.0,0.1283009,0.033272255,IIn_13950074
21.0,0.0,0.0,0.0,0.0,0.1283009,0.033272255,IIn_13950074
24.0,0.0,0.0,0.0,0.0,0.1283009,0.033272255,IIn_13950074
27.0,0.0,0.0,0.0,0.0,0.1283009,0.033272255,IIn_13950074
30.0,0.0,0.0,0.0,0.0,0.1283009,0.033272255,IIn_13950074
33.0,0.0,0.0,0.0,0.0,0.1283009,0.033272255,IIn_13950074
36.0,0.0,0.0,0.0,0.0,0.1283009,0.033272255,IIn_13950074
39.0,0.0,0.0,0.0,0.0,0.1283009,0.033272255,IIn_13950074
42.0,0.0,0.0,0.0,0.0,0.1283009,0.033272255,IIn_13950074
45.0,0.0,0.0,0.0,0.0,0.1283009,0.033272255,IIn_13950074
48.0,0.0,0.0,0.0,0.0,0.1283009,0.033272255,IIn_13950074
51.0,0.0,0.0,0.0,0.0,0.1283009,0.033272255,IIn_13950074
54.0,0.0,0.0,0.0,0.0,0.1283009,0.033272255,IIn_13950074
57.0,0.0,0.0,0.0,0.0,0.1283009,0.033272255,IIn_13950074
60.0,0.0,0.0,0.0,0.0,0.1283009,0.033272255,IIn_13950074
63.0,0.0,0.0,0.0,0.0,0.1283009,0.033272255,IIn_13950074
66.0,0.0,0.0,0.0,0.0,0.1283009,0.033272255,IIn_13950074
69.0,0.0,0.0,0.0,0.0,0.1283009,0.033272255,IIn_13950074
