relative_time,g_flux,g_uncert,r_flux,r_uncert,redshift,mwebv,id
-30.0,0.0,0.0,0.0,0.0,0.09101381,0.0152435005,IIn_3368168
-27.0,0.0,0.0,0.0,0.0,0.09101381,0.0152435005,IIn_3368168
-24.0,0.0,0.0,0.0,0.0,0.09101381,0.0152435005,IIn_3368168
-21.0,0.0,0.0,0.0,0.0,0.09101381,0.0152435005,IIn_3368168
-18.0,0.0,0.0,0.0,0.0,0.09101381,0.0152435005,IIn_3368168
-15.0,0.0,0.0,0.0,0.0,0.09101381,0.0152435005,IIn_3368168
-12.0,0.0,0.0,0.0,0.0,0.09101381,0.0152435005,IIn_3368168
-9.0,0.0,0.0,0.0,0.0,0.09101381,0.0152435005,IIn_3368168
-6.0,0.0,0.0,0.0,0.0,0.09101381,0.0152435005,IIn_3368168
-3.0,1524.9722900390625,100.40811157226562,0.0,0.0,0.09101381,0.0152435005,IIn_3368168
0.0,438.8522644042969,53.647361755371094,590.2293090820312,79.507368732374,0.09101381,0.0152435005,IIn_3368168
3.0,0.0,0.0,0.0,0.0,0.09101381,0.0152435005,IIn_3368168
6.0,0.0,0.0,1091.866943359375,127.48829650878906,0.09101381,0.0152435005,IIn_3368168
9.0,0.0,0.0,0.0,0.0,0.09101381,0.0152435005,IIn_3368168
12.0,177.9009246826172,145.3026123046875,277.2779235839844,173.59421846000936,0.09101381,0.0152435005,IIn_3368168
15.0,0.0,0.0,0.0,0.0,0.09101381,0.0152435005,IIn_3368168
18.0,0.0,0.0,489.1907958984375,100.16120910644531,0.09101381,0.0152435005,IIn_3368168
21.0,0.0,0.0,0.0,0.0,0.09101381,0.0152435005,IIn_3368168
24.0,0.0,0.0,0.0,0.0,0.09101381,0.0152435005,IIn_3368168
27.0,0.0,0.0,0.0,0.0,0.09101381,0.0152435005,IIn_3368168
30.0,0.0,0.0,0.0,0.0,0.09101381,0.0152435005,IIn_3368168
33.0,-8.00713062286377,99.17774200439453,0.0,0.0,0.09101381,0.0152435005,IIn_3368168
36.0,121.94586944580078,76.19800567626953,274.8272399902344,332.6674355200032,0.09101381,0.0152435005,IIn_3368168
39.0,0.0,0.0,577.1042175292969,265.275805118585,0.09101381,0.0152435005,IIn_3368168
42.0,0.0,0.0,0.0,0.0,0.09101381,0.0152435005,IIn_3368168
45.0,0.0,0.0,0.0,0.0,0.09101381,0.0152435005,IIn_3368168
48.0,0.0,0.0,0.0,0.0,0.09101381,0.0152435005,IIn_3368168
51.0,106.60357666015625,37.44607162475586,0.0,0.0,0.09101381,0.0152435005,IIn_3368168
54.0,0.0,0.0,0.0,0.0,0.09101381,0.0152435005,IIn_3368168
57.0,0.0,0.0,0.0,0.0,0.09101381,0.0152435005,IIn_3368168
60.0,0.0,0.0,0.0,0.0,0.09101381,0.0152435005,IIn_3368168
63.0,0.0,0.0,0.0,0.0,0.09101381,0.0152435005,IIn_3368168
66.0,0.0,0.0,0.0,0.0,0.09101381,0.0152435005,IIn_3368168
69.0,0.0,0.0,0.0,0.0,0.09101381,0.0152435005,IIn_3368168
