relative_time,g_flux,g_uncert,r_flux,r_uncert,redshift,mwebv,id
-30.0,0.0,0.0,0.0,0.0,0.28217375,0.021363135,IIn_4896870
-27.0,55.62996292114258,61.647037506103516,0.0,0.0,0.28217375,0.021363135,IIn_4896870
-24.0,0.0,0.0,0.0,0.0,0.28217375,0.021363135,IIn_4896870
-21.0,0.0,0.0,0.0,0.0,0.28217375,0.021363135,IIn_4896870
-18.0,0.0,0.0,0.0,0.0,0.28217375,0.021363135,IIn_4896870
-15.0,0.0,0.0,158.9645233154297,149.382844413815,0.28217375,0.021363135,IIn_4896870
-12.0,161.1776885986328,91.18940734863281,3.6791670322418213,80.4315729187158,0.28217375,0.021363135,IIn_4896870
-9.0,-14.413099924723307,56.120829264322914,67.69091860453288,114.2216425335197,0.28217375,0.021363135,IIn_4896870
-6.0,0.0,0.0,280.54498291015625,162.7244415283203,0.28217375,0.021363135,IIn_4896870
-3.0,0.0,0.0,0.0,0.0,0.28217375,0.021363135,IIn_4896870
0.0,175.91900634765625,21.54156494140625,311.2502136230469,55.02923812968939,0.28217375,0.021363135,IIn_4896870
3.0,0.0,0.0,0.0,0.0,0.28217375,0.021363135,IIn_4896870
6.0,0.0,0.0,0.0,0.0,0.28217375,0.021363135,IIn_4896870
9.0,0.0,0.0,0.0,0.0,0.28217375,0.021363135,IIn_4896870
12.0,0.0,0.0,0.0,0.0,0.28217375,0.021363135,IIn_4896870
15.0,0.0,0.0,0.0,0.0,0.28217375,0.021363135,IIn_4896870
18.0,0.0,0.0,0.0,0.0,0.28217375,0.021363135,IIn_4896870
21.0,0.0,0.0,0.0,0.0,0.28217375,0.021363135,IIn_4896870
24.0,0.0,0.0,0.0,0.0,0.28217375,0.021363135,IIn_4896870
27.0,0.0,0.0,0.0,0.0,0.28217375,0.021363135,IIn_4896870
30.0,0.0,0.0,0.0,0.0,0.28217375,0.021363135,IIn_4896870
33.0,0.0,0.0,0.0,0.0,0.28217375,0.021363135,IIn_4896870
36.0,0.0,0.0,0.0,0.0,0.28217375,0.021363135,IIn_4896870
39.0,0.0,0.0,0.0,0.0,0.28217375,0.021363135,IIn_4896870
42.0,0.0,0.0,0.0,0.0,0.28217375,0.021363135,IIn_4896870
45.0,0.0,0.0,0.0,0.0,0.28217375,0.021363135,IIn_4896870
48.0,0.0,0.0,0.0,0.0,0.28217375,0.021363135,IIn_4896870
51.0,0.0,0.0,0.0,0.0,0.28217375,0.021363135,IIn_4896870
54.0,0.0,0.0,0.0,0.0,0.28217375,0.021363135,IIn_4896870
57.0,0.0,0.0,0.0,0.0,0.28217375,0.021363135,IIn_4896870
60.0,0.0,0.0,0.0,0.0,0.28217375,0.021363135,IIn_4896870
63.0,0.0,0.0,0.0,0.0,0.28217375,0.021363135,IIn_4896870
66.0,0.0,0.0,0.0,0.0,0.28217375,0.021363135,IIn_4896870
69.0,0.0,0.0,0.0,0.0,0.28217375,0.021363135,IIn_4896870
