relative_time,g_flux,g_uncert,r_flux,r_uncert,redshift,mwebv,id
-30.0,0.0,0.0,0.0,0.0,0.11670182,0.019630639,IIn_4368085
-27.0,0.0,0.0,0.0,0.0,0.11670182,0.019630639,IIn_4368085
-24.0,0.0,0.0,541.25634765625,102.34893035888672,0.11670182,0.019630639,IIn_4368085
-21.0,0.0,0.0,361.4098205566406,263.5950012207031,0.11670182,0.019630639,IIn_4368085
-18.0,0.0,0.0,954.5960083007812,118.68305969238281,0.11670182,0.019630639,IIn_4368085
-15.0,0.0,0.0,842.9022216796875,83.46064758300781,0.11670182,0.019630639,IIn_4368085
-12.0,0.0,0.0,0.0,0.0,0.11670182,0.019630639,IIn_4368085
-9.0,1138.5355834960938,240.14534759521484,0.0,0.0,0.11670182,0.019630639,IIn_4368085
-6.0,1010.1974487304688,211.76443481445312,0.0,0.0,0.11670182,0.019630639,IIn_4368085
-3.0,0.0,0.0,0.0,0.0,0.11670182,0.019630639,IIn_4368085
0.0,540.71875,68.01717376708984,565.1650390625,60.37658915678349,0.11670182,0.019630639,IIn_4368085
3.0,567.3128662109375,27.712190628051758,577.3912353515625,48.56006942941334,0.11670182,0.019630639,IIn_4368085
6.0,0.0,0.0,0.0,0.0,0.11670182,0.019630639,IIn_4368085
9.0,1131.735595703125,64.12991333007812,0.0,0.0,0.11670182,0.019630639,IIn_4368085
12.0,0.0,0.0,0.0,0.0,0.11670182,0.019630639,IIn_4368085
15.0,0.0,0.0,0.0,0.0,0.11670182,0.019630639,IIn_4368085
18.0,0.0,0.0,1220.703125,193.60003662109375,0.11670182,0.019630639,IIn_4368085
21.0,0.0,0.0,0.0,0.0,0.11670182,0.019630639,IIn_4368085
24.0,0.0,0.0,0.0,0.0,0.11670182,0.019630639,IIn_4368085
27.0,0.0,0.0,0.0,0.0,0.11670182,0.019630639,IIn_4368085
30.0,0.0,0.0,0.0,0.0,0.11670182,0.019630639,IIn_4368085
33.0,0.0,0.0,923.3984375,96.68354034423828,0.11670182,0.019630639,IIn_4368085
36.0,0.0,0.0,0.0,0.0,0.11670182,0.019630639,IIn_4368085
39.0,0.0,0.0,0.0,0.0,0.11670182,0.019630639,IIn_4368085
42.0,0.0,0.0,0.0,0.0,0.11670182,0.019630639,IIn_4368085
45.0,0.0,0.0,0.0,0.0,0.11670182,0.019630639,IIn_4368085
48.0,0.0,0.0,0.0,0.0,0.11670182,0.019630639,IIn_4368085
51.0,0.0,0.0,0.0,0.0,0.11670182,0.019630639,IIn_4368085
54.0,0.0,0.0,0.0,0.0,0.11670182,0.019630639,IIn_4368085
57.0,0.0,0.0,0.0,0.0,0.11670182,0.019630639,IIn_4368085
60.0,0.0,0.0,0.0,0.0,0.11670182,0.019630639,IIn_4368085
63.0,0.0,0.0,0.0,0.0,0.11670182,0.019630639,IIn_4368085
66.0,0.0,0.0,0.0,0.0,0.11670182,0.019630639,IIn_4368085
69.0,0.0,0.0,0.0,0.0,0.11670182,0.019630639,IIn_4368085
