relative_time,g_flux,g_uncert,r_flux,r_uncert,redshift,mwebv,id
-30.0,0.0,0.0,-514.5634155273438,305.88818359375,0.18610835,0.0131153,IIn_37841101
-27.0,-352.8985595703125,287.95806884765625,0.0,0.0,0.18610835,0.0131153,IIn_37841101
-24.0,0.0,0.0,0.0,0.0,0.18610835,0.0131153,IIn_37841101
-21.0,27.01560401916504,107.224365234375,235.0875701904297,383.6002066305841,0.18610835,0.0131153,IIn_37841101
-18.0,276.0684814453125,116.51825714111328,0.0,0.0,0.18610835,0.0131153,IIn_37841101
-15.0,1179.69677734375,388.4119567871094,0.0,0.0,0.18610835,0.0131153,IIn_37841101
-12.0,0.0,0.0,732.4909057617188,327.607177734375,0.18610835,0.0131153,IIn_37841101
-9.0,0.0,0.0,0.0,0.0,0.18610835,0.0131153,IIn_37841101
-6.0,713.4990234375,270.5770263671875,1282.9210205078125,235.50723490155517,0.18610835,0.0131153,IIn_37841101
-3.0,0.0,0.0,0.0,0.0,0.18610835,0.0131153,IIn_37841101
0.0,747.6116943359375,78.68348693847656,746.5377197265625,74.61860404494077,0.18610835,0.0131153,IIn_37841101
3.0,0.0,0.0,0.0,0.0,0.18610835,0.0131153,IIn_37841101
6.0,0.0,0.0,0.0,0.0,0.18610835,0.0131153,IIn_37841101
9.0,0.0,0.0,0.0,0.0,0.18610835,0.0131153,IIn_37841101
12.0,0.0,0.0,0.0,0.0,0.18610835,0.0131153,IIn_37841101
15.0,413.1114501953125,263.5391540527344,0.0,0.0,0.18610835,0.0131153,IIn_37841101
18.0,0.0,0.0,0.0,0.0,0.18610835,0.0131153,IIn_37841101
21.0,12.978259086608887,70.08294677734375,177.33143615722656,154.45014610557328,0.18610835,0.0131153,IIn_37841101
24.0,0.0,0.0,0.0,0.0,0.18610835,0.0131153,IIn_37841101
27.0,0.0,0.0,0.0,0.0,0.18610835,0.0131153,IIn_37841101
30.0,0.0,0.0,0.0,0.0,0.18610835,0.0131153,IIn_37841101
33.0,0.0,0.0,0.0,0.0,0.18610835,0.0131153,IIn_37841101
36.0,0.0,0.0,0.0,0.0,0.18610835,0.0131153,IIn_37841101
39.0,0.0,0.0,0.0,0.0,0.18610835,0.0131153,IIn_37841101
42.0,0.0,0.0,0.0,0.0,0.18610835,0.0131153,IIn_37841101
45.0,0.0,0.0,0.0,0.0,0.18610835,0.0131153,IIn_37841101
48.0,0.0,0.0,0.0,0.0,0.18610835,0.0131153,IIn_37841101
51.0,0.0,0.0,0.0,0.0,0.18610835,0.0131153,IIn_37841101
54.0,0.0,0.0,0.0,0.0,0.18610835,0.0131153,IIn_37841101
57.0,0.0,0.0,0.0,0.0,0.18610835,0.0131153,IIn_37841101
60.0,0.0,0.0,0.0,0.0,0.18610835,0.0131153,IIn_37841101
63.0,0.0,0.0,0.0,0.0,0.18610835,0.0131153,IIn_37841101
66.0,0.0,0.0,0.0,0.0,0.18610835,0.0131153,IIn_37841101
69.0,0.0,0.0,0.0,0.0,0.18610835,0.0131153,IIn_37841101
