relative_time,g_flux,g_uncert,r_flux,r_uncert,redshift,mwebv,id
-30.0,-15.699640274047852,56.020851135253906,170.43338012695312,108.06901884230453,0.17435504,0.10351812,IIn_1891891
-27.0,0.0,0.0,0.0,0.0,0.17435504,0.10351812,IIn_1891891
-24.0,0.0,0.0,0.0,0.0,0.17435504,0.10351812,IIn_1891891
-21.0,0.0,0.0,0.0,0.0,0.17435504,0.10351812,IIn_1891891
-18.0,0.0,0.0,0.0,0.0,0.17435504,0.10351812,IIn_1891891
-15.0,86.06685066223145,180.98756408691406,-69.37107181549072,162.29517928135272,0.17435504,0.10351812,IIn_1891891
-12.0,137.53832499186197,80.42076873779297,67.49067624409993,161.19525054930054,0.17435504,0.10351812,IIn_1891891
-9.0,328.0578918457031,43.09052276611328,204.3460922241211,95.85433792858163,0.17435504,0.10351812,IIn_1891891
-6.0,0.0,0.0,0.0,0.0,0.17435504,0.10351812,IIn_1891891
-3.0,0.0,0.0,0.0,0.0,0.17435504,0.10351812,IIn_1891891
0.0,338.3152262369792,40.177591959635414,583.7957967122396,98.11216213830353,0.17435504,0.10351812,IIn_1891891
3.0,0.0,0.0,0.0,0.0,0.17435504,0.10351812,IIn_1891891
6.0,0.0,0.0,0.0,0.0,0.17435504,0.10351812,IIn_1891891
9.0,0.0,0.0,0.0,0.0,0.17435504,0.10351812,IIn_1891891
12.0,0.0,0.0,0.0,0.0,0.17435504,0.10351812,IIn_1891891
15.0,0.0,0.0,0.0,0.0,0.17435504,0.10351812,IIn_1891891
18.0,0.0,0.0,0.0,0.0,0.17435504,0.10351812,IIn_1891891
21.0,0.0,0.0,0.0,0.0,0.17435504,0.10351812,IIn_1891891
24.0,0.0,0.0,0.0,0.0,0.17435504,0.10351812,IIn_1891891
27.0,0.0,0.0,0.0,0.0,0.17435504,0.10351812,IIn_1891891
30.0,0.0,0.0,0.0,0.0,0.17435504,0.10351812,IIn_1891891
33.0,0.0,0.0,0.0,0.0,0.17435504,0.10351812,IIn_1891891
36.0,0.0,0.0,0.0,0.0,0.17435504,0.10351812,IIn_1891891
39.0,0.0,0.0,0.0,0.0,0.17435504,0.10351812,IIn_1891891
42.0,0.0,0.0,0.0,0.0,0.17435504,0.10351812,IIn_1891891
45.0,0.0,0.0,0.0,0.0,0.17435504,0.10351812,IIn_1891891
48.0,0.0,0.0,0.0,0.0,0.17435504,0.10351812,IIn_1891891
51.0,0.0,0.0,0.0,0.0,0.17435504,0.10351812,IIn_1891891
54.0,0.0,0.0,0.0,0.0,0.17435504,0.10351812,IIn_1891891
57.0,0.0,0.0,0.0,0.0,0.17435504,0.10351812,IIn_1891891
60.0,0.0,0.0,0.0,0.0,0.17435504,0.10351812,IIn_1891891
63.0,0.0,0.0,0.0,0.0,0.17435504,0.10351812,IIn_1891891
66.0,0.0,0.0,0.0,0.0,0.17435504,0.10351812,IIn_1891891
69.0,0.0,0.0,0.0,0.0,0.17435504,0.10351812,IIn_1891891
