relative_time,g_flux,g_uncert,r_flux,r_uncert,redshift,mwebv,id
-30.0,0.0,0.0,0.0,0.0,0.067861184,0.06628948,IIn_242278
-27.0,0.0,0.0,0.0,0.0,0.067861184,0.06628948,IIn_242278
-24.0,0.0,0.0,0.0,0.0,0.067861184,0.06628948,IIn_242278
-21.0,1411.29638671875,107.33241271972656,0.0,0.0,0.067861184,0.06628948,IIn_242278
-18.0,729.8004150390625,107.9430923461914,459.49737548828125,232.9516550101257,0.067861184,0.06628948,IIn_242278
-15.0,937.54296875,313.4285583496094,0.0,0.0,0.067861184,0.06628948,IIn_242278
-12.0,0.0,0.0,0.0,0.0,0.067861184,0.06628948,IIn_242278
-9.0,0.0,0.0,657.0773315429688,292.32183837890625,0.067861184,0.06628948,IIn_242278
-6.0,0.0,0.0,0.0,0.0,0.067861184,0.06628948,IIn_242278
-3.0,0.0,0.0,0.0,0.0,0.067861184,0.06628948,IIn_242278
0.0,1041.9345703125,140.47225952148438,0.0,0.0,0.067861184,0.06628948,IIn_242278
3.0,0.0,0.0,0.0,0.0,0.067861184,0.06628948,IIn_242278
6.0,0.0,0.0,0.0,0.0,0.067861184,0.06628948,IIn_242278
9.0,0.0,0.0,0.0,0.0,0.067861184,0.06628948,IIn_242278
12.0,972.8347778320312,556.77978515625,405.92193603515625,467.51272890313885,0.067861184,0.06628948,IIn_242278
15.0,0.0,0.0,0.0,0.0,0.067861184,0.06628948,IIn_242278
18.0,495.7640686035156,81.23182678222656,371.3003234863281,91.8176580090122,0.067861184,0.06628948,IIn_242278
21.0,455.84527587890625,163.07806396484375,0.0,0.0,0.067861184,0.06628948,IIn_242278
24.0,0.0,0.0,0.0,0.0,0.067861184,0.06628948,IIn_242278
27.0,0.0,0.0,0.0,0.0,0.067861184,0.06628948,IIn_242278
30.0,0.0,0.0,446.1514892578125,409.7478942871094,0.067861184,0.06628948,IIn_242278
33.0,0.0,0.0,0.0,0.0,0.067861184,0.06628948,IIn_242278
36.0,0.0,0.0,0.0,0.0,0.067861184,0.06628948,IIn_242278
39.0,0.0,0.0,0.0,0.0,0.067861184,0.06628948,IIn_242278
42.0,0.0,0.0,0.0,0.0,0.067861184,0.06628948,IIn_242278
45.0,0.0,0.0,0.0,0.0,0.067861184,0.06628948,IIn_242278
48.0,0.0,0.0,0.0,0.0,0.067861184,0.06628948,IIn_242278
51.0,0.0,0.0,480.8135070800781,112.35939025878906,0.067861184,0.06628948,IIn_242278
54.0,0.0,0.0,0.0,0.0,0.067861184,0.06628948,IIn_242278
57.0,0.0,0.0,0.0,0.0,0.067861184,0.06628948,IIn_242278
60.0,186.1607208251953,163.27947998046875,-320.2182922363281,414.5376820089191,0.067861184,0.06628948,IIn_242278
63.0,5.799096584320068,173.7973175048828,112.18155670166016,196.4580138662161,0.067861184,0.06628948,IIn_242278
66.0,0.0,0.0,0.0,0.0,0.067861184,0.06628948,IIn_242278
69.0,0.0,0.0,0.0,0.0,0.067861184,0.06628948,IIn_242278
