relative_time,g_flux,g_uncert,r_flux,r_uncert,redshift,mwebv,id
-30.0,0.0,0.0,0.0,0.0,0.1246679,0.06382732,IIn_1083954
-27.0,0.0,0.0,0.0,0.0,0.1246679,0.06382732,IIn_1083954
-24.0,0.0,0.0,0.0,0.0,0.1246679,0.06382732,IIn_1083954
-21.0,0.0,0.0,0.0,0.0,0.1246679,0.06382732,IIn_1083954
-18.0,213.17857360839844,179.37939453125,-104.24775695800781,259.8145699845037,0.1246679,0.06382732,IIn_1083954
-15.0,62.490684509277344,357.71075439453125,-380.966064453125,342.6280211334197,0.1246679,0.06382732,IIn_1083954
-12.0,1193.9437255859375,562.6610717773438,-711.4694213867188,678.2938630297378,0.1246679,0.06382732,IIn_1083954
-9.0,182.4422607421875,85.20604705810547,196.1529083251953,94.3583266826133,0.1246679,0.06382732,IIn_1083954
-6.0,0.0,0.0,770.3941650390625,161.17913818359375,0.1246679,0.06382732,IIn_1083954
-3.0,0.0,0.0,0.0,0.0,0.1246679,0.06382732,IIn_1083954
0.0,1329.8685302734375,141.80213928222656,1297.341796875,190.6602906876592,0.1246679,0.06382732,IIn_1083954
3.0,0.0,0.0,2980.404541015625,239.73890686035156,0.1246679,0.06382732,IIn_1083954
6.0,1297.54931640625,157.57984924316406,1365.591064453125,161.81378452715944,0.1246679,0.06382732,IIn_1083954
9.0,0.0,0.0,0.0,0.0,0.1246679,0.06382732,IIn_1083954
12.0,0.0,0.0,0.0,0.0,0.1246679,0.06382732,IIn_1083954
15.0,0.0,0.0,0.0,0.0,0.1246679,0.06382732,IIn_1083954
18.0,0.0,0.0,0.0,0.0,0.1246679,0.06382732,IIn_1083954
21.0,0.0,0.0,0.0,0.0,0.1246679,0.06382732,IIn_1083954
24.0,0.0,0.0,0.0,0.0,0.1246679,0.06382732,IIn_1083954
27.0,0.0,0.0,0.0,0.0,0.1246679,0.06382732,IIn_1083954
30.0,0.0,0.0,0.0,0.0,0.1246679,0.06382732,IIn_1083954
33.0,-188.34716796875,198.10231018066406,35.01335525512695,248.12985053309762,0.1246679,0.06382732,IIn_1083954
36.0,0.0,0.0,0.0,0.0,0.1246679,0.06382732,IIn_1083954
39.0,0.0,0.0,0.0,0.0,0.1246679,0.06382732,IIn_1083954
42.0,0.0,0.0,0.0,0.0,0.1246679,0.06382732,IIn_1083954
45.0,0.0,0.0,0.0,0.0,0.1246679,0.06382732,IIn_1083954
48.0,0.0,0.0,0.0,0.0,0.1246679,0.06382732,IIn_1083954
51.0,0.0,0.0,0.0,0.0,0.1246679,0.06382732,IIn_1083954
54.0,0.0,0.0,0.0,0.0,0.1246679,0.06382732,IIn_1083954
57.0,0.0,0.0,0.0,0.0,0.1246679,0.06382732,IIn_1083954
60.0,0.0,0.0,0.0,0.0,0.1246679,0.06382732,IIn_1083954
63.0,0.0,0.0,0.0,0.0,0.1246679,0.06382732,IIn_1083954
66.0,0.0,0.0,0.0,0.0,0.1246679,0.06382732,IIn_1083954
69.0,0.0,0.0,0.0,0.0,0.1246679,0.06382732,IIn_1083954
