relative_time,g_flux,g_uncert,r_flux,r_uncert,redshift,mwebv,id
-30.0,28.291797637939453,26.066640853881836,-35.07020044326782,102.06574350864207,0.17813802,0.028751273,IIn_5713615
-27.0,70.7644362449646,135.5743408203125,-149.91241455078125,140.06211306551108,0.17813802,0.028751273,IIn_5713615
-24.0,0.0,0.0,86.86895751953125,108.76908111572266,0.17813802,0.028751273,IIn_5713615
-21.0,0.0,0.0,0.0,0.0,0.17813802,0.028751273,IIn_5713615
-18.0,0.0,0.0,0.0,0.0,0.17813802,0.028751273,IIn_5713615
-15.0,50.94522953033447,194.69020080566406,0.0,0.0,0.17813802,0.028751273,IIn_5713615
-12.0,12.787786483764648,52.321537017822266,18.67786979675293,99.69921848428666,0.17813802,0.028751273,IIn_5713615
-9.0,543.1303558349609,208.02216720581055,0.0,0.0,0.17813802,0.028751273,IIn_5713615
-6.0,438.86602783203125,166.34066772460938,0.0,0.0,0.17813802,0.028751273,IIn_5713615
-3.0,0.0,0.0,0.0,0.0,0.17813802,0.028751273,IIn_5713615
0.0,463.5733947753906,33.0986442565918,393.09735107421875,54.02089295451015,0.17813802,0.028751273,IIn_5713615
3.0,0.0,0.0,0.0,0.0,0.17813802,0.028751273,IIn_5713615
6.0,0.0,0.0,0.0,0.0,0.17813802,0.028751273,IIn_5713615
9.0,0.0,0.0,0.0,0.0,0.17813802,0.028751273,IIn_5713615
12.0,0.0,0.0,0.0,0.0,0.17813802,0.028751273,IIn_5713615
15.0,0.0,0.0,0.0,0.0,0.17813802,0.028751273,IIn_5713615
18.0,0.0,0.0,0.0,0.0,0.17813802,0.028751273,IIn_5713615
21.0,0.0,0.0,0.0,0.0,0.17813802,0.028751273,IIn_5713615
24.0,0.0,0.0,0.0,0.0,0.17813802,0.028751273,IIn_5713615
27.0,0.0,0.0,0.0,0.0,0.17813802,0.028751273,IIn_5713615
30.0,0.0,0.0,0.0,0.0,0.17813802,0.028751273,IIn_5713615
33.0,0.0,0.0,0.0,0.0,0.17813802,0.028751273,IIn_5713615
36.0,0.0,0.0,0.0,0.0,0.17813802,0.028751273,IIn_5713615
39.0,0.0,0.0,0.0,0.0,0.17813802,0.028751273,IIn_5713615
42.0,0.0,0.0,0.0,0.0,0.17813802,0.028751273,IIn_5713615
45.0,0.0,0.0,0.0,0.0,0.17813802,0.028751273,IIn_5713615
48.0,0.0,0.0,0.0,0.0,0.17813802,0.028751273,IIn_5713615
51.0,0.0,0.0,0.0,0.0,0.17813802,0.028751273,IIn_5713615
54.0,0.0,0.0,0.0,0.0,0.17813802,0.028751273,IIn_5713615
57.0,0.0,0.0,0.0,0.0,0.17813802,0.028751273,IIn_5713615
60.0,0.0,0.0,0.0,0.0,0.17813802,0.028751273,IIn_5713615
63.0,0.0,0.0,0.0,0.0,0.17813802,0.028751273,IIn_5713615
66.0,0.0,0.0,0.0,0.0,0.17813802,0.028751273,IIn_5713615
69.0,0.0,0.0,0.0,0.0,0.17813802,0.028751273,IIn_5713615
