relative_time,g_flux,g_uncert,r_flux,r_uncert,redshift,mwebv,id
-30.0,0.0,0.0,0.0,0.0,0.061168227,0.019795835,IIn_36527056
-27.0,0.0,0.0,0.0,0.0,0.061168227,0.019795835,IIn_36527056
-24.0,0.0,0.0,0.0,0.0,0.061168227,0.019795835,IIn_36527056
-21.0,0.0,0.0,0.0,0.0,0.061168227,0.019795835,IIn_36527056
-18.0,457.7067108154297,139.74857711791992,484.027587890625,80.13779252973923,0.061168227,0.019795835,IIn_36527056
-15.0,1005.9668579101562,238.3160858154297,0.0,0.0,0.061168227,0.019795835,IIn_36527056
-12.0,520.0204874674479,262.0590311686198,412.3374430338542,187.35555386760888,0.061168227,0.019795835,IIn_36527056
-9.0,633.038818359375,173.53719584147134,368.7445882161458,218.709472212573,0.061168227,0.019795835,IIn_36527056
-6.0,0.0,0.0,0.0,0.0,0.061168227,0.019795835,IIn_36527056
-3.0,0.0,0.0,0.0,0.0,0.061168227,0.019795835,IIn_36527056
0.0,370.5459289550781,28.26823139190674,418.9701843261719,52.170978498024816,0.061168227,0.019795835,IIn_36527056
3.0,0.0,0.0,0.0,0.0,0.061168227,0.019795835,IIn_36527056
6.0,0.0,0.0,0.0,0.0,0.061168227,0.019795835,IIn_36527056
9.0,0.0,0.0,0.0,0.0,0.061168227,0.019795835,IIn_36527056
12.0,0.0,0.0,0.0,0.0,0.061168227,0.019795835,IIn_36527056
15.0,0.0,0.0,0.0,0.0,0.061168227,0.019795835,IIn_36527056
18.0,0.0,0.0,0.0,0.0,0.061168227,0.019795835,IIn_36527056
21.0,0.0,0.0,0.0,0.0,0.061168227,0.019795835,IIn_36527056
24.0,0.0,0.0,0.0,0.0,0.061168227,0.019795835,IIn_36527056
27.0,0.0,0.0,0.0,0.0,0.061168227,0.019795835,IIn_36527056
30.0,0.0,0.0,0.0,0.0,0.061168227,0.019795835,IIn_36527056
33.0,0.0,0.0,0.0,0.0,0.061168227,0.019795835,IIn_36527056
36.0,0.0,0.0,0.0,0.0,0.061168227,0.019795835,IIn_36527056
39.0,0.0,0.0,0.0,0.0,0.061168227,0.019795835,IIn_36527056
42.0,0.0,0.0,0.0,0.0,0.061168227,0.019795835,IIn_36527056
45.0,0.0,0.0,0.0,0.0,0.061168227,0.019795835,IIn_36527056
48.0,0.0,0.0,0.0,0.0,0.061168227,0.019795835,IIn_36527056
51.0,0.0,0.0,0.0,0.0,0.061168227,0.019795835,IIn_36527056
54.0,0.0,0.0,0.0,0.0,0.061168227,0.019795835,IIn_36527056
57.0,0.0,0.0,0.0,0.0,0.061168227,0.019795835,IIn_36527056
60.0,0.0,0.0,0.0,0.0,0.061168227,0.019795835,IIn_36527056
63.0,0.0,0.0,0.0,0.0,0.061168227,0.019795835,IIn_36527056
66.0,0.0,0.0,0.0,0.0,0.061168227,0.019795835,IIn_36527056
69.0,0.0,0.0,0.0,0.0,0.061168227,0.019795835,IIn_36527056
