relative_time,g_flux,g_uncert,r_flux,r_uncert,redshift,mwebv,id
-30.0,0.0,0.0,0.0,0.0,0.026594555,0.17524645,IIn_26083503
-27.0,0.0,0.0,0.0,0.0,0.026594555,0.17524645,IIn_26083503
-24.0,-139.09518432617188,159.15611267089844,0.0,0.0,0.026594555,0.17524645,IIn_26083503
-21.0,36.79608917236328,42.72223663330078,10.901744842529297,60.264199359019976,0.026594555,0.17524645,IIn_26083503
-18.0,0.0,0.0,0.0,0.0,0.026594555,0.17524645,IIn_26083503
-15.0,0.0,0.0,0.0,0.0,0.026594555,0.17524645,IIn_26083503
-12.0,0.0,0.0,0.0,0.0,0.026594555,0.17524645,IIn_26083503
-9.0,0.0,0.0,0.0,0.0,0.026594555,0.17524645,IIn_26083503
-6.0,0.0,0.0,0.0,0.0,0.026594555,0.17524645,IIn_26083503
-3.0,0.0,0.0,0.0,0.0,0.026594555,0.17524645,IIn_26083503
0.0,2614.307861328125,132.80587768554688,4746.087890625,200.51347669017585,0.026594555,0.17524645,IIn_26083503
3.0,0.0,0.0,8303.0595703125,286.3486328125,0.026594555,0.17524645,IIn_26083503
6.0,1978.1900634765625,93.80292510986328,3905.511962890625,157.33132355156613,0.026594555,0.17524645,IIn_26083503
9.0,0.0,0.0,7348.0048828125,279.8059387207031,0.026594555,0.17524645,IIn_26083503
12.0,3012.271728515625,819.1900024414062,0.0,0.0,0.026594555,0.17524645,IIn_26083503
15.0,0.0,0.0,0.0,0.0,0.026594555,0.17524645,IIn_26083503
18.0,0.0,0.0,0.0,0.0,0.026594555,0.17524645,IIn_26083503
21.0,0.0,0.0,0.0,0.0,0.026594555,0.17524645,IIn_26083503
24.0,0.0,0.0,0.0,0.0,0.026594555,0.17524645,IIn_26083503
27.0,0.0,0.0,0.0,0.0,0.026594555,0.17524645,IIn_26083503
30.0,0.0,0.0,0.0,0.0,0.026594555,0.17524645,IIn_26083503
33.0,0.0,0.0,4028.99365234375,805.7691040039062,0.026594555,0.17524645,IIn_26083503
36.0,0.0,0.0,0.0,0.0,0.026594555,0.17524645,IIn_26083503
39.0,0.0,0.0,0.0,0.0,0.026594555,0.17524645,IIn_26083503
42.0,0.0,0.0,0.0,0.0,0.026594555,0.17524645,IIn_26083503
45.0,1533.5406494140625,326.5009460449219,0.0,0.0,0.026594555,0.17524645,IIn_26083503
48.0,0.0,0.0,0.0,0.0,0.026594555,0.17524645,IIn_26083503
51.0,0.0,0.0,0.0,0.0,0.026594555,0.17524645,IIn_26083503
54.0,0.0,0.0,0.0,0.0,0.026594555,0.17524645,IIn_26083503
57.0,0.0,0.0,0.0,0.0,0.026594555,0.17524645,IIn_26083503
60.0,0.0,0.0,0.0,0.0,0.026594555,0.17524645,IIn_26083503
63.0,0.0,0.0,0.0,0.0,0.026594555,0.17524645,IIn_26083503
66.0,0.0,0.0,0.0,0.0,0.026594555,0.17524645,IIn_26083503
69.0,0.0,0.0,0.0,0.0,0.026594555,0.17524645,IIn_26083503
