relative_time,g_flux,g_uncert,r_flux,r_uncert,redshift,mwebv,id
-30.0,67.32447052001953,80.65943908691406,0.0,0.0,0.18555336,0.01632915,IIn_5658718
-27.0,0.0,0.0,0.0,0.0,0.18555336,0.01632915,IIn_5658718
-24.0,0.0,0.0,81.52203369140625,108.63714599609375,0.18555336,0.01632915,IIn_5658718
-21.0,-21.952281951904297,30.112577438354492,8.737452507019043,57.4731042268108,0.18555336,0.01632915,IIn_5658718
-18.0,0.0,0.0,-48.184730529785156,70.02676883296391,0.18555336,0.01632915,IIn_5658718
-15.0,0.0,0.0,0.0,0.0,0.18555336,0.01632915,IIn_5658718
-12.0,0.0,0.0,-47.61137771606445,119.75496673583984,0.18555336,0.01632915,IIn_5658718
-9.0,258.6712951660156,183.87799072265625,219.8573760986328,87.8766619795106,0.18555336,0.01632915,IIn_5658718
-6.0,217.1722412109375,35.51543172200521,312.33685302734375,87.30747201898868,0.18555336,0.01632915,IIn_5658718
-3.0,0.0,0.0,0.0,0.0,0.18555336,0.01632915,IIn_5658718
0.0,1223.988525390625,168.0886993408203,0.0,0.0,0.18555336,0.01632915,IIn_5658718
3.0,0.0,0.0,0.0,0.0,0.18555336,0.01632915,IIn_5658718
6.0,0.0,0.0,0.0,0.0,0.18555336,0.01632915,IIn_5658718
9.0,0.0,0.0,0.0,0.0,0.18555336,0.01632915,IIn_5658718
12.0,0.0,0.0,559.2040405273438,125.67815399169922,0.18555336,0.01632915,IIn_5658718
15.0,81.52779388427734,43.64691925048828,606.4474487304688,225.24197288803498,0.18555336,0.01632915,IIn_5658718
18.0,87.75655364990234,28.259164810180664,436.1890640258789,292.247658300583,0.18555336,0.01632915,IIn_5658718
21.0,0.0,0.0,0.0,0.0,0.18555336,0.01632915,IIn_5658718
24.0,0.0,0.0,0.0,0.0,0.18555336,0.01632915,IIn_5658718
27.0,8.831729253133139,13.198431650797525,131.84859212239584,48.07469573189546,0.18555336,0.01632915,IIn_5658718
30.0,0.0,0.0,0.0,0.0,0.18555336,0.01632915,IIn_5658718
33.0,0.0,0.0,0.0,0.0,0.18555336,0.01632915,IIn_5658718
36.0,0.0,0.0,0.0,0.0,0.18555336,0.01632915,IIn_5658718
39.0,0.0,0.0,0.0,0.0,0.18555336,0.01632915,IIn_5658718
42.0,0.0,0.0,0.0,0.0,0.18555336,0.01632915,IIn_5658718
45.0,0.0,0.0,0.0,0.0,0.18555336,0.01632915,IIn_5658718
48.0,0.0,0.0,0.0,0.0,0.18555336,0.01632915,IIn_5658718
51.0,0.0,0.0,0.0,0.0,0.18555336,0.01632915,IIn_5658718
54.0,0.0,0.0,0.0,0.0,0.18555336,0.01632915,IIn_5658718
57.0,0.0,0.0,0.0,0.0,0.18555336,0.01632915,IIn_5658718
60.0,0.0,0.0,0.0,0.0,0.18555336,0.01632915,IIn_5658718
63.0,0.0,0.0,0.0,0.0,0.18555336,0.01632915,IIn_5658718
66.0,0.0,0.0,0.0,0.0,0.18555336,0.01632915,IIn_5658718
69.0,0.0,0.0,0.0,0.0,0.18555336,0.01632915,IIn_5658718
